#
# There is insufficient memory for the Java Runtime Environment to continue.
# Native memory allocation (mmap) failed to map 65536 bytes for Failed to commit metaspace.
# Possible reasons:
#   The system is out of physical RAM or swap space
#   The process is running with CompressedOops enabled, and the Java Heap may be blocking the growth of the native heap
# Possible solutions:
#   Reduce memory load on the system
#   Increase physical memory or swap space
#   Check if swap backing store is full
#   Decrease Java heap size (-Xmx/-Xms)
#   Decrease number of Java threads
#   Decrease Java thread stack sizes (-Xss)
#   Set larger code cache with -XX:ReservedCodeCacheSize=
#   JVM is running with Zero Based Compressed Oops mode in which the Java heap is
#     placed in the first 32GB address space. The Java Heap base address is the
#     maximum limit for the native heap growth. Please use -XX:HeapBaseMinAddress
#     to set the Java Heap base and to place the Java Heap above 32GB virtual address.
# This output file may be truncated or incomplete.
#
#  Out of Memory Error (virtualSpaceNode.cpp:112), pid=27012, tid=24408
#
# JRE version: Java(TM) SE Runtime Environment (21.0.10+8) (build 21.0.10+8-LTS-217)
# Java VM: Java HotSpot(TM) 64-Bit Server VM (21.0.10+8-LTS-217, mixed mode, sharing, tiered, compressed oops, compressed class ptrs, g1 gc, windows-amd64)
# No core dump will be written. Minidumps are not enabled by default on client versions of Windows
#

---------------  S U M M A R Y ------------

Command Line: --module-path=C:\Users\Razza\.m2\repository\org\openjfx\javafx-base\21.0.1\javafx-base-21.0.1-win.jar;C:\Users\Razza\.m2\repository\org\openjfx\javafx-base\21.0.1\javafx-base-21.0.1.jar;C:\Users\Razza\.m2\repository\org\openjfx\javafx-controls\21.0.1\javafx-controls-21.0.1-win.jar;C:\Users\Razza\.m2\repository\org\openjfx\javafx-controls\21.0.1\javafx-controls-21.0.1.jar;C:\Users\Razza\.m2\repository\org\openjfx\javafx-fxml\21.0.1\javafx-fxml-21.0.1-win.jar;C:\Users\Razza\.m2\repository\org\openjfx\javafx-fxml\21.0.1\javafx-fxml-21.0.1.jar;C:\Users\Razza\.m2\repository\org\openjfx\javafx-graphics\21.0.1\javafx-graphics-21.0.1-win.jar;C:\Users\Razza\.m2\repository\org\openjfx\javafx-graphics\21.0.1\javafx-graphics-21.0.1.jar;C:\Users\Razza\.m2\repository\org\openjfx\javafx-swing\21.0.1\javafx-swing-21.0.1-win.jar;C:\Users\Razza\.m2\repository\org\openjfx\javafx-swing\21.0.1\javafx-swing-21.0.1.jar --add-modules=javafx.base,javafx.controls,javafx.fxml,javafx.graphics,javafx.swing com.example.Launcher

Host: AMD Ryzen 5 7520U with Radeon Graphics         , 8 cores, 15G,  Windows 11 , 64 bit Build 26100 (10.0.26100.7019)
Time: Fri Apr 24 11:02:03 2026 Malay Peninsula Standard Time elapsed time: 0.996887 seconds (0d 0h 0m 0s)

---------------  T H R E A D  ---------------

Current thread (0x000001d0e64fd360):  JavaThread "JavaFX Application Thread"        [_thread_in_vm, id=24408, stack(0x000000761d500000,0x000000761d600000) (1024K)]

Stack: [0x000000761d500000,0x000000761d600000]
Native frames: (J=compiled Java code, j=interpreted, Vv=VM code, C=native code)
V  [jvm.dll+0x6d0b59]
V  [jvm.dll+0x85fd56]
V  [jvm.dll+0x86224e]
V  [jvm.dll+0x862923]
V  [jvm.dll+0x282a16]
V  [jvm.dll+0x85bade]
V  [jvm.dll+0x674a44]
V  [jvm.dll+0x1e7c48]
V  [jvm.dll+0x1e7a0e]
V  [jvm.dll+0x67736f]
V  [jvm.dll+0x6771a2]
V  [jvm.dll+0x67541e]
V  [jvm.dll+0x3c43e3]
V  [jvm.dll+0x210cfb]
V  [jvm.dll+0x5b2949]
V  [jvm.dll+0x7d9d26]
V  [jvm.dll+0x475878]
V  [jvm.dll+0x47b4c8]
C  [java.dll+0x1818]

Java frames: (J=compiled Java code, j=interpreted, Vv=VM code)
J 765  java.lang.ClassLoader.defineClass1(Ljava/lang/ClassLoader;Ljava/lang/String;[BIILjava/security/ProtectionDomain;Ljava/lang/String;)Ljava/lang/Class; java.base@21.0.10 (0 bytes) @ 0x000001d0d785bc91 [0x000001d0d785bbc0+0x00000000000000d1]
J 987 c1 java.lang.ClassLoader.defineClass(Ljava/lang/String;[BIILjava/security/ProtectionDomain;)Ljava/lang/Class; java.base@21.0.10 (43 bytes) @ 0x000001d0cfebdb0c [0x000001d0cfebd7a0+0x000000000000036c]
J 1010 c1 java.lang.ClassLoader.defineClass(Ljava/lang/String;Ljava/nio/ByteBuffer;Ljava/security/ProtectionDomain;)Ljava/lang/Class; java.base@21.0.10 (108 bytes) @ 0x000001d0cfecd4f4 [0x000001d0cfeccca0+0x0000000000000854]
J 1021 c1 java.security.SecureClassLoader.defineClass(Ljava/lang/String;Ljava/nio/ByteBuffer;Ljava/security/CodeSource;)Ljava/lang/Class; java.base@21.0.10 (12 bytes) @ 0x000001d0cfed1e8c [0x000001d0cfed1dc0+0x00000000000000cc]
J 971 c1 jdk.internal.loader.BuiltinClassLoader.defineClass(Ljava/lang/String;Ljdk/internal/loader/BuiltinClassLoader$LoadedModule;)Ljava/lang/Class; java.base@21.0.10 (162 bytes) @ 0x000001d0cfeb1034 [0x000001d0cfeaf400+0x0000000000001c34]
J 839 c1 jdk.internal.loader.BuiltinClassLoader.loadClassOrNull(Ljava/lang/String;Z)Ljava/lang/Class; java.base@21.0.10 (143 bytes) @ 0x000001d0cfe720bc [0x000001d0cfe71b60+0x000000000000055c]
J 945 c1 jdk.internal.loader.ClassLoaders$AppClassLoader.loadClass(Ljava/lang/String;Z)Ljava/lang/Class; java.base@21.0.10 (40 bytes) @ 0x000001d0cfea3e64 [0x000001d0cfea3c80+0x00000000000001e4]
J 842 c1 java.lang.ClassLoader.loadClass(Ljava/lang/String;)Ljava/lang/Class; java.base@21.0.10 (7 bytes) @ 0x000001d0cfe73ed4 [0x000001d0cfe73dc0+0x0000000000000114]
v  ~StubRoutines::call_stub 0x000001d0d727100d
j  com.example.App.createLoginScene()Ljavafx/scene/Scene;+178
j  com.example.App.start(Ljavafx/stage/Stage;)V+228
j  com.sun.javafx.application.LauncherImpl.lambda$launchApplication1$9(Ljava/util/concurrent/atomic/AtomicBoolean;Ljavafx/application/Application;)V+20 javafx.graphics@21.0.1
j  com.sun.javafx.application.LauncherImpl$$Lambda+0x000001d08109e070.run()V+8 javafx.graphics@21.0.1
j  com.sun.javafx.application.PlatformImpl.lambda$runAndWait$12(Ljava/lang/Runnable;Ljava/util/concurrent/CountDownLatch;)V+1 javafx.graphics@21.0.1
j  com.sun.javafx.application.PlatformImpl$$Lambda+0x000001d0810859a0.run()V+8 javafx.graphics@21.0.1
j  com.sun.javafx.application.PlatformImpl.lambda$runLater$10(Ljava/lang/Runnable;)Ljava/lang/Void;+1 javafx.graphics@21.0.1
j  com.sun.javafx.application.PlatformImpl$$Lambda+0x000001d0810867f0.run()Ljava/lang/Object;+4 javafx.graphics@21.0.1
j  java.security.AccessController.executePrivileged(Ljava/security/PrivilegedAction;Ljava/security/AccessControlContext;Ljava/lang/Class;)Ljava/lang/Object;+29 java.base@21.0.10
j  java.security.AccessController.doPrivileged(Ljava/security/PrivilegedAction;Ljava/security/AccessControlContext;)Ljava/lang/Object;+13 java.base@21.0.10
j  com.sun.javafx.application.PlatformImpl.lambda$runLater$11(Ljava/lang/Runnable;Ljava/security/AccessControlContext;)V+7 javafx.graphics@21.0.1
j  com.sun.javafx.application.PlatformImpl$$Lambda+0x000001d081085f90.run()V+8 javafx.graphics@21.0.1
j  com.sun.glass.ui.InvokeLaterDispatcher$Future.run()V+4 javafx.graphics@21.0.1
v  ~StubRoutines::call_stub 0x000001d0d727100d
j  com.sun.glass.ui.win.WinApplication._runLoop(Ljava/lang/Runnable;)V+0 javafx.graphics@21.0.1
j  com.sun.glass.ui.win.WinApplication.lambda$runLoop$3(ILjava/lang/Runnable;)V+8 javafx.graphics@21.0.1
j  com.sun.glass.ui.win.WinApplication$$Lambda+0x000001d08102db60.run()V+12 javafx.graphics@21.0.1
j  java.lang.Thread.runWith(Ljava/lang/Object;Ljava/lang/Runnable;)V+5 java.base@21.0.10
j  java.lang.Thread.run()V+19 java.base@21.0.10
v  ~StubRoutines::call_stub 0x000001d0d727100d

Compiled method (n/a)    1037  765     n 0       java.lang.ClassLoader::defineClass1 (native)
 total in heap  [0x000001d0d785ba10,0x000001d0d785c070] = 1632
 relocation     [0x000001d0d785bb70,0x000001d0d785bba8] = 56
 main code      [0x000001d0d785bbc0,0x000001d0d785c06f] = 1199
 stub code      [0x000001d0d785c06f,0x000001d0d785c070] = 1

[Constant Pool (empty)]

[MachCode]
[Entry Point]
  # {method} {0x000001d0804396f0} 'defineClass1' '(Ljava/lang/ClassLoader;Ljava/lang/String;[BIILjava/security/ProtectionDomain;Ljava/lang/String;)Ljava/lang/Class;' in 'java/lang/ClassLoader'
  # parm0:    rdx:rdx   = 'java/lang/ClassLoader'
  # parm1:    r8:r8     = 'java/lang/String'
  # parm2:    r9:r9     = '[B'
  # parm3:    rdi       = int
  # parm4:    rsi       = int
  # parm5:    rcx:rcx   = 'java/security/ProtectionDomain'
  # parm6:    [sp+0xa0]   = 'java/lang/String'  (sp of caller)
  0x000001d0d785bbc0: 448b 5208 | 49bb 0000 | 0080 d001 | 0000 4d03 | d349 3bc2 | 0f84 0600 

  0x000001d0d785bbd8: ;   {runtime_call ic_miss_stub}
  0x000001d0d785bbd8: 0000 e9a1 | 2ba6 ff90 
[Verified Entry Point]
  0x000001d0d785bbe0: 8984 2400 | 80ff ff55 | 488b ec48 | 81ec 9000 | 0000 6690 | 4181 7f20 | 0100 0000 

  0x000001d0d785bbfc: ;   {runtime_call StubRoutines (final stubs)}
  0x000001d0d785bbfc: 7405 e85d | 91a4 ff48 | 837d 1000 | 488d 4510 | 480f 4445 | 1048 8944 | 2440 4889 | 4c24 7048 
  0x000001d0d785bc1c: 83f9 0048 | 8d44 2470 | 480f 4444 | 2470 4889 | 4424 3848 | 8974 2430 | 4889 7c24 | 284c 894c 
  0x000001d0d785bc3c: 2458 4983 | f900 488d | 4424 5848 | 0f44 4424 | 5848 8944 | 2420 4c89 | 4424 5049 | 83f8 004c 
  0x000001d0d785bc5c: 8d4c 2450 | 4c0f 444c | 2450 4889 | 5424 4848 | 83fa 004c | 8d44 2448 | 4c0f 4444 

  0x000001d0d785bc78: ;   {oop(a 'java/lang/Class'{0x0000000719c21bc8} = 'java/lang/ClassLoader')}
  0x000001d0d785bc78: 2448 49be | c81b c219 | 0700 0000 | 4c89 7424 | 784c 8d74 | 2478 498b | d6c5 f877 

  0x000001d0d785bc94: ;   {internal_word}
  0x000001d0d785bc94: 49ba 91bc | 85d7 d001 | 0000 4d89 | 97a8 0300 | 0049 89a7 | a003 0000 

  0x000001d0d785bcac: ;   {external_word}
  0x000001d0d785bcac: 49ba a318 | 10fd f97f | 0000 4180 | 3a00 0f84 | 4e00 0000 | 5241 5041 

  0x000001d0d785bcc4: ;   {metadata({method} {0x000001d0804396f0} 'defineClass1' '(Ljava/lang/ClassLoader;Ljava/lang/String;[BIILjava/security/ProtectionDomain;Ljava/lang/String;)Ljava/lang/Class;' in 'java/lang/ClassLoader')}
  0x000001d0d785bcc4: 5148 bae8 | 9643 80d0 | 0100 0049 | 8bcf 4883 | ec20 40f6 | c40f 0f84 | 1900 0000 | 4883 ec08 
  0x000001d0d785bce4: ;   {runtime_call}
  0x000001d0d785bce4: 48b8 1079 | c0fc f97f | 0000 ffd0 | 4883 c408 | e90c 0000 

  0x000001d0d785bcf8: ;   {runtime_call}
  0x000001d0d785bcf8: 0048 b810 | 79c0 fcf9 | 7f00 00ff | d048 83c4 | 2041 5941 | 585a 498d | 8fc0 0300 | 0041 c787 
  0x000001d0d785bd18: 4c04 0000 | 0400 0000 

  0x000001d0d785bd20: ;   {runtime_call}
  0x000001d0d785bd20: 48b8 d016 | 5e68 fa7f | 0000 ffd0 | c5f8 7741 | c787 4c04 | 0000 0500 | 0000 f083 | 4424 c000 
  0x000001d0d785bd40: 493b af50 | 0400 000f | 870e 0000 | 0041 83bf | 4804 0000 | 000f 842b | 0000 00c5 | f877 4889 
  0x000001d0d785bd60: 45f8 498b | cf4c 8be4 | 4883 ec20 | 4883 e4f0 

  0x000001d0d785bd70: ;   {runtime_call}
  0x000001d0d785bd70: 48b8 501b | 8cfc f97f | 0000 ffd0 | 498b e44d | 33e4 488b | 45f8 41c7 | 874c 0400 | 0008 0000 
  0x000001d0d785bd90: 0041 83bf | c804 0000 | 020f 84a3 

  0x000001d0d785bd9c: ;   {external_word}
  0x000001d0d785bd9c: 0200 0049 | baa3 1810 | fdf9 7f00 | 0041 803a | 000f 844c | 0000 0048 

  0x000001d0d785bdb4: ;   {metadata({method} {0x000001d0804396f0} 'defineClass1' '(Ljava/lang/ClassLoader;Ljava/lang/String;[BIILjava/security/ProtectionDomain;Ljava/lang/String;)Ljava/lang/Class;' in 'java/lang/ClassLoader')}
  0x000001d0d785bdb4: 8945 f848 | bae8 9643 | 80d0 0100 | 0049 8bcf | 4883 ec20 | 40f6 c40f | 0f84 1900 | 0000 4883 
  0x000001d0d785bdd4: ;   {runtime_call}
  0x000001d0d785bdd4: ec08 48b8 | 1079 c0fc | f97f 0000 | ffd0 4883 | c408 e90c 

  0x000001d0d785bde8: ;   {runtime_call}
  0x000001d0d785bde8: 0000 0048 | b810 79c0 | fcf9 7f00 | 00ff d048 | 83c4 2048 | 8b45 f849 | c787 a003 | 0000 0000 
  0x000001d0d785be08: 0000 49c7 | 87a8 0300 | 0000 0000 | 00c5 f877 | 4885 c00f | 84fe 0100 | 00a8 030f | 8508 0000 
  0x000001d0d785be28: 0048 8b00 | e9ee 0100 | 00a8 010f | 8509 0000 | 0048 8b40 | fee9 dd01 | 0000 488b | 40ff 4180 
  0x000001d0d785be48: 7f40 000f | 84ce 0100 | 0048 83f8 | 000f 84c4 | 0100 0049 | 8b4f 2848 | 83f9 000f | 8414 0000 
  0x000001d0d785be68: 0048 83e9 | 0849 894f | 2849 034f | 3848 8901 | e9a2 0100 | 0048 81ec | d000 0000 | 4889 0424 
  0x000001d0d785be88: 4889 4c24 | 0848 8954 | 2410 4889 | 7424 1848 | 897c 2420 | 4c89 4424 | 284c 894c | 2430 4c89 
  0x000001d0d785bea8: 5424 384c | 895c 2440 | c5fb 1144 | 2450 c5fb | 114c 2458 | c5fb 1154 | 2460 c5fb | 115c 2468 
  0x000001d0d785bec8: c5fb 1164 | 2470 c5fb | 116c 2478 | c5fb 11b4 | 2480 0000 | 00c5 fb11 | bc24 8800 | 0000 c57b 
  0x000001d0d785bee8: ;   {no_reloc}
  0x000001d0d785bee8: 1184 2490 | 0000 00c5 | 7b11 8c24 | 9800 0000 | c57b 1194 | 24a0 0000 | 00c5 7b11 | 9c24 a800 
  0x000001d0d785bf08: 0000 c57b | 11a4 24b0 | 0000 00c5 | 7b11 ac24 | b800 0000 | c57b 11b4 | 24c0 0000 | 00c5 7b11 
  0x000001d0d785bf28: bc24 c800 | 0000 498b | d748 8bc8 | 4883 ec20 | 40f6 c40f | 0f84 1900 | 0000 4883 

  0x000001d0d785bf44: ;   {runtime_call}
  0x000001d0d785bf44: ec08 48b8 | 206b 7ffc | f97f 0000 | ffd0 4883 | c408 e90c 

  0x000001d0d785bf58: ;   {runtime_call}
  0x000001d0d785bf58: 0000 0048 | b820 6b7f | fcf9 7f00 | 00ff d048 | 83c4 20c5 | 7b10 bc24 | c800 0000 | c57b 10b4 
  0x000001d0d785bf78: 24c0 0000 | 00c5 7b10 | ac24 b800 | 0000 c57b | 10a4 24b0 | 0000 00c5 | 7b10 9c24 | a800 0000 
  0x000001d0d785bf98: c57b 1094 | 24a0 0000 | 00c5 7b10 | 8c24 9800 | 0000 c57b | 1084 2490 | 0000 00c5 | fb10 bc24 
  0x000001d0d785bfb8: 8800 0000 | c5fb 10b4 | 2480 0000 | 00c5 fb10 | 6c24 78c5 | fb10 6424 | 70c5 fb10 | 5c24 68c5 
  0x000001d0d785bfd8: fb10 5424 | 60c5 fb10 | 4c24 58c5 | fb10 4424 | 504c 8b5c | 2440 4c8b | 5424 384c | 8b4c 2430 
  0x000001d0d785bff8: 4c8b 4424 | 2848 8b7c | 2420 488b | 7424 1848 | 8b54 2410 | 488b 4c24 | 0848 8b04 | 2448 81c4 
  0x000001d0d785c018: d000 0000 | c5f8 7749 | 8b8f 3004 | 0000 c781 | 0001 0000 | 0000 0000 | c949 837f | 0800 0f85 
  0x000001d0d785c038: 0100 0000 

  0x000001d0d785c03c: ;   {runtime_call StubRoutines (initial stubs)}
  0x000001d0d785c03c: c3e9 be4e | a1ff c5f8 | 7748 8945 | f84c 8be4 | 4883 ec20 | 4883 e4f0 

  0x000001d0d785c054: ;   {runtime_call}
  0x000001d0d785c054: 48b8 70b0 | c0fc f97f | 0000 ffd0 | 498b e44d | 33e4 488b | 45f8 e930 | fdff fff4 
[/MachCode]


Compiled method (c1)    1054  987       3       java.lang.ClassLoader::defineClass (43 bytes)
 total in heap  [0x000001d0cfebd590,0x000001d0cfebdef8] = 2408
 relocation     [0x000001d0cfebd6f0,0x000001d0cfebd790] = 160
 main code      [0x000001d0cfebd7a0,0x000001d0cfebdc50] = 1200
 stub code      [0x000001d0cfebdc50,0x000001d0cfebdcc8] = 120
 metadata       [0x000001d0cfebdcc8,0x000001d0cfebdcf8] = 48
 scopes data    [0x000001d0cfebdcf8,0x000001d0cfebdde8] = 240
 scopes pcs     [0x000001d0cfebdde8,0x000001d0cfebdec8] = 224
 dependencies   [0x000001d0cfebdec8,0x000001d0cfebded0] = 8
 nul chk table  [0x000001d0cfebded0,0x000001d0cfebdef8] = 40

[Constant Pool (empty)]

[MachCode]
[Entry Point]
  # {method} {0x000001d080439a70} 'defineClass' '(Ljava/lang/String;[BIILjava/security/ProtectionDomain;)Ljava/lang/Class;' in 'java/lang/ClassLoader'
  # this:     rdx:rdx   = 'java/lang/ClassLoader'
  # parm0:    r8:r8     = 'java/lang/String'
  # parm1:    r9:r9     = '[B'
  # parm2:    rdi       = int
  # parm3:    rsi       = int
  # parm4:    rcx:rcx   = 'java/security/ProtectionDomain'
  #           [sp+0xc0]  (sp of caller)
  0x000001d0cfebd7a0: 448b 5208 | 49bb 0000 | 0080 d001 | 0000 4d03 | d34c 3bd0 

  0x000001d0cfebd7b4: ;   {runtime_call ic_miss_stub}
  0x000001d0cfebd7b4: 0f85 c60f | 4007 660f | 1f44 0000 
[Verified Entry Point]
  0x000001d0cfebd7c0: 8984 2400 | 80ff ff55 | 4881 ecb0 | 0000 0090 | 4181 7f20 | 0100 0000 

  0x000001d0cfebd7d8: ;   {runtime_call StubRoutines (final stubs)}
  0x000001d0cfebd7d8: 7405 e881 | 753e 0748 | 8954 2478 

  0x000001d0cfebd7e4: ;   {metadata(method data for {method} {0x000001d080439a70} 'defineClass' '(Ljava/lang/String;[BIILjava/security/ProtectionDomain;)Ljava/lang/Class;' in 'java/lang/ClassLoader')}
  0x000001d0cfebd7e4: 48bb a8b9 | 16e7 d001 | 0000 8b83 | cc00 0000 | 83c0 0289 | 83cc 0000 | 0025 fe07 | 0000 85c0 
  0x000001d0cfebd804: 0f84 6803 | 0000 89b4 | 2494 0000 | 0089 bc24 | 9000 0000 | 4c89 8c24 | 8800 0000 

  0x000001d0cfebd820: ;   {metadata(method data for {method} {0x000001d080439a70} 'defineClass' '(Ljava/lang/String;[BIILjava/security/ProtectionDomain;)Ljava/lang/Class;' in 'java/lang/ClassLoader')}
  0x000001d0cfebd820: 488b da48 | b8a8 b916 | e7d0 0100 | 0048 8380 | 1001 0000 | 0149 8bd8 | 4c8b c34c | 8bc9 488b 
  0x000001d0cfebd840: ca48 8bd1 | 4889 9c24 | 8000 0000 

  0x000001d0cfebd84c: ;   {optimized virtual_call}
  0x000001d0cfebd84c: 6666 90e8 

  0x000001d0cfebd850: ; ImmutableOopMap {[120]=Oop [128]=Oop [136]=Oop }
                      ;*invokevirtual preDefineClass {reexecute=0 rethrow=0 return_oop=0}
                      ; - java.lang.ClassLoader::defineClass@4 (line 1025)
  0x000001d0cfebd850: 4c0a 0000 

  0x000001d0cfebd854: ;   {other}
  0x000001d0cfebd854: 0f1f 8400 | c402 0000 | 4889 8424 | 9800 0000 | 488b 5424 

  0x000001d0cfebd868: ;   {metadata(method data for {method} {0x000001d080439a70} 'defineClass' '(Ljava/lang/String;[BIILjava/security/ProtectionDomain;)Ljava/lang/Class;' in 'java/lang/ClassLoader')}
  0x000001d0cfebd868: 7849 b8a8 | b916 e7d0 | 0100 0049 | 8380 4801 

  0x000001d0cfebd878: ;   {metadata(method data for {method} {0x000001d080439758} 'defineClassSourceLocation' '(Ljava/security/ProtectionDomain;)Ljava/lang/String;' in 'java/lang/ClassLoader')}
  0x000001d0cfebd878: 0000 0149 | b8c0 c016 | e7d0 0100 | 0041 8b90 | cc00 0000 | 83c2 0241 | 8990 cc00 | 0000 81e2 
  0x000001d0cfebd898: feff 1f00 | 85d2 0f84 | ef02 0000 

  0x000001d0cfebd8a4: ; implicit exception: dispatches to 0x000001d0cfebdbb4
  0x000001d0cfebd8a4: 483b 004c 

  0x000001d0cfebd8a8: ;   {metadata(method data for {method} {0x000001d080439758} 'defineClassSourceLocation' '(Ljava/security/ProtectionDomain;)Ljava/lang/String;' in 'java/lang/ClassLoader')}
  0x000001d0cfebd8a8: 8bc0 48ba | c0c0 16e7 | d001 0000 | 4883 8210 | 0100 0001 | 448b 4010 | 49c1 e003 

  0x000001d0cfebd8c4: ;   {metadata(method data for {method} {0x000001d080439758} 'defineClassSourceLocation' '(Ljava/security/ProtectionDomain;)Ljava/lang/String;' in 'java/lang/ClassLoader')}
  0x000001d0cfebd8c4: 4d85 c048 | bac0 c016 | e7d0 0100 | 0048 be58 | 0100 0000 | 0000 0075 | 0a48 be48 | 0100 0000 
  0x000001d0cfebd8e4: 0000 0048 | 8b3c 3248 | 8d7f 0148 | 893c 320f | 850f 0000 

  0x000001d0cfebd8f8: ;   {oop(nullptr)}
  0x000001d0cfebd8f8: 0048 bb00 | 0000 0000 | 0000 00e9 | af01 0000 

  0x000001d0cfebd908: ; implicit exception: dispatches to 0x000001d0cfebdbb9
  0x000001d0cfebd908: 493b 0049 

  0x000001d0cfebd90c: ;   {metadata(method data for {method} {0x000001d080439758} 'defineClassSourceLocation' '(Ljava/security/ProtectionDomain;)Ljava/lang/String;' in 'java/lang/ClassLoader')}
  0x000001d0cfebd90c: 8bd0 48be | c0c0 16e7 | d001 0000 | 4883 8668 | 0100 0001 | 418b 500c | 48c1 e203 

  0x000001d0cfebd928: ;   {metadata(method data for {method} {0x000001d080439758} 'defineClassSourceLocation' '(Ljava/security/ProtectionDomain;)Ljava/lang/String;' in 'java/lang/ClassLoader')}
  0x000001d0cfebd928: 4885 d248 | bec0 c016 | e7d0 0100 | 0048 bfb0 | 0100 0000 | 0000 0075 | 0a48 bfa0 | 0100 0000 
  0x000001d0cfebd948: 0000 0048 | 8b1c 3e48 | 8d5b 0148 | 891c 3e0f | 850f 0000 

  0x000001d0cfebd95c: ;   {oop(nullptr)}
  0x000001d0cfebd95c: 0048 bb00 | 0000 0000 | 0000 00e9 | 4b01 0000 

  0x000001d0cfebd96c: ;   {metadata(method data for {method} {0x000001d080439758} 'defineClassSourceLocation' '(Ljava/security/ProtectionDomain;)Ljava/lang/String;' in 'java/lang/ClassLoader')}
  0x000001d0cfebd96c: 48be c0c0 | 16e7 d001 | 0000 4883 | 86c0 0100 | 0001 483b | 024c 8bc2 

  0x000001d0cfebd984: ;   {metadata(method data for {method} {0x000001d080439758} 'defineClassSourceLocation' '(Ljava/security/ProtectionDomain;)Ljava/lang/String;' in 'java/lang/ClassLoader')}
  0x000001d0cfebd984: 48be c0c0 | 16e7 d001 | 0000 4883 | 86f8 0100 

  0x000001d0cfebd994: ;   {metadata(method data for {method} {0x000001d08001a5d8} 'toString' '()Ljava/lang/String;' in 'java/net/URL')}
  0x000001d0cfebd994: 0001 49b8 | 80a8 16e7 | d001 0000 | 418b b0cc | 0000 0083 | c602 4189 | b0cc 0000 | 0081 e6fe 
  0x000001d0cfebd9b4: ff1f 0085 | f60f 8404 | 0200 004c 

  0x000001d0cfebd9c0: ;   {metadata(method data for {method} {0x000001d08001a5d8} 'toString' '()Ljava/lang/String;' in 'java/net/URL')}
  0x000001d0cfebd9c0: 8bc2 48be | 80a8 16e7 | d001 0000 | 4883 8610 | 0100 0001 

  0x000001d0cfebd9d4: ;   {metadata(method data for {method} {0x000001d08042d370} 'toExternalForm' '()Ljava/lang/String;' in 'java/net/URL')}
  0x000001d0cfebd9d4: 49b8 08aa | 16e7 d001 | 0000 418b | b0cc 0000 | 0083 c602 | 4189 b0cc | 0000 0081 | e6fe ff1f 
  0x000001d0cfebd9f4: 0085 f60f | 84e7 0100 | 008b 7238 | 48c1 e603 

  0x000001d0cfebda04: ; implicit exception: dispatches to 0x000001d0cfebdc05
  0x000001d0cfebda04: 483b 064c 

  0x000001d0cfebda08: ;   {metadata(method data for {method} {0x000001d08042d370} 'toExternalForm' '()Ljava/lang/String;' in 'java/net/URL')}
  0x000001d0cfebda08: 8bc6 48bf | 08aa 16e7 | d001 0000 | 458b 4008 | 49ba 0000 | 0080 d001 | 0000 4d03 | c24c 3b87 
  0x000001d0cfebda28: 2001 0000 | 750d 4883 | 8728 0100 | 0001 e960 | 0000 004c | 3b87 3001 | 0000 750d | 4883 8738 
  0x000001d0cfebda48: 0100 0001 | e94a 0000 | 0048 83bf | 2001 0000 | 0075 174c | 8987 2001 | 0000 48c7 | 8728 0100 
  0x000001d0cfebda68: 0001 0000 | 00e9 2900 | 0000 4883 | bf30 0100 | 0000 7517 | 4c89 8730 | 0100 0048 | c787 3801 
  0x000001d0cfebda88: 0000 0100 | 0000 e908 | 0000 0048 | 8387 1001 | 0000 014c | 8bc2 488b | d666 0f1f 

  0x000001d0cfebdaa4: ;   {optimized virtual_call}
  0x000001d0cfebdaa4: 4400 00e8 

  0x000001d0cfebdaa8: ; ImmutableOopMap {[120]=Oop [128]=Oop [136]=Oop [152]=Oop }
                      ;*invokevirtual toExternalForm {reexecute=0 rethrow=0 return_oop=0}
                      ; - java.net.URL::toExternalForm@5 (line 1203)
                      ; - java.net.URL::toString@1 (line 1189)
                      ; - java.lang.ClassLoader::defineClassSourceLocation@22 (line 927)
                      ; - java.lang.ClassLoader::defineClass@12 (line 1026)
  0x000001d0cfebdaa8: f4b9 ffff 

  0x000001d0cfebdaac: ;   {other}
  0x000001d0cfebdaac: 0f1f 8400 | 1c05 0001 | 488b d848 | 8b84 2498 | 0000 008b | b424 9400 | 0000 8bbc | 2490 0000 
  0x000001d0cfebdacc: 004c 8b8c | 2488 0000 | 004c 8b84 | 2480 0000 | 0048 8b54 

  0x000001d0cfebdae0: ;   {metadata(method data for {method} {0x000001d080439a70} 'defineClass' '(Ljava/lang/String;[BIILjava/security/ProtectionDomain;)Ljava/lang/Class;' in 'java/lang/ClassLoader')}
  0x000001d0cfebdae0: 2478 48b9 | a8b9 16e7 | d001 0000 | 4883 8180 | 0100 0001 | 4c8b da49 | 8bd3 488b | c848 891c 
  0x000001d0cfebdb00: 2466 0f1f 

  0x000001d0cfebdb04: ;   {static_call}
  0x000001d0cfebdb04: 4400 00e8 

  0x000001d0cfebdb08: ; ImmutableOopMap {[120]=Oop [152]=Oop }
                      ;*invokestatic defineClass1 {reexecute=0 rethrow=0 return_oop=0}
                      ; - java.lang.ClassLoader::defineClass@27 (line 1027)
  0x000001d0cfebdb08: d4e0 9907 

  0x000001d0cfebdb0c: ;   {other}
  0x000001d0cfebdb0c: 0f1f 8400 | 7c05 0002 | 488b 5424 

  0x000001d0cfebdb18: ;   {metadata(method data for {method} {0x000001d080439a70} 'defineClass' '(Ljava/lang/String;[BIILjava/security/ProtectionDomain;)Ljava/lang/Class;' in 'java/lang/ClassLoader')}
  0x000001d0cfebdb18: 7849 b8a8 | b916 e7d0 | 0100 0049 | 8380 9001 | 0000 014c | 8bc0 4c8b | 8c24 9800 | 0000 488b 
  0x000001d0cfebdb38: 5424 7848 | 8984 24a0 | 0000 000f 

  0x000001d0cfebdb44: ;   {optimized virtual_call}
  0x000001d0cfebdb44: 1f40 00e8 

  0x000001d0cfebdb48: ; ImmutableOopMap {[160]=Oop }
                      ;*invokevirtual postDefineClass {reexecute=0 rethrow=0 return_oop=0}
                      ; - java.lang.ClassLoader::defineClass@37 (line 1028)
  0x000001d0cfebdb48: 5496 0100 

  0x000001d0cfebdb4c: ;   {other}
  0x000001d0cfebdb4c: 0f1f 8400 | bc05 0003 | 488b 8424 | a000 0000 | 4881 c4b0 | 0000 005d 

  0x000001d0cfebdb64: ;   {poll_return}
  0x000001d0cfebdb64: 493b a750 | 0400 000f | 8799 0000 

  0x000001d0cfebdb70: ;   {metadata({method} {0x000001d080439a70} 'defineClass' '(Ljava/lang/String;[BIILjava/security/ProtectionDomain;)Ljava/lang/Class;' in 'java/lang/ClassLoader')}
  0x000001d0cfebdb70: 00c3 49ba | 689a 4380 | d001 0000 | 4c89 5424 | 0848 c704 | 24ff ffff 

  0x000001d0cfebdb88: ;   {runtime_call counter_overflow Runtime1 stub}
  0x000001d0cfebdb88: ffe8 72b8 

  0x000001d0cfebdb8c: ; ImmutableOopMap {rdx=Oop r8=Oop r9=Oop rcx=Oop [120]=Oop }
                      ;*synchronization entry
                      ; - java.lang.ClassLoader::defineClass@-1 (line 1025)
  0x000001d0cfebdb8c: 4c07 e977 

  0x000001d0cfebdb90: ;   {metadata({method} {0x000001d080439758} 'defineClassSourceLocation' '(Ljava/security/ProtectionDomain;)Ljava/lang/String;' in 'java/lang/ClassLoader')}
  0x000001d0cfebdb90: fcff ff49 | ba50 9743 | 80d0 0100 | 004c 8954 | 2408 48c7 | 0424 ffff 

  0x000001d0cfebdba8: ;   {runtime_call counter_overflow Runtime1 stub}
  0x000001d0cfebdba8: ffff e851 

  0x000001d0cfebdbac: ; ImmutableOopMap {rax=Oop [120]=Oop [128]=Oop [136]=Oop [152]=Oop }
                      ;*synchronization entry
                      ; - java.lang.ClassLoader::defineClassSourceLocation@-1 (line 924)
                      ; - java.lang.ClassLoader::defineClass@12 (line 1026)
  0x000001d0cfebdbac: b84c 07e9 | f0fc ffff 

  0x000001d0cfebdbb4: ;   {runtime_call throw_null_pointer_exception Runtime1 stub}
  0x000001d0cfebdbb4: e8c7 624c 

  0x000001d0cfebdbb8: ; ImmutableOopMap {rax=Oop [120]=Oop [128]=Oop [136]=Oop [152]=Oop }
                      ;*invokevirtual getCodeSource {reexecute=0 rethrow=0 return_oop=0}
                      ; - java.lang.ClassLoader::defineClassSourceLocation@1 (line 924)
                      ; - java.lang.ClassLoader::defineClass@12 (line 1026)
                      ;   {runtime_call throw_null_pointer_exception Runtime1 stub}
  0x000001d0cfebdbb8: 07e8 c262 

  0x000001d0cfebdbbc: ; ImmutableOopMap {rax=Oop r8=Oop [120]=Oop [128]=Oop [136]=Oop [152]=Oop }
                      ;*invokevirtual getLocation {reexecute=0 rethrow=0 return_oop=0}
                      ; - java.lang.ClassLoader::defineClassSourceLocation@12 (line 926)
                      ; - java.lang.ClassLoader::defineClass@12 (line 1026)
                      ;   {runtime_call throw_null_pointer_exception Runtime1 stub}
  0x000001d0cfebdbbc: 4c07 e8bd 

  0x000001d0cfebdbc0: ; ImmutableOopMap {rdx=Oop [120]=Oop [128]=Oop [136]=Oop [152]=Oop }
                      ;*invokevirtual toString {reexecute=0 rethrow=0 return_oop=0}
                      ; - java.lang.ClassLoader::defineClassSourceLocation@22 (line 927)
                      ; - java.lang.ClassLoader::defineClass@12 (line 1026)
                      ;   {metadata({method} {0x000001d08001a5d8} 'toString' '()Ljava/lang/String;' in 'java/net/URL')}
  0x000001d0cfebdbc0: 624c 0749 | bad0 a501 | 80d0 0100 | 004c 8954 | 2408 48c7 | 0424 ffff 

  0x000001d0cfebdbd8: ;   {runtime_call counter_overflow Runtime1 stub}
  0x000001d0cfebdbd8: ffff e821 

  0x000001d0cfebdbdc: ; ImmutableOopMap {rdx=Oop [120]=Oop [128]=Oop [136]=Oop [152]=Oop }
                      ;*synchronization entry
                      ; - java.net.URL::toString@-1 (line 1189)
                      ; - java.lang.ClassLoader::defineClassSourceLocation@22 (line 927)
                      ; - java.lang.ClassLoader::defineClass@12 (line 1026)
  0x000001d0cfebdbdc: b84c 07e9 | dbfd ffff 

  0x000001d0cfebdbe4: ;   {metadata({method} {0x000001d08042d370} 'toExternalForm' '()Ljava/lang/String;' in 'java/net/URL')}
  0x000001d0cfebdbe4: 49ba 68d3 | 4280 d001 | 0000 4c89 | 5424 0848 | c704 24ff 

  0x000001d0cfebdbf8: ;   {runtime_call counter_overflow Runtime1 stub}
  0x000001d0cfebdbf8: ffff ffe8 

  0x000001d0cfebdbfc: ; ImmutableOopMap {rdx=Oop [120]=Oop [128]=Oop [136]=Oop [152]=Oop }
                      ;*synchronization entry
                      ; - java.net.URL::toExternalForm@-1 (line 1203)
                      ; - java.net.URL::toString@1 (line 1189)
                      ; - java.lang.ClassLoader::defineClassSourceLocation@22 (line 927)
                      ; - java.lang.ClassLoader::defineClass@12 (line 1026)
  0x000001d0cfebdbfc: 00b8 4c07 | e9f8 fdff 

  0x000001d0cfebdc04: ;   {runtime_call throw_null_pointer_exception Runtime1 stub}
  0x000001d0cfebdc04: ffe8 7662 

  0x000001d0cfebdc08: ; ImmutableOopMap {rdx=Oop rsi=Oop [120]=Oop [128]=Oop [136]=Oop [152]=Oop }
                      ;*invokevirtual toExternalForm {reexecute=0 rethrow=0 return_oop=0}
                      ; - java.net.URL::toExternalForm@5 (line 1203)
                      ; - java.net.URL::toString@1 (line 1189)
                      ; - java.lang.ClassLoader::defineClassSourceLocation@22 (line 927)
                      ; - java.lang.ClassLoader::defineClass@12 (line 1026)
                      ;   {internal_word}
  0x000001d0cfebdc08: 4c07 49ba | 64db ebcf | d001 0000 | 4d89 9768 

  0x000001d0cfebdc18: ;   {runtime_call SafepointBlob}
  0x000001d0cfebdc18: 0400 00e9 | e07a 4007 | 498b 8700 | 0500 0049 | c787 0005 | 0000 0000 | 0000 49c7 | 8708 0500 
  0x000001d0cfebdc38: 0000 0000 | 0048 81c4 | b000 0000 

  0x000001d0cfebdc44: ;   {runtime_call unwind_exception Runtime1 stub}
  0x000001d0cfebdc44: 5de9 b64e | 4c07 f4f4 | f4f4 f4f4 
[Stub Code]
  0x000001d0cfebdc50: ;   {no_reloc}
  0x000001d0cfebdc50: 0f1f 4400 

  0x000001d0cfebdc54: ;   {static_stub}
  0x000001d0cfebdc54: 0048 bb00 | 0000 0000 

  0x000001d0cfebdc5c: ;   {runtime_call}
  0x000001d0cfebdc5c: 0000 00e9 | fbff ffff 

  0x000001d0cfebdc64: ;   {static_stub}
  0x000001d0cfebdc64: 48bb a897 | 4380 d001 

  0x000001d0cfebdc6c: ;   {runtime_call I2C/C2I adapters}
  0x000001d0cfebdc6c: 0000 e9f8 

  0x000001d0cfebdc70: ;   {static_stub}
  0x000001d0cfebdc70: d03f 0748 | bb00 0000 | 0000 0000 

  0x000001d0cfebdc7c: ;   {runtime_call}
  0x000001d0cfebdc7c: 00e9 fbff 

  0x000001d0cfebdc80: ;   {static_stub}
  0x000001d0cfebdc80: ffff 48bb | 9096 4380 | d001 0000 

  0x000001d0cfebdc8c: ;   {runtime_call I2C/C2I adapters}
  0x000001d0cfebdc8c: e9da d03f 

  0x000001d0cfebdc90: ;   {runtime_call handle_exception_from_callee Runtime1 stub}
  0x000001d0cfebdc90: 07e8 ea7f 

  0x000001d0cfebdc94: ;   {external_word}
  0x000001d0cfebdc94: 4c07 48b9 | 10f9 e7fc | f97f 0000 | 4883 e4f0 

  0x000001d0cfebdca4: ;   {runtime_call}
  0x000001d0cfebdca4: 48b8 4088 | affc f97f | 0000 ffd0 

  0x000001d0cfebdcb0: ;   {section_word}
  0x000001d0cfebdcb0: f449 bab1 | dceb cfd0 | 0100 0041 

  0x000001d0cfebdcbc: ;   {runtime_call DeoptimizationBlob}
  0x000001d0cfebdcbc: 52e9 de6c | 4007 f4f4 | f4f4 f4f4 
[/MachCode]


Compiled method (c1)    1077 1010       3       java.lang.ClassLoader::defineClass (108 bytes)
 total in heap  [0x000001d0cfecc990,0x000001d0cfece278] = 6376
 relocation     [0x000001d0cfeccaf0,0x000001d0cfeccc90] = 416
 main code      [0x000001d0cfeccca0,0x000001d0cfecdbe8] = 3912
 stub code      [0x000001d0cfecdbe8,0x000001d0cfecdcd0] = 232
 metadata       [0x000001d0cfecdcd0,0x000001d0cfecdd30] = 96
 scopes data    [0x000001d0cfecdd30,0x000001d0cfecdfb8] = 648
 scopes pcs     [0x000001d0cfecdfb8,0x000001d0cfece228] = 624
 dependencies   [0x000001d0cfece228,0x000001d0cfece238] = 16
 nul chk table  [0x000001d0cfece238,0x000001d0cfece278] = 64

[Constant Pool (empty)]

[MachCode]
[Entry Point]
  # {method} {0x000001d0804399c0} 'defineClass' '(Ljava/lang/String;Ljava/nio/ByteBuffer;Ljava/security/ProtectionDomain;)Ljava/lang/Class;' in 'java/lang/ClassLoader'
  # this:     rdx:rdx   = 'java/lang/ClassLoader'
  # parm0:    r8:r8     = 'java/lang/String'
  # parm1:    r9:r9     = 'java/nio/ByteBuffer'
  # parm2:    rdi:rdi   = 'java/security/ProtectionDomain'
  #           [sp+0x100]  (sp of caller)
  0x000001d0cfeccca0: 448b 5208 | 49bb 0000 | 0080 d001 | 0000 4d03 | d34c 3bd0 

  0x000001d0cfecccb4: ;   {runtime_call ic_miss_stub}
  0x000001d0cfecccb4: 0f85 c61a | 3f07 660f | 1f44 0000 
[Verified Entry Point]
  0x000001d0cfecccc0: 8984 2400 | 80ff ff55 | 4881 ecf0 | 0000 0090 | 4181 7f20 | 0100 0000 

  0x000001d0cfecccd8: ;   {runtime_call StubRoutines (final stubs)}
  0x000001d0cfecccd8: 7405 e881 | 803d 0748 | 8994 2480 | 0000 004c | 8984 2488 | 0000 004c | 894c 2478 | 4889 bc24 
  0x000001d0cfecccf8: 9000 0000 

  0x000001d0cfecccfc: ;   {metadata(method data for {method} {0x000001d0804399c0} 'defineClass' '(Ljava/lang/String;Ljava/nio/ByteBuffer;Ljava/security/ProtectionDomain;)Ljava/lang/Class;' in 'java/lang/ClassLoader')}
  0x000001d0cfecccfc: 48be e846 | 18e7 d001 | 0000 8b9e | cc00 0000 | 83c3 0289 | 9ecc 0000 | 0081 e3fe | 0700 0085 
  0x000001d0cfeccd1c: db0f 8466 | 0c00 0049 | 3b01 498b 

  0x000001d0cfeccd28: ;   {metadata(method data for {method} {0x000001d0804399c0} 'defineClass' '(Ljava/lang/String;Ljava/nio/ByteBuffer;Ljava/security/ProtectionDomain;)Ljava/lang/Class;' in 'java/lang/ClassLoader')}
  0x000001d0cfeccd28: f148 bbe8 | 4618 e7d0 | 0100 0048 | 8383 1001 

  0x000001d0cfeccd38: ;   {metadata(method data for {method} {0x000001d080055430} 'remaining' '()I' in 'java/nio/Buffer')}
  0x000001d0cfeccd38: 0000 0148 | bea8 4b18 | e7d0 0100 | 008b 9ecc | 0000 0083 | c302 899e | cc00 0000 | 81e3 feff 
  0x000001d0cfeccd58: 1f00 85db | 0f84 4d0c | 0000 418b | 711c 418b | 5918 2bf3 

  0x000001d0cfeccd6c: ;   {metadata(method data for {method} {0x000001d080055430} 'remaining' '()I' in 'java/nio/Buffer')}
  0x000001d0cfeccd6c: 85f6 48bb | a84b 18e7 | d001 0000 | 48b8 1001 | 0000 0000 | 0000 7e0a | 48b8 2001 | 0000 0000 
  0x000001d0cfeccd8c: 0000 488b | 0c03 488d | 4901 4889 | 0c03 0f8e | 1500 0000 

  0x000001d0cfeccda0: ;   {metadata(method data for {method} {0x000001d080055430} 'remaining' '()I' in 'java/nio/Buffer')}
  0x000001d0cfeccda0: 48bb a84b | 18e7 d001 | 0000 ff83 | 3001 0000 | e905 0000 | 00be 0000 | 0000 89b4 | 2498 0000 
  0x000001d0cfeccdc0: 0049 8bd9 

  0x000001d0cfeccdc4: ;   {metadata(method data for {method} {0x000001d0804399c0} 'defineClass' '(Ljava/lang/String;Ljava/nio/ByteBuffer;Ljava/security/ProtectionDomain;)Ljava/lang/Class;' in 'java/lang/ClassLoader')}
  0x000001d0cfeccdc4: 48b8 e846 | 18e7 d001 | 0000 8b5b | 0849 ba00 | 0000 80d0 | 0100 0049 | 03da 483b | 9858 0100 
  0x000001d0cfeccde4: 0075 0d48 | 8380 6001 | 0000 01e9 | 6000 0000 | 483b 9868 | 0100 0075 | 0d48 8380 | 7001 0000 
  0x000001d0cfecce04: 01e9 4a00 | 0000 4883 | b858 0100 | 0000 7517 | 4889 9858 | 0100 0048 | c780 6001 | 0000 0100 
  0x000001d0cfecce24: 0000 e929 | 0000 0048 | 83b8 6801 | 0000 0075 | 1748 8998 | 6801 0000 | 48c7 8070 | 0100 0001 
  0x000001d0cfecce44: 0000 00e9 | 0800 0000 | 4883 8048 | 0100 0001 | 498b d166 | 0f1f 4400 | 0048 b8d8 | 521c 80d0 
  0x000001d0cfecce64: ;   {virtual_call}
  0x000001d0cfecce64: 0100 00e8 

  0x000001d0cfecce68: ; ImmutableOopMap {[120]=Oop [128]=Oop [136]=Oop [144]=Oop }
                      ;*invokevirtual isDirect {reexecute=0 rethrow=0 return_oop=0}
                      ; - java.lang.ClassLoader::defineClass@7 (line 1103)
  0x000001d0cfecce68: b420 9907 

  0x000001d0cfecce6c: ;   {other}
  0x000001d0cfecce6c: 0f1f 8400 | dc04 0000 

  0x000001d0cfecce74: ;   {metadata(method data for {method} {0x000001d0804399c0} 'defineClass' '(Ljava/lang/String;Ljava/nio/ByteBuffer;Ljava/security/ProtectionDomain;)Ljava/lang/Class;' in 'java/lang/ClassLoader')}
  0x000001d0cfecce74: 85c0 49b8 | e846 18e7 | d001 0000 | 49b9 8001 | 0000 0000 | 0000 750a | 49b9 9001 | 0000 0000 
  0x000001d0cfecce94: 0000 4b8b | 1408 488d | 5201 4b89 | 1408 0f85 | 9502 0000 | 4c8b 4c24 | 784d 8bc1 

  0x000001d0cfecceb0: ;   {metadata(method data for {method} {0x000001d0804399c0} 'defineClass' '(Ljava/lang/String;Ljava/nio/ByteBuffer;Ljava/security/ProtectionDomain;)Ljava/lang/Class;' in 'java/lang/ClassLoader')}
  0x000001d0cfecceb0: 48ba e846 | 18e7 d001 | 0000 4883 | 82a0 0100 

  0x000001d0cfeccec0: ;   {metadata(method data for {method} {0x000001d0800c3af8} 'hasArray' '()Z' in 'java/nio/ByteBuffer')}
  0x000001d0cfeccec0: 0001 49b8 | 804d 18e7 | d001 0000 | 418b 90cc | 0000 0083 | c202 4189 | 90cc 0000 | 0081 e2fe 
  0x000001d0cfeccee0: ff1f 0085 | d20f 84e5 | 0a00 0041 | 8b71 3048 | c1e6 0348 | 89b4 24c0 | 0000 0048 

  0x000001d0cfeccefc: ;   {metadata(method data for {method} {0x000001d0800c3af8} 'hasArray' '()Z' in 'java/nio/ByteBuffer')}
  0x000001d0cfeccefc: 85f6 49b8 | 804d 18e7 | d001 0000 | 48ba 1001 | 0000 0000 | 0000 740a | 48ba 2001 | 0000 0000 
  0x000001d0cfeccf1c: 0000 498b | 3c10 488d | 7f01 4989 | 3c10 0f84 | 3a00 0000 | 450f be41 | 2c45 85c0 

  0x000001d0cfeccf38: ;   {metadata(method data for {method} {0x000001d0800c3af8} 'hasArray' '()Z' in 'java/nio/ByteBuffer')}
  0x000001d0cfeccf38: 49b8 804d | 18e7 d001 | 0000 48ba | 4001 0000 | 0000 0000 | 740a 48ba | 3001 0000 | 0000 0000 
  0x000001d0cfeccf58: 498b 3c10 | 488d 7f01 | 4989 3c10 | 0f84 0b00 | 0000 41b8 | 0000 0000 | e917 0000 

  0x000001d0cfeccf74: ;   {metadata(method data for {method} {0x000001d0800c3af8} 'hasArray' '()Z' in 'java/nio/ByteBuffer')}
  0x000001d0cfeccf74: 0049 b880 | 4d18 e7d0 | 0100 0041 | ff80 5001 | 0000 41b8 | 0100 0000 | 4183 e001 

  0x000001d0cfeccf90: ;   {metadata(method data for {method} {0x000001d0804399c0} 'defineClass' '(Ljava/lang/String;Ljava/nio/ByteBuffer;Ljava/security/ProtectionDomain;)Ljava/lang/Class;' in 'java/lang/ClassLoader')}
  0x000001d0cfeccf90: 4585 c049 | b8e8 4618 | e7d0 0100 | 0048 bad8 | 0100 0000 | 0000 0074 | 0a48 bae8 | 0100 0000 
  0x000001d0cfeccfb0: 0000 0049 | 8b3c 1048 | 8d7f 0149 | 893c 100f | 844d 0500 | 004d 8bc1 

  0x000001d0cfeccfc8: ;   {metadata(method data for {method} {0x000001d0804399c0} 'defineClass' '(Ljava/lang/String;Ljava/nio/ByteBuffer;Ljava/security/ProtectionDomain;)Ljava/lang/Class;' in 'java/lang/ClassLoader')}
  0x000001d0cfeccfc8: 48ba e846 | 18e7 d001 | 0000 4883 | 82f8 0100 

  0x000001d0cfeccfd8: ;   {metadata(method data for {method} {0x000001d0800c5570} 'array' '()[B' in 'java/nio/ByteBuffer')}
  0x000001d0cfeccfd8: 0001 49b8 | 284f 18e7 | d001 0000 | 418b 90cc | 0000 0083 | c202 4189 | 90cc 0000 | 0081 e2fe 
  0x000001d0cfeccff8: ff1f 0085 | d20f 84ee | 0900 0048 

  0x000001d0cfecd004: ;   {metadata(method data for {method} {0x000001d0800c5570} 'array' '()[B' in 'java/nio/ByteBuffer')}
  0x000001d0cfecd004: 85f6 49b8 | 284f 18e7 | d001 0000 | 48ba 2001 | 0000 0000 | 0000 740a | 48ba 1001 | 0000 0000 
  0x000001d0cfecd024: 0000 498b | 3c10 488d | 7f01 4989 | 3c10 0f84 | a908 0000 | 450f be41 | 2c45 85c0 

  0x000001d0cfecd040: ;   {metadata(method data for {method} {0x000001d0800c5570} 'array' '()[B' in 'java/nio/ByteBuffer')}
  0x000001d0cfecd040: 48ba 284f | 18e7 d001 | 0000 48bf | 5001 0000 | 0000 0000 | 750a 48bf | 4001 0000 | 0000 0000 
  0x000001d0cfecd060: 488b 1c3a | 488d 5b01 | 4889 1c3a | 0f85 1f08 | 0000 498b 

  0x000001d0cfecd074: ;   {metadata(method data for {method} {0x000001d0804399c0} 'defineClass' '(Ljava/lang/String;Ljava/nio/ByteBuffer;Ljava/security/ProtectionDomain;)Ljava/lang/Class;' in 'java/lang/ClassLoader')}
  0x000001d0cfecd074: d148 bfe8 | 4618 e7d0 | 0100 0048 | 8387 3002 | 0000 0141 | 8b79 1889 | bc24 9c00 | 0000 498b 
  0x000001d0cfecd094: ;   {metadata(method data for {method} {0x000001d0804399c0} 'defineClass' '(Ljava/lang/String;Ljava/nio/ByteBuffer;Ljava/security/ProtectionDomain;)Ljava/lang/Class;' in 'java/lang/ClassLoader')}
  0x000001d0cfecd094: d148 bbe8 | 4618 e7d0 | 0100 0048 | 8383 6802 

  0x000001d0cfecd0a4: ;   {metadata(method data for {method} {0x000001d0800c3ba8} 'arrayOffset' '()I' in 'java/nio/ByteBuffer')}
  0x000001d0cfecd0a4: 0000 0148 | bad8 5018 | e7d0 0100 | 008b 9acc | 0000 0083 | c302 899a | cc00 0000 | 81e3 feff 
  0x000001d0cfecd0c4: 1f00 85db | 0f84 4409 | 0000 4885 

  0x000001d0cfecd0d0: ;   {metadata(method data for {method} {0x000001d0800c3ba8} 'arrayOffset' '()I' in 'java/nio/ByteBuffer')}
  0x000001d0cfecd0d0: f648 bad8 | 5018 e7d0 | 0100 0048 | bb20 0100 | 0000 0000 | 0074 0a48 | bb10 0100 | 0000 0000 
  0x000001d0cfecd0f0: 0048 8b04 | 1a48 8d40 | 0148 8904 | 1a0f 84e6 | 0600 0045 

  0x000001d0cfecd104: ;   {metadata(method data for {method} {0x000001d0800c3ba8} 'arrayOffset' '()I' in 'java/nio/ByteBuffer')}
  0x000001d0cfecd104: 85c0 49b8 | d850 18e7 | d001 0000 | 48ba 4001 | 0000 0000 | 0000 740a | 48ba 5001 | 0000 0000 
  0x000001d0cfecd124: 0000 498b | 1c10 488d | 5b01 4989 | 1c10 0f84 | 6a03 0000 | e95d 0600 | 0048 8b94 | 2480 0000 
  0x000001d0cfecd144: ;   {metadata(method data for {method} {0x000001d0804399c0} 'defineClass' '(Ljava/lang/String;Ljava/nio/ByteBuffer;Ljava/security/ProtectionDomain;)Ljava/lang/Class;' in 'java/lang/ClassLoader')}
  0x000001d0cfecd144: 0049 b8e8 | 4618 e7d0 | 0100 0049 | 8380 4803 | 0000 014c | 8b84 2488 | 0000 004c | 8b8c 2490 
  0x000001d0cfecd164: 0000 0048 | 8b94 2480 

  0x000001d0cfecd16c: ;   {optimized virtual_call}
  0x000001d0cfecd16c: 0000 00e8 

  0x000001d0cfecd170: ; ImmutableOopMap {[120]=Oop [128]=Oop [136]=Oop }
                      ;*invokevirtual preDefineClass {reexecute=0 rethrow=0 return_oop=0}
                      ; - java.lang.ClassLoader::defineClass@70 (line 1116)
  0x000001d0cfecd170: 0c19 3f07 

  0x000001d0cfecd174: ;   {other}
  0x000001d0cfecd174: 0f1f 8400 | e407 0001 | 4889 8424 | a000 0000 | 488b 9424 | 8000 0000 

  0x000001d0cfecd18c: ;   {metadata(method data for {method} {0x000001d0804399c0} 'defineClass' '(Ljava/lang/String;Ljava/nio/ByteBuffer;Ljava/security/ProtectionDomain;)Ljava/lang/Class;' in 'java/lang/ClassLoader')}
  0x000001d0cfecd18c: 49b8 e846 | 18e7 d001 | 0000 4983 | 8080 0300 

  0x000001d0cfecd19c: ;   {metadata(method data for {method} {0x000001d080439758} 'defineClassSourceLocation' '(Ljava/security/ProtectionDomain;)Ljava/lang/String;' in 'java/lang/ClassLoader')}
  0x000001d0cfecd19c: 0001 49b8 | c0c0 16e7 | d001 0000 | 418b 90cc | 0000 0083 | c202 4189 | 90cc 0000 | 0081 e2fe 
  0x000001d0cfecd1bc: ff1f 0085 | d20f 846c | 0800 0048 | 3b00 4c8b 

  0x000001d0cfecd1cc: ;   {metadata(method data for {method} {0x000001d080439758} 'defineClassSourceLocation' '(Ljava/security/ProtectionDomain;)Ljava/lang/String;' in 'java/lang/ClassLoader')}
  0x000001d0cfecd1cc: c048 bac0 | c016 e7d0 | 0100 0048 | 8382 1001 | 0000 0144 | 8b40 1049 | c1e0 034d 

  0x000001d0cfecd1e8: ;   {metadata(method data for {method} {0x000001d080439758} 'defineClassSourceLocation' '(Ljava/security/ProtectionDomain;)Ljava/lang/String;' in 'java/lang/ClassLoader')}
  0x000001d0cfecd1e8: 85c0 48ba | c0c0 16e7 | d001 0000 | 48be 5801 | 0000 0000 | 0000 750a | 48be 4801 | 0000 0000 
  0x000001d0cfecd208: 0000 488b | 3c32 488d | 7f01 4889 | 3c32 0f85 | 0f00 0000 

  0x000001d0cfecd21c: ;   {oop(nullptr)}
  0x000001d0cfecd21c: 48bb 0000 | 0000 0000 | 0000 e9ac | 0100 0049 | 3b00 498b 

  0x000001d0cfecd230: ;   {metadata(method data for {method} {0x000001d080439758} 'defineClassSourceLocation' '(Ljava/security/ProtectionDomain;)Ljava/lang/String;' in 'java/lang/ClassLoader')}
  0x000001d0cfecd230: d048 bec0 | c016 e7d0 | 0100 0048 | 8386 6801 | 0000 0141 | 8b50 0c48 | c1e2 0348 

  0x000001d0cfecd24c: ;   {metadata(method data for {method} {0x000001d080439758} 'defineClassSourceLocation' '(Ljava/security/ProtectionDomain;)Ljava/lang/String;' in 'java/lang/ClassLoader')}
  0x000001d0cfecd24c: 85d2 48be | c0c0 16e7 | d001 0000 | 48bf b001 | 0000 0000 | 0000 750a | 48bf a001 | 0000 0000 
  0x000001d0cfecd26c: 0000 488b | 1c3e 488d | 5b01 4889 | 1c3e 0f85 | 0f00 0000 

  0x000001d0cfecd280: ;   {oop(nullptr)}
  0x000001d0cfecd280: 48bb 0000 | 0000 0000 | 0000 e948 

  0x000001d0cfecd28c: ;   {metadata(method data for {method} {0x000001d080439758} 'defineClassSourceLocation' '(Ljava/security/ProtectionDomain;)Ljava/lang/String;' in 'java/lang/ClassLoader')}
  0x000001d0cfecd28c: 0100 0048 | bec0 c016 | e7d0 0100 | 0048 8386 | c001 0000 | 0148 3b02 

  0x000001d0cfecd2a4: ;   {metadata(method data for {method} {0x000001d080439758} 'defineClassSourceLocation' '(Ljava/security/ProtectionDomain;)Ljava/lang/String;' in 'java/lang/ClassLoader')}
  0x000001d0cfecd2a4: 4c8b c248 | bec0 c016 | e7d0 0100 | 0048 8386 | f801 0000 

  0x000001d0cfecd2b8: ;   {metadata(method data for {method} {0x000001d08001a5d8} 'toString' '()Ljava/lang/String;' in 'java/net/URL')}
  0x000001d0cfecd2b8: 0149 b880 | a816 e7d0 | 0100 0041 | 8bb0 cc00 | 0000 83c6 | 0241 89b0 | cc00 0000 | 81e6 feff 
  0x000001d0cfecd2d8: 1f00 85f6 | 0f84 8107 | 0000 4c8b 

  0x000001d0cfecd2e4: ;   {metadata(method data for {method} {0x000001d08001a5d8} 'toString' '()Ljava/lang/String;' in 'java/net/URL')}
  0x000001d0cfecd2e4: c248 be80 | a816 e7d0 | 0100 0048 | 8386 1001 

  0x000001d0cfecd2f4: ;   {metadata(method data for {method} {0x000001d08042d370} 'toExternalForm' '()Ljava/lang/String;' in 'java/net/URL')}
  0x000001d0cfecd2f4: 0000 0149 | b808 aa16 | e7d0 0100 | 0041 8bb0 | cc00 0000 | 83c6 0241 | 89b0 cc00 | 0000 81e6 
  0x000001d0cfecd314: feff 1f00 | 85f6 0f84 | 6407 0000 | 8b72 3848 | c1e6 0348 | 3b06 4c8b 

  0x000001d0cfecd32c: ;   {metadata(method data for {method} {0x000001d08042d370} 'toExternalForm' '()Ljava/lang/String;' in 'java/net/URL')}
  0x000001d0cfecd32c: c648 bf08 | aa16 e7d0 | 0100 0045 | 8b40 0849 | ba00 0000 | 80d0 0100 | 004d 03c2 | 4c3b 8720 
  0x000001d0cfecd34c: 0100 0075 | 0d48 8387 | 2801 0000 | 01e9 6000 | 0000 4c3b | 8730 0100 | 0075 0d48 | 8387 3801 
  0x000001d0cfecd36c: 0000 01e9 | 4a00 0000 | 4883 bf20 | 0100 0000 | 7517 4c89 | 8720 0100 | 0048 c787 | 2801 0000 
  0x000001d0cfecd38c: 0100 0000 | e929 0000 | 0048 83bf | 3001 0000 | 0075 174c | 8987 3001 | 0000 48c7 | 8738 0100 
  0x000001d0cfecd3ac: 0001 0000 | 00e9 0800 | 0000 4883 | 8710 0100 | 0001 4c8b | c248 8bd6 

  0x000001d0cfecd3c4: ;   {optimized virtual_call}
  0x000001d0cfecd3c4: 6666 90e8 

  0x000001d0cfecd3c8: ; ImmutableOopMap {[120]=Oop [128]=Oop [136]=Oop [160]=Oop }
                      ;*invokevirtual toExternalForm {reexecute=0 rethrow=0 return_oop=0}
                      ; - java.net.URL::toExternalForm@5 (line 1203)
                      ; - java.net.URL::toString@1 (line 1189)
                      ; - java.lang.ClassLoader::defineClassSourceLocation@22 (line 927)
                      ; - java.lang.ClassLoader::defineClass@76 (line 1117)
  0x000001d0cfecd3c8: b416 3f07 

  0x000001d0cfecd3cc: ;   {other}
  0x000001d0cfecd3cc: 0f1f 8400 | 3c0a 0002 | 488b d848 | 8b84 24a0 | 0000 004c | 8b4c 2478 

  0x000001d0cfecd3e4: ;   {metadata(method data for {method} {0x000001d0804399c0} 'defineClass' '(Ljava/lang/String;Ljava/nio/ByteBuffer;Ljava/security/ProtectionDomain;)Ljava/lang/Class;' in 'java/lang/ClassLoader')}
  0x000001d0cfecd3e4: 498b d149 | b8e8 4618 | e7d0 0100 | 0049 8380 | b803 0000 | 0141 8b79 

  0x000001d0cfecd3fc: ;   {metadata(method data for {method} {0x000001d0804399c0} 'defineClass' '(Ljava/lang/String;Ljava/nio/ByteBuffer;Ljava/security/ProtectionDomain;)Ljava/lang/Class;' in 'java/lang/ClassLoader')}
  0x000001d0cfecd3fc: 1848 bae8 | 4618 e7d0 | 0100 0048 | 8382 f003 | 0000 0148 | 8b94 2480 | 0000 004c | 8b84 2488 
  0x000001d0cfecd41c: 0000 008b | b424 9800 | 0000 488b | c848 891c 

  0x000001d0cfecd42c: ;   {static_call}
  0x000001d0cfecd42c: 2466 90e8 

  0x000001d0cfecd430: ; ImmutableOopMap {[128]=Oop [160]=Oop }
                      ;*invokestatic defineClass2 {reexecute=0 rethrow=0 return_oop=0}
                      ; - java.lang.ClassLoader::defineClass@93 (line 1118)
  0x000001d0cfecd430: 4c1c 3f07 

  0x000001d0cfecd434: ;   {other}
  0x000001d0cfecd434: 0f1f 8400 | a40a 0003 | 488b 9424 | 8000 0000 

  0x000001d0cfecd444: ;   {metadata(method data for {method} {0x000001d0804399c0} 'defineClass' '(Ljava/lang/String;Ljava/nio/ByteBuffer;Ljava/security/ProtectionDomain;)Ljava/lang/Class;' in 'java/lang/ClassLoader')}
  0x000001d0cfecd444: 49b8 e846 | 18e7 d001 | 0000 4983 | 8000 0400 | 0001 4c8b | c04c 8b8c | 24a0 0000 | 0048 8b94 
  0x000001d0cfecd464: 2480 0000 | 0048 8984 | 24a8 0000 | 0066 0f1f 

  0x000001d0cfecd474: ;   {optimized virtual_call}
  0x000001d0cfecd474: 4400 00e8 

  0x000001d0cfecd478: ; ImmutableOopMap {[168]=Oop }
                      ;*invokevirtual postDefineClass {reexecute=0 rethrow=0 return_oop=0}
                      ; - java.lang.ClassLoader::defineClass@102 (line 1119)
  0x000001d0cfecd478: 0416 3f07 

  0x000001d0cfecd47c: ;   {other}
  0x000001d0cfecd47c: 0f1f 8400 | ec0a 0004 | 488b 8424 | a800 0000 | 4881 c4f0 | 0000 005d 

  0x000001d0cfecd494: ;   {poll_return}
  0x000001d0cfecd494: 493b a750 | 0400 000f | 8709 0600 | 00c3 458b | 4128 488b | 9424 8000 

  0x000001d0cfecd4ac: ;   {metadata(method data for {method} {0x000001d0804399c0} 'defineClass' '(Ljava/lang/String;Ljava/nio/ByteBuffer;Ljava/security/ProtectionDomain;)Ljava/lang/Class;' in 'java/lang/ClassLoader')}
  0x000001d0cfecd4ac: 0000 49b9 | e846 18e7 | d001 0000 | 4983 81a0 | 0200 0001 | 498b c803 | cf4c 8b84 | 2488 0000 
  0x000001d0cfecd4cc: 004c 8bce | 488b f98b | b424 9800 | 0000 488b | 8c24 9000 | 0000 488b | 9424 8000 | 0000 0f1f 
  0x000001d0cfecd4ec: ;   {optimized virtual_call}
  0x000001d0cfecd4ec: 4400 00e8 

  0x000001d0cfecd4f0: ; ImmutableOopMap {}
                      ;*invokevirtual defineClass {reexecute=0 rethrow=0 return_oop=0}
                      ; - java.lang.ClassLoader::defineClass@38 (line 1105)
  0x000001d0cfecd4f0: cc02 ffff 

  0x000001d0cfecd4f4: ;   {other}
  0x000001d0cfecd4f4: 0f1f 8400 | 640b 0005 | 4881 c4f0 | 0000 005d 

  0x000001d0cfecd504: ;   {poll_return}
  0x000001d0cfecd504: 493b a750 | 0400 000f | 87af 0500 | 00c3 8b9c | 2498 0000 

  0x000001d0cfecd518: ;   {metadata({type array byte})}
  0x000001d0cfecd518: 0048 ba68 | 2200 80d0 | 0100 0048 | 63db 488b | fb48 81fb | ffff ff00 | 0f87 a005 | 0000 48be 
  0x000001d0cfecd538: 1700 0000 | 0000 0000 | 488d 341e | 4883 e6f8 | 498b 87b8 | 0100 0048 | 8d34 3049 | 3bb7 c801 
  0x000001d0cfecd558: 0000 0f87 | 7605 0000 | 4989 b7b8 | 0100 0048 | 2bf0 48c7 | 0001 0000 | 0048 8bca | 49ba 0000 
  0x000001d0cfecd578: 0080 d001 | 0000 492b | ca89 4808 | 8958 0c48 | 83ee 1048 | 85f6 0f84 | 1100 0000 | 4833 db48 
  0x000001d0cfecd598: c1ee 0348 | 895c f008 | 48ff ce75 | f64d 8bc1 

  0x000001d0cfecd5a8: ;   {metadata(method data for {method} {0x000001d0804399c0} 'defineClass' '(Ljava/lang/String;Ljava/nio/ByteBuffer;Ljava/security/ProtectionDomain;)Ljava/lang/Class;' in 'java/lang/ClassLoader')}
  0x000001d0cfecd5a8: 48bf e846 | 18e7 d001 | 0000 458b | 4008 49ba | 0000 0080 | d001 0000 | 4d03 c24c | 3b87 e802 
  0x000001d0cfecd5c8: 0000 750d | 4883 87f0 | 0200 0001 | e960 0000 | 004c 3b87 | f802 0000 | 750d 4883 | 8700 0300 
  0x000001d0cfecd5e8: 0001 e94a | 0000 0048 | 83bf e802 | 0000 0075 | 174c 8987 | e802 0000 | 48c7 87f0 | 0200 0001 
  0x000001d0cfecd608: 0000 00e9 | 2900 0000 | 4883 bff8 | 0200 0000 | 7517 4c89 | 87f8 0200 | 0048 c787 | 0003 0000 
  0x000001d0cfecd628: 0100 0000 | e908 0000 | 0048 8387 | d802 0000 

  0x000001d0cfecd638: ;   {metadata(method data for {method} {0x000001d0800c3e68} 'get' '([B)Ljava/nio/ByteBuffer;' in 'java/nio/ByteBuffer')}
  0x000001d0cfecd638: 0149 b888 | 5218 e7d0 | 0100 0041 | 8bb8 cc00 | 0000 83c7 | 0241 89b8 | cc00 0000 | 81e7 feff 
  0x000001d0cfecd658: 1f00 85ff | 0f84 7e04 | 0000 8b78 | 0c4d 8bc1 

  0x000001d0cfecd668: ;   {metadata(method data for {method} {0x000001d0800c3e68} 'get' '([B)Ljava/nio/ByteBuffer;' in 'java/nio/ByteBuffer')}
  0x000001d0cfecd668: 48ba 8852 | 18e7 d001 | 0000 458b | 4008 49ba | 0000 0080 | d001 0000 | 4d03 c24c | 3b82 2001 
  0x000001d0cfecd688: 0000 750d | 4883 8228 | 0100 0001 | e960 0000 | 004c 3b82 | 3001 0000 | 750d 4883 | 8238 0100 
  0x000001d0cfecd6a8: 0001 e94a | 0000 0048 | 83ba 2001 | 0000 0075 | 174c 8982 | 2001 0000 | 48c7 8228 | 0100 0001 
  0x000001d0cfecd6c8: 0000 00e9 | 2900 0000 | 4883 ba30 | 0100 0000 | 7517 4c89 | 8230 0100 | 0048 c782 | 3801 0000 
  0x000001d0cfecd6e8: 0100 0000 | e908 0000 | 0048 8382 | 1001 0000 | 014c 8bc0 | 498b f141 | b900 0000 | 0048 8bd6 
  0x000001d0cfecd708: 4889 8424 | b000 0000 | 0f1f 4400 | 0048 b8ff | ffff ffff 

  0x000001d0cfecd71c: ;   {virtual_call}
  0x000001d0cfecd71c: ffff ffe8 

  0x000001d0cfecd720: ; ImmutableOopMap {[128]=Oop [136]=Oop [144]=Oop [176]=Oop }
                      ;*invokevirtual get {reexecute=0 rethrow=0 return_oop=0}
                      ; - java.nio.ByteBuffer::get@5 (line 855)
                      ; - java.lang.ClassLoader::defineClass@51 (line 1111)
  0x000001d0cfecd720: 5c16 3f07 

  0x000001d0cfecd724: ;   {other}
  0x000001d0cfecd724: 0f1f 8400 | 940d 0006 | 488b 9424 | 8000 0000 

  0x000001d0cfecd734: ;   {metadata(method data for {method} {0x000001d0804399c0} 'defineClass' '(Ljava/lang/String;Ljava/nio/ByteBuffer;Ljava/security/ProtectionDomain;)Ljava/lang/Class;' in 'java/lang/ClassLoader')}
  0x000001d0cfecd734: 49b8 e846 | 18e7 d001 | 0000 4983 | 8010 0300 | 0001 4c8b | 8424 8800 | 0000 4c8b | 8c24 b000 
  0x000001d0cfecd754: 0000 bf00 | 0000 008b | b424 9800 | 0000 488b | 8c24 9000 | 0000 488b | 9424 8000 | 0000 0f1f 
  0x000001d0cfecd774: ;   {optimized virtual_call}
  0x000001d0cfecd774: 4400 00e8 

  0x000001d0cfecd778: ; ImmutableOopMap {}
                      ;*invokevirtual defineClass {reexecute=0 rethrow=0 return_oop=0}
                      ; - java.lang.ClassLoader::defineClass@63 (line 1112)
  0x000001d0cfecd778: 0413 3f07 

  0x000001d0cfecd77c: ;   {other}
  0x000001d0cfecd77c: 0f1f 8400 | ec0d 0007 | 4881 c4f0 | 0000 005d 

  0x000001d0cfecd78c: ;   {poll_return}
  0x000001d0cfecd78c: 493b a750 | 0400 000f | 8768 0300 | 00c3 660f | 1f44 0000 

  0x000001d0cfecd7a0: ;   {no_reloc}
  0x000001d0cfecd7a0: e981 0300 | 0000 0000 | 0000 e981 | 0300 0048 

  0x000001d0cfecd7b0: ;   {metadata(method data for {method} {0x000001d0800c3ba8} 'arrayOffset' '()I' in 'java/nio/ByteBuffer')}
  0x000001d0cfecd7b0: 8bd0 48bb | d850 18e7 | d001 0000 | 4883 8360 | 0100 0001 | 488b d048 | 8984 24b8 

  0x000001d0cfecd7cc: ;   {optimized virtual_call}
  0x000001d0cfecd7cc: 0000 00e8 

  0x000001d0cfecd7d0: ; ImmutableOopMap {[128]=Oop [136]=Oop [144]=Oop [184]=Oop [192]=Oop }
                      ;*invokespecial <init> {reexecute=0 rethrow=0 return_oop=0}
                      ; - java.nio.ByteBuffer::arrayOffset@26 (line 1535)
                      ; - java.lang.ClassLoader::defineClass@31 (line 1106)
  0x000001d0cfecd7d0: ac12 3f07 

  0x000001d0cfecd7d4: ;   {other}
  0x000001d0cfecd7d4: 0f1f 8400 | 440e 0008 | 488b 8424 | b800 0000 | e9ed 0300 | 000f 1f80 | 0000 0000 

  0x000001d0cfecd7f0: ;   {no_reloc}
  0x000001d0cfecd7f0: e957 0300 | 0000 0000 | 0000 80ba | 2101 0000 | 040f 8554 | 0300 0049 | 8b87 b801 | 0000 488d 
  0x000001d0cfecd810: 7828 493b | bfc8 0100 | 000f 873c | 0300 0049 | 89bf b801 | 0000 48c7 | 0001 0000 | 0048 8bca 
  0x000001d0cfecd830: 49ba 0000 | 0080 d001 | 0000 492b | ca89 4808 | 4833 c989 | 480c 4833 | c948 8948 | 1048 8948 
  0x000001d0cfecd850: 1848 8948 | 2048 8bd0 

  0x000001d0cfecd858: ;   {metadata(method data for {method} {0x000001d0800c3ba8} 'arrayOffset' '()I' in 'java/nio/ByteBuffer')}
  0x000001d0cfecd858: 48be d850 | 18e7 d001 | 0000 4883 | 8630 0100 | 0001 488b | d048 8984 | 24c8 0000 

  0x000001d0cfecd874: ;   {optimized virtual_call}
  0x000001d0cfecd874: 0066 90e8 

  0x000001d0cfecd878: ; ImmutableOopMap {[128]=Oop [136]=Oop [144]=Oop [192]=Oop [200]=Oop }
                      ;*invokespecial <init> {reexecute=0 rethrow=0 return_oop=0}
                      ; - java.nio.ByteBuffer::arrayOffset@11 (line 1533)
                      ; - java.lang.ClassLoader::defineClass@31 (line 1106)
  0x000001d0cfecd878: 0412 3f07 

  0x000001d0cfecd87c: ;   {other}
  0x000001d0cfecd87c: 0f1f 8400 | ec0e 0009 | 488b 8424 | c800 0000 | e945 0300 | 000f 1f80 | 0000 0000 

  0x000001d0cfecd898: ;   {no_reloc}
  0x000001d0cfecd898: e9da 0200 | 0000 0000 | 0000 e9da | 0200 0048 

  0x000001d0cfecd8a8: ;   {metadata(method data for {method} {0x000001d0800c5570} 'array' '()[B' in 'java/nio/ByteBuffer')}
  0x000001d0cfecd8a8: 8bd0 48be | 284f 18e7 | d001 0000 | 4883 8660 | 0100 0001 | 488b d048 | 8984 24d0 

  0x000001d0cfecd8c4: ;   {optimized virtual_call}
  0x000001d0cfecd8c4: 0000 00e8 

  0x000001d0cfecd8c8: ; ImmutableOopMap {[120]=Oop [128]=Oop [136]=Oop [144]=Oop [208]=Oop }
                      ;*invokespecial <init> {reexecute=0 rethrow=0 return_oop=0}
                      ; - java.nio.ByteBuffer::array@26 (line 1507)
                      ; - java.lang.ClassLoader::defineClass@23 (line 1105)
  0x000001d0cfecd8c8: b411 3f07 

  0x000001d0cfecd8cc: ;   {other}
  0x000001d0cfecd8cc: 0f1f 8400 | 3c0f 000a | 488b 8424 | d000 0000 | e9f5 0200 | 000f 1f80 | 0000 0000 

  0x000001d0cfecd8e8: ;   {no_reloc}
  0x000001d0cfecd8e8: e9b0 0200 | 0000 0000 | 0000 80ba | 2101 0000 | 040f 85ad | 0200 0049 | 8b87 b801 | 0000 488d 
  0x000001d0cfecd908: 7828 493b | bfc8 0100 | 000f 8795 | 0200 0049 | 89bf b801 | 0000 48c7 | 0001 0000 | 0048 8bca 
  0x000001d0cfecd928: 49ba 0000 | 0080 d001 | 0000 492b | ca89 4808 | 4833 c989 | 480c 4833 | c948 8948 | 1048 8948 
  0x000001d0cfecd948: 1848 8948 | 2048 8bd0 

  0x000001d0cfecd950: ;   {metadata(method data for {method} {0x000001d0800c5570} 'array' '()[B' in 'java/nio/ByteBuffer')}
  0x000001d0cfecd950: 48be 284f | 18e7 d001 | 0000 4883 | 8630 0100 | 0001 488b | d048 8984 | 24d8 0000 

  0x000001d0cfecd96c: ;   {optimized virtual_call}
  0x000001d0cfecd96c: 0066 90e8 

  0x000001d0cfecd970: ; ImmutableOopMap {[120]=Oop [128]=Oop [136]=Oop [144]=Oop [216]=Oop }
                      ;*invokespecial <init> {reexecute=0 rethrow=0 return_oop=0}
                      ; - java.nio.ByteBuffer::array@11 (line 1505)
                      ; - java.lang.ClassLoader::defineClass@23 (line 1105)
  0x000001d0cfecd970: 0c11 3f07 

  0x000001d0cfecd974: ;   {other}
  0x000001d0cfecd974: 0f1f 8400 | e40f 000b | 488b 8424 | d800 0000 | e94d 0200 

  0x000001d0cfecd988: ;   {metadata({method} {0x000001d0804399c0} 'defineClass' '(Ljava/lang/String;Ljava/nio/ByteBuffer;Ljava/security/ProtectionDomain;)Ljava/lang/Class;' in 'java/lang/ClassLoader')}
  0x000001d0cfecd988: 0049 bab8 | 9943 80d0 | 0100 004c | 8954 2408 | 48c7 0424 | ffff ffff 

  0x000001d0cfecd9a0: ;   {runtime_call counter_overflow Runtime1 stub}
  0x000001d0cfecd9a0: e85b ba4b 

  0x000001d0cfecd9a4: ; ImmutableOopMap {rdx=Oop r8=Oop r9=Oop rdi=Oop [120]=Oop [128]=Oop [136]=Oop [144]=Oop }
                      ;*synchronization entry
                      ; - java.lang.ClassLoader::defineClass@-1 (line 1100)
  0x000001d0cfecd9a4: 07e9 79f3 

  0x000001d0cfecd9a8: ;   {runtime_call throw_null_pointer_exception Runtime1 stub}
  0x000001d0cfecd9a8: ffff e8d1 

  0x000001d0cfecd9ac: ; ImmutableOopMap {rdx=Oop r8=Oop r9=Oop rdi=Oop [120]=Oop [128]=Oop [136]=Oop [144]=Oop }
                      ;*invokevirtual remaining {reexecute=0 rethrow=0 return_oop=0}
                      ; - java.lang.ClassLoader::defineClass@1 (line 1100)
                      ;   {metadata({method} {0x000001d080055430} 'remaining' '()I' in 'java/nio/Buffer')}
  0x000001d0cfecd9ac: 644b 0749 | ba28 5405 | 80d0 0100 | 004c 8954 | 2408 48c7 | 0424 ffff 

  0x000001d0cfecd9c4: ;   {runtime_call counter_overflow Runtime1 stub}
  0x000001d0cfecd9c4: ffff e835 

  0x000001d0cfecd9c8: ; ImmutableOopMap {rdx=Oop r8=Oop r9=Oop rdi=Oop [120]=Oop [128]=Oop [136]=Oop [144]=Oop }
                      ;*synchronization entry
                      ; - java.nio.Buffer::remaining@-1 (line 521)
                      ; - java.lang.ClassLoader::defineClass@1 (line 1100)
  0x000001d0cfecd9c8: ba4b 07e9 | 92f3 ffff 

  0x000001d0cfecd9d0: ;   {metadata({method} {0x000001d0800c3af8} 'hasArray' '()Z' in 'java/nio/ByteBuffer')}
  0x000001d0cfecd9d0: 49ba f03a | 0c80 d001 | 0000 4c89 | 5424 0848 | c704 24ff 

  0x000001d0cfecd9e4: ;   {runtime_call counter_overflow Runtime1 stub}
  0x000001d0cfecd9e4: ffff ffe8 

  0x000001d0cfecd9e8: ; ImmutableOopMap {r9=Oop [120]=Oop [128]=Oop [136]=Oop [144]=Oop }
                      ;*synchronization entry
                      ; - java.nio.ByteBuffer::hasArray@-1 (line 1481)
                      ; - java.lang.ClassLoader::defineClass@14 (line 1104)
  0x000001d0cfecd9e8: 14ba 4b07 | e9fa f4ff 

  0x000001d0cfecd9f0: ;   {metadata({method} {0x000001d0800c5570} 'array' '()[B' in 'java/nio/ByteBuffer')}
  0x000001d0cfecd9f0: ff49 ba68 | 550c 80d0 | 0100 004c | 8954 2408 | 48c7 0424 | ffff ffff 

  0x000001d0cfecda08: ;   {runtime_call counter_overflow Runtime1 stub}
  0x000001d0cfecda08: e8f3 b94b 

  0x000001d0cfecda0c: ; ImmutableOopMap {r9=Oop rsi=Oop [120]=Oop [128]=Oop [136]=Oop [144]=Oop [192]=Oop }
                      ;*synchronization entry
                      ; - java.nio.ByteBuffer::array@-1 (line 1504)
                      ; - java.lang.ClassLoader::defineClass@23 (line 1105)
  0x000001d0cfecda0c: 07e9 f1f5 

  0x000001d0cfecda10: ;   {metadata({method} {0x000001d0800c3ba8} 'arrayOffset' '()I' in 'java/nio/ByteBuffer')}
  0x000001d0cfecda10: ffff 49ba | a03b 0c80 | d001 0000 | 4c89 5424 | 0848 c704 | 24ff ffff 

  0x000001d0cfecda28: ;   {runtime_call counter_overflow Runtime1 stub}
  0x000001d0cfecda28: ffe8 d2b9 

  0x000001d0cfecda2c: ; ImmutableOopMap {r9=Oop rsi=Oop [120]=Oop [128]=Oop [136]=Oop [144]=Oop [192]=Oop }
                      ;*synchronization entry
                      ; - java.nio.ByteBuffer::arrayOffset@-1 (line 1532)
                      ; - java.lang.ClassLoader::defineClass@31 (line 1106)
  0x000001d0cfecda2c: 4b07 e99b 

  0x000001d0cfecda30: ;   {metadata({method} {0x000001d080439758} 'defineClassSourceLocation' '(Ljava/security/ProtectionDomain;)Ljava/lang/String;' in 'java/lang/ClassLoader')}
  0x000001d0cfecda30: f6ff ff49 | ba50 9743 | 80d0 0100 | 004c 8954 | 2408 48c7 | 0424 ffff 

  0x000001d0cfecda48: ;   {runtime_call counter_overflow Runtime1 stub}
  0x000001d0cfecda48: ffff e8b1 

  0x000001d0cfecda4c: ; ImmutableOopMap {rax=Oop [120]=Oop [128]=Oop [136]=Oop [160]=Oop }
                      ;*synchronization entry
                      ; - java.lang.ClassLoader::defineClassSourceLocation@-1 (line 924)
                      ; - java.lang.ClassLoader::defineClass@76 (line 1117)
  0x000001d0cfecda4c: b94b 07e9 | 73f7 ffff 

  0x000001d0cfecda54: ;   {runtime_call throw_null_pointer_exception Runtime1 stub}
  0x000001d0cfecda54: e827 644b 

  0x000001d0cfecda58: ; ImmutableOopMap {rax=Oop [120]=Oop [128]=Oop [136]=Oop [160]=Oop }
                      ;*invokevirtual getCodeSource {reexecute=0 rethrow=0 return_oop=0}
                      ; - java.lang.ClassLoader::defineClassSourceLocation@1 (line 924)
                      ; - java.lang.ClassLoader::defineClass@76 (line 1117)
                      ;   {runtime_call throw_null_pointer_exception Runtime1 stub}
  0x000001d0cfecda58: 07e8 2264 

  0x000001d0cfecda5c: ; ImmutableOopMap {rax=Oop r8=Oop [120]=Oop [128]=Oop [136]=Oop [160]=Oop }
                      ;*invokevirtual getLocation {reexecute=0 rethrow=0 return_oop=0}
                      ; - java.lang.ClassLoader::defineClassSourceLocation@12 (line 926)
                      ; - java.lang.ClassLoader::defineClass@76 (line 1117)
                      ;   {runtime_call throw_null_pointer_exception Runtime1 stub}
  0x000001d0cfecda5c: 4b07 e81d 

  0x000001d0cfecda60: ; ImmutableOopMap {rdx=Oop [120]=Oop [128]=Oop [136]=Oop [160]=Oop }
                      ;*invokevirtual toString {reexecute=0 rethrow=0 return_oop=0}
                      ; - java.lang.ClassLoader::defineClassSourceLocation@22 (line 927)
                      ; - java.lang.ClassLoader::defineClass@76 (line 1117)
                      ;   {metadata({method} {0x000001d08001a5d8} 'toString' '()Ljava/lang/String;' in 'java/net/URL')}
  0x000001d0cfecda60: 644b 0749 | bad0 a501 | 80d0 0100 | 004c 8954 | 2408 48c7 | 0424 ffff 

  0x000001d0cfecda78: ;   {runtime_call counter_overflow Runtime1 stub}
  0x000001d0cfecda78: ffff e881 

  0x000001d0cfecda7c: ; ImmutableOopMap {rdx=Oop [120]=Oop [128]=Oop [136]=Oop [160]=Oop }
                      ;*synchronization entry
                      ; - java.net.URL::toString@-1 (line 1189)
                      ; - java.lang.ClassLoader::defineClassSourceLocation@22 (line 927)
                      ; - java.lang.ClassLoader::defineClass@76 (line 1117)
  0x000001d0cfecda7c: b94b 07e9 | 5ef8 ffff 

  0x000001d0cfecda84: ;   {metadata({method} {0x000001d08042d370} 'toExternalForm' '()Ljava/lang/String;' in 'java/net/URL')}
  0x000001d0cfecda84: 49ba 68d3 | 4280 d001 | 0000 4c89 | 5424 0848 | c704 24ff 

  0x000001d0cfecda98: ;   {runtime_call counter_overflow Runtime1 stub}
  0x000001d0cfecda98: ffff ffe8 

  0x000001d0cfecda9c: ; ImmutableOopMap {rdx=Oop [120]=Oop [128]=Oop [136]=Oop [160]=Oop }
                      ;*synchronization entry
                      ; - java.net.URL::toExternalForm@-1 (line 1203)
                      ; - java.net.URL::toString@1 (line 1189)
                      ; - java.lang.ClassLoader::defineClassSourceLocation@22 (line 927)
                      ; - java.lang.ClassLoader::defineClass@76 (line 1117)
  0x000001d0cfecda9c: 60b9 4b07 | e97b f8ff 

  0x000001d0cfecdaa4: ;   {runtime_call throw_null_pointer_exception Runtime1 stub}
  0x000001d0cfecdaa4: ffe8 d663 

  0x000001d0cfecdaa8: ; ImmutableOopMap {rdx=Oop rsi=Oop [120]=Oop [128]=Oop [136]=Oop [160]=Oop }
                      ;*invokevirtual toExternalForm {reexecute=0 rethrow=0 return_oop=0}
                      ; - java.net.URL::toExternalForm@5 (line 1203)
                      ; - java.net.URL::toString@1 (line 1189)
                      ; - java.lang.ClassLoader::defineClassSourceLocation@22 (line 927)
                      ; - java.lang.ClassLoader::defineClass@76 (line 1117)
                      ;   {internal_word}
  0x000001d0cfecdaa8: 4b07 49ba | 94d4 eccf | d001 0000 | 4d89 9768 

  0x000001d0cfecdab8: ;   {runtime_call SafepointBlob}
  0x000001d0cfecdab8: 0400 00e9 | 407c 3f07 

  0x000001d0cfecdac0: ;   {internal_word}
  0x000001d0cfecdac0: 49ba 04d5 | eccf d001 | 0000 4d89 | 9768 0400 

  0x000001d0cfecdad0: ;   {runtime_call SafepointBlob}
  0x000001d0cfecdad0: 00e9 2a7c 

  0x000001d0cfecdad4: ;   {runtime_call new_type_array Runtime1 stub}
  0x000001d0cfecdad4: 3f07 e8a5 

  0x000001d0cfecdad8: ; ImmutableOopMap {r9=Oop [120]=Oop [128]=Oop [136]=Oop [144]=Oop }
                      ;*newarray {reexecute=0 rethrow=0 return_oop=0}
                      ; - java.lang.ClassLoader::defineClass@44 (line 1110)
  0x000001d0cfecdad8: 724b 07e9 | c5fa ffff 

  0x000001d0cfecdae0: ;   {metadata({method} {0x000001d0800c3e68} 'get' '([B)Ljava/nio/ByteBuffer;' in 'java/nio/ByteBuffer')}
  0x000001d0cfecdae0: 49ba 603e | 0c80 d001 | 0000 4c89 | 5424 0848 | c704 24ff 

  0x000001d0cfecdaf4: ;   {runtime_call counter_overflow Runtime1 stub}
  0x000001d0cfecdaf4: ffff ffe8 

  0x000001d0cfecdaf8: ; ImmutableOopMap {r9=Oop rax=Oop [120]=Oop [128]=Oop [136]=Oop [144]=Oop }
                      ;*synchronization entry
                      ; - java.nio.ByteBuffer::get@-1 (line 855)
                      ; - java.lang.ClassLoader::defineClass@51 (line 1111)
  0x000001d0cfecdaf8: 04b9 4b07 | e961 fbff 

  0x000001d0cfecdb00: ;   {internal_word}
  0x000001d0cfecdb00: ff49 ba8c | d7ec cfd0 | 0100 004d | 8997 6804 

  0x000001d0cfecdb10: ;   {runtime_call SafepointBlob}
  0x000001d0cfecdb10: 0000 e9e9 

  0x000001d0cfecdb14: ;   {metadata(nullptr)}
  0x000001d0cfecdb14: 7b3f 0748 | ba00 0000 | 0000 0000 | 00b8 000f 

  0x000001d0cfecdb24: ;   {runtime_call load_klass_patching Runtime1 stub}
  0x000001d0cfecdb24: 050a e855 

  0x000001d0cfecdb28: ; ImmutableOopMap {[128]=Oop [136]=Oop [144]=Oop [192]=Oop }
                      ;*new {reexecute=1 rethrow=0 return_oop=0}
                      ; - (reexecute) java.nio.ByteBuffer::arrayOffset@22 (line 1535)
                      ; - java.lang.ClassLoader::defineClass@31 (line 1106)
  0x000001d0cfecdb28: a84b 07e9 | 70fc ffff 

  0x000001d0cfecdb30: ;   {runtime_call new_instance Runtime1 stub}
  0x000001d0cfecdb30: 488b d2e8 

  0x000001d0cfecdb34: ; ImmutableOopMap {[128]=Oop [136]=Oop [144]=Oop [192]=Oop }
                      ;*new {reexecute=0 rethrow=0 return_oop=0}
                      ; - java.nio.ByteBuffer::arrayOffset@22 (line 1535)
                      ; - java.lang.ClassLoader::defineClass@31 (line 1106)
  0x000001d0cfecdb34: 4869 4b07 | e972 fcff 

  0x000001d0cfecdb3c: ;   {metadata(nullptr)}
  0x000001d0cfecdb3c: ff48 ba00 | 0000 0000 | 0000 00b8 | 000f 050a 

  0x000001d0cfecdb4c: ;   {runtime_call load_klass_patching Runtime1 stub}
  0x000001d0cfecdb4c: e82f a84b 

  0x000001d0cfecdb50: ; ImmutableOopMap {[128]=Oop [136]=Oop [144]=Oop [192]=Oop }
                      ;*new {reexecute=1 rethrow=0 return_oop=0}
                      ; - (reexecute) java.nio.ByteBuffer::arrayOffset@7 (line 1533)
                      ; - java.lang.ClassLoader::defineClass@31 (line 1106)
  0x000001d0cfecdb50: 07e9 9afc 

  0x000001d0cfecdb54: ;   {runtime_call throw_null_pointer_exception Runtime1 stub}
  0x000001d0cfecdb54: ffff e825 

  0x000001d0cfecdb58: ; ImmutableOopMap {[128]=Oop [136]=Oop [144]=Oop [192]=Oop }
                      ;*new {reexecute=0 rethrow=0 return_oop=0}
                      ; - java.nio.ByteBuffer::arrayOffset@7 (line 1533)
                      ; - java.lang.ClassLoader::defineClass@31 (line 1106)
  0x000001d0cfecdb58: 634b 0748 

  0x000001d0cfecdb5c: ;   {runtime_call fast_new_instance_init_check Runtime1 stub}
  0x000001d0cfecdb5c: 8bd2 e81d 

  0x000001d0cfecdb60: ; ImmutableOopMap {[128]=Oop [136]=Oop [144]=Oop [192]=Oop }
                      ;*new {reexecute=0 rethrow=0 return_oop=0}
                      ; - java.nio.ByteBuffer::arrayOffset@7 (line 1533)
                      ; - java.lang.ClassLoader::defineClass@31 (line 1106)
  0x000001d0cfecdb60: 6f4b 07e9 | edfc ffff 

  0x000001d0cfecdb68: ;   {metadata(nullptr)}
  0x000001d0cfecdb68: 48ba 0000 | 0000 0000 | 0000 b800 

  0x000001d0cfecdb74: ;   {runtime_call load_klass_patching Runtime1 stub}
  0x000001d0cfecdb74: 0f05 0ae8 

  0x000001d0cfecdb78: ; ImmutableOopMap {[120]=Oop [128]=Oop [136]=Oop [144]=Oop }
                      ;*new {reexecute=1 rethrow=0 return_oop=0}
                      ; - (reexecute) java.nio.ByteBuffer::array@22 (line 1507)
                      ; - java.lang.ClassLoader::defineClass@23 (line 1105)
  0x000001d0cfecdb78: 04a8 4b07 | e917 fdff | ff48 8bd2 

  0x000001d0cfecdb84: ;   {runtime_call new_instance Runtime1 stub}
  0x000001d0cfecdb84: e8f7 684b 

  0x000001d0cfecdb88: ; ImmutableOopMap {[120]=Oop [128]=Oop [136]=Oop [144]=Oop }
                      ;*new {reexecute=0 rethrow=0 return_oop=0}
                      ; - java.nio.ByteBuffer::array@22 (line 1507)
                      ; - java.lang.ClassLoader::defineClass@23 (line 1105)
  0x000001d0cfecdb88: 07e9 19fd 

  0x000001d0cfecdb8c: ;   {metadata(nullptr)}
  0x000001d0cfecdb8c: ffff 48ba | 0000 0000 | 0000 0000 | b800 0f05 

  0x000001d0cfecdb9c: ;   {runtime_call load_klass_patching Runtime1 stub}
  0x000001d0cfecdb9c: 0ae8 dea7 

  0x000001d0cfecdba0: ; ImmutableOopMap {[120]=Oop [128]=Oop [136]=Oop [144]=Oop }
                      ;*new {reexecute=1 rethrow=0 return_oop=0}
                      ; - (reexecute) java.nio.ByteBuffer::array@7 (line 1505)
                      ; - java.lang.ClassLoader::defineClass@23 (line 1105)
  0x000001d0cfecdba0: 4b07 e941 

  0x000001d0cfecdba4: ;   {runtime_call throw_null_pointer_exception Runtime1 stub}
  0x000001d0cfecdba4: fdff ffe8 

  0x000001d0cfecdba8: ; ImmutableOopMap {[120]=Oop [128]=Oop [136]=Oop [144]=Oop }
                      ;*new {reexecute=0 rethrow=0 return_oop=0}
                      ; - java.nio.ByteBuffer::array@7 (line 1505)
                      ; - java.lang.ClassLoader::defineClass@23 (line 1105)
  0x000001d0cfecdba8: d462 4b07 

  0x000001d0cfecdbac: ;   {runtime_call fast_new_instance_init_check Runtime1 stub}
  0x000001d0cfecdbac: 488b d2e8 

  0x000001d0cfecdbb0: ; ImmutableOopMap {[120]=Oop [128]=Oop [136]=Oop [144]=Oop }
                      ;*new {reexecute=0 rethrow=0 return_oop=0}
                      ; - java.nio.ByteBuffer::array@7 (line 1505)
                      ; - java.lang.ClassLoader::defineClass@23 (line 1105)
  0x000001d0cfecdbb0: cc6e 4b07 | e994 fdff | ff49 8b87 | 0005 0000 | 49c7 8700 | 0500 0000 | 0000 0049 | c787 0805 
  0x000001d0cfecdbd0: 0000 0000 | 0000 4881 | c4f0 0000 

  0x000001d0cfecdbdc: ;   {runtime_call unwind_exception Runtime1 stub}
  0x000001d0cfecdbdc: 005d e91d | 4f4b 07f4 | f4f4 f4f4 
[Stub Code]
  0x000001d0cfecdbe8: ;   {no_reloc}
  0x000001d0cfecdbe8: 0f1f 4400 

  0x000001d0cfecdbec: ;   {static_stub}
  0x000001d0cfecdbec: 0048 bb00 | 0000 0000 

  0x000001d0cfecdbf4: ;   {runtime_call}
  0x000001d0cfecdbf4: 0000 00e9 | fbff ffff 

  0x000001d0cfecdbfc: ;   {static_stub}
  0x000001d0cfecdbfc: 9048 bb00 | 0000 0000 

  0x000001d0cfecdc04: ;   {runtime_call}
  0x000001d0cfecdc04: 0000 00e9 | fbff ffff 

  0x000001d0cfecdc0c: ;   {static_stub}
  0x000001d0cfecdc0c: 9048 bb00 | 0000 0000 

  0x000001d0cfecdc14: ;   {runtime_call}
  0x000001d0cfecdc14: 0000 00e9 | fbff ffff 

  0x000001d0cfecdc1c: ;   {static_stub}
  0x000001d0cfecdc1c: 9048 bb00 | 0000 0000 

  0x000001d0cfecdc24: ;   {runtime_call}
  0x000001d0cfecdc24: 0000 00e9 | fbff ffff 

  0x000001d0cfecdc2c: ;   {static_stub}
  0x000001d0cfecdc2c: 9048 bb00 | 0000 0000 

  0x000001d0cfecdc34: ;   {runtime_call}
  0x000001d0cfecdc34: 0000 00e9 | fbff ffff 

  0x000001d0cfecdc3c: ;   {static_stub}
  0x000001d0cfecdc3c: 9048 bb00 | 0000 0000 

  0x000001d0cfecdc44: ;   {runtime_call}
  0x000001d0cfecdc44: 0000 00e9 | fbff ffff 

  0x000001d0cfecdc4c: ;   {static_stub}
  0x000001d0cfecdc4c: 9048 bb00 | 0000 0000 

  0x000001d0cfecdc54: ;   {runtime_call}
  0x000001d0cfecdc54: 0000 00e9 | fbff ffff 

  0x000001d0cfecdc5c: ;   {static_stub}
  0x000001d0cfecdc5c: 48bb 0000 | 0000 0000 

  0x000001d0cfecdc64: ;   {runtime_call}
  0x000001d0cfecdc64: 0000 e9fb 

  0x000001d0cfecdc68: ;   {static_stub}
  0x000001d0cfecdc68: ffff ff48 | bb00 0000 | 0000 0000 

  0x000001d0cfecdc74: ;   {runtime_call}
  0x000001d0cfecdc74: 00e9 fbff 

  0x000001d0cfecdc78: ;   {static_stub}
  0x000001d0cfecdc78: ffff 48bb | 0000 0000 | 0000 0000 

  0x000001d0cfecdc84: ;   {runtime_call}
  0x000001d0cfecdc84: e9fb ffff 

  0x000001d0cfecdc88: ;   {static_stub}
  0x000001d0cfecdc88: ff48 bb00 | 0000 0000 

  0x000001d0cfecdc90: ;   {runtime_call}
  0x000001d0cfecdc90: 0000 00e9 | fbff ffff 
[Exception Handler]
  0x000001d0cfecdc98: ;   {runtime_call handle_exception_from_callee Runtime1 stub}
  0x000001d0cfecdc98: e8e3 7f4b 

  0x000001d0cfecdc9c: ;   {external_word}
  0x000001d0cfecdc9c: 0748 b910 | f9e7 fcf9 | 7f00 0048 

  0x000001d0cfecdca8: ;   {runtime_call}
  0x000001d0cfecdca8: 83e4 f048 | b840 88af | fcf9 7f00 | 00ff d0f4 
[Deopt Handler Code]
  0x000001d0cfecdcb8: ;   {section_word}
  0x000001d0cfecdcb8: 49ba b8dc | eccf d001 | 0000 4152 

  0x000001d0cfecdcc4: ;   {runtime_call DeoptimizationBlob}
  0x000001d0cfecdcc4: e9d7 6c3f | 07f4 f4f4 | f4f4 f4f4 
[/MachCode]


---------------  P R O C E S S  ---------------

Threads class SMR info:
_java_thread_list=0x000001d0ec013c30, length=16, elements={
0x000001d0c789f210, 0x000001d0e64f72a0, 0x000001d0e64f7d00, 0x000001d0e6500600,
0x000001d0e64fd9f0, 0x000001d0e64fc640, 0x000001d0e64ff430, 0x000001d0e684b8c0,
0x000001d0e684bf70, 0x000001d0e64fe710, 0x000001d0e64fe080, 0x000001d0e64feda0,
0x000001d0e64ffac0, 0x000001d0e64fccd0, 0x000001d0e64fd360, 0x000001d0ec09d990
}

Java Threads: ( => current thread )
  0x000001d0c789f210 JavaThread "main"                              [_thread_blocked, id=22628, stack(0x000000761c300000,0x000000761c400000) (1024K)]
  0x000001d0e64f72a0 JavaThread "Reference Handler"          daemon [_thread_blocked, id=18688, stack(0x000000761cb00000,0x000000761cc00000) (1024K)]
  0x000001d0e64f7d00 JavaThread "Finalizer"                  daemon [_thread_blocked, id=26408, stack(0x000000761cc00000,0x000000761cd00000) (1024K)]
  0x000001d0e6500600 JavaThread "Signal Dispatcher"          daemon [_thread_blocked, id=24364, stack(0x000000761cd00000,0x000000761ce00000) (1024K)]
  0x000001d0e64fd9f0 JavaThread "Attach Listener"            daemon [_thread_blocked, id=8840, stack(0x000000761ce00000,0x000000761cf00000) (1024K)]
  0x000001d0e64fc640 JavaThread "Service Thread"             daemon [_thread_blocked, id=21724, stack(0x000000761cf00000,0x000000761d000000) (1024K)]
  0x000001d0e64ff430 JavaThread "Monitor Deflation Thread"   daemon [_thread_blocked, id=6468, stack(0x000000761d000000,0x000000761d100000) (1024K)]
  0x000001d0e684b8c0 JavaThread "C2 CompilerThread0"         daemon [_thread_blocked, id=25260, stack(0x000000761d100000,0x000000761d200000) (1024K)]
  0x000001d0e684bf70 JavaThread "C1 CompilerThread0"         daemon [_thread_blocked, id=12484, stack(0x000000761d200000,0x000000761d300000) (1024K)]
  0x000001d0e64fe710 JavaThread "Common-Cleaner"             daemon [_thread_blocked, id=21964, stack(0x000000761d300000,0x000000761d400000) (1024K)]
  0x000001d0e64fe080 JavaThread "Notification Thread"        daemon [_thread_blocked, id=12296, stack(0x000000761d600000,0x000000761d700000) (1024K)]
  0x000001d0e64feda0 JavaThread "JavaFX-Launcher"                   [_thread_blocked, id=20600, stack(0x000000761d700000,0x000000761d800000) (1024K)]
  0x000001d0e64ffac0 JavaThread "QuantumRenderer-0"          daemon [_thread_blocked, id=9824, stack(0x000000761d800000,0x000000761d900000) (1024K)]
  0x000001d0e64fccd0 JavaThread "InvokeLaterDispatcher"      daemon [_thread_blocked, id=1488, stack(0x000000761d900000,0x000000761da00000) (1024K)]
=>0x000001d0e64fd360 JavaThread "JavaFX Application Thread"         [_thread_in_vm, id=24408, stack(0x000000761d500000,0x000000761d600000) (1024K)]
  0x000001d0ec09d990 JavaThread "Thread-2"                   daemon [_thread_in_native, id=19556, stack(0x000000761e000000,0x000000761e100000) (1024K)]
Total: 16

Other Threads:
  0x000001d0e64dcf20 VMThread "VM Thread"                           [id=26876, stack(0x000000761ca00000,0x000000761cb00000) (1024K)]
  0x000001d0e64c7570 WatcherThread "VM Periodic Task Thread"        [id=10492, stack(0x000000761c900000,0x000000761ca00000) (1024K)]
  0x000001d0c78fea60 WorkerThread "GC Thread#0"                     [id=10488, stack(0x000000761c400000,0x000000761c500000) (1024K)]
  0x000001d0ec0a4c30 WorkerThread "GC Thread#1"                     [id=27600, stack(0x000000761e100000,0x000000761e200000) (1024K)]
  0x000001d0ec0a4fe0 WorkerThread "GC Thread#2"                     [id=15120, stack(0x000000761e200000,0x000000761e300000) (1024K)]
  0x000001d0ec0a5390 WorkerThread "GC Thread#3"                     [id=2400, stack(0x000000761e300000,0x000000761e400000) (1024K)]
  0x000001d0ec0a9750 WorkerThread "GC Thread#4"                     [id=4856, stack(0x000000761e400000,0x000000761e500000) (1024K)]
  0x000001d0ec0aea20 WorkerThread "GC Thread#5"                     [id=26384, stack(0x000000761e500000,0x000000761e600000) (1024K)]
  0x000001d0c7910d60 ConcurrentGCThread "G1 Main Marker"            [id=18216, stack(0x000000761c500000,0x000000761c600000) (1024K)]
  0x000001d0c79125f0 WorkerThread "G1 Conc#0"                       [id=26124, stack(0x000000761c600000,0x000000761c700000) (1024K)]
  0x000001d0e6398090 ConcurrentGCThread "G1 Refine#0"               [id=25012, stack(0x000000761c700000,0x000000761c800000) (1024K)]
  0x000001d0e63998d0 ConcurrentGCThread "G1 Service"                [id=26348, stack(0x000000761c800000,0x000000761c900000) (1024K)]
Total: 12

Threads with active compile tasks:
Total: 0

VM state: not at safepoint (normal execution)

VM Mutex/Monitor currently owned by a thread:  ([mutex/lock_event])
[0x00007ff9fd117f10] Metaspace_lock - owner thread: 0x000001d0e64fd360

Heap address: 0x000000070c000000, size: 3904 MB, Compressed Oops mode: Zero based, Oop shift amount: 3

CDS archive(s) mapped at: [0x000001d080000000-0x000001d080c90000-0x000001d080c90000), size 13172736, SharedBaseAddress: 0x000001d080000000, ArchiveRelocationMode: 1.
Compressed class space mapped at: 0x000001d081000000-0x000001d0c1000000, reserved size: 1073741824
Narrow klass base: 0x000001d080000000, Narrow klass shift: 0, Narrow klass range: 0x100000000

GC Precious Log:
 CardTable entry size: 512
 Card Set container configuration: InlinePtr #cards 4 size 8 Array Of Cards #cards 16 size 48 Howl #buckets 8 coarsen threshold 3686 Howl Bitmap #cards 512 size 80 coarsen threshold 460 Card regions per heap region 1 cards per card region 4096
 CPUs: 8 total, 8 available
 Memory: 15610M
 Large Page Support: Disabled
 NUMA Support: Disabled
 Compressed Oops: Enabled (Zero based)
 Heap Region Size: 2M
 Heap Min Capacity: 8M
 Heap Initial Capacity: 244M
 Heap Max Capacity: 3904M
 Pre-touch: Disabled
 Parallel Workers: 8
 Concurrent Workers: 2
 Concurrent Refinement Workers: 8
 Periodic GC: Disabled

Heap:
 garbage-first heap   total 249856K, used 10922K [0x000000070c000000, 0x0000000800000000)
  region size 2048K, 8 young (16384K), 2 survivors (4096K)
 Metaspace       used 6371K, committed 6528K, reserved 1114112K
  class space    used 799K, committed 832K, reserved 1048576K

Heap Regions: E=young(eden), S=young(survivor), O=old, HS=humongous(starts), HC=humongous(continues), CS=collection set, F=free, TAMS=top-at-mark-start, PB=parsable bottom
|   0|0x000000070c000000, 0x000000070c000000, 0x000000070c200000|  0%| F|  |TAMS 0x000000070c000000| PB 0x000000070c000000| Untracked 
|   1|0x000000070c200000, 0x000000070c200000, 0x000000070c400000|  0%| F|  |TAMS 0x000000070c200000| PB 0x000000070c200000| Untracked 
|   2|0x000000070c400000, 0x000000070c400000, 0x000000070c600000|  0%| F|  |TAMS 0x000000070c400000| PB 0x000000070c400000| Untracked 
|   3|0x000000070c600000, 0x000000070c600000, 0x000000070c800000|  0%| F|  |TAMS 0x000000070c600000| PB 0x000000070c600000| Untracked 
|   4|0x000000070c800000, 0x000000070c800000, 0x000000070ca00000|  0%| F|  |TAMS 0x000000070c800000| PB 0x000000070c800000| Untracked 
|   5|0x000000070ca00000, 0x000000070ca00000, 0x000000070cc00000|  0%| F|  |TAMS 0x000000070ca00000| PB 0x000000070ca00000| Untracked 
|   6|0x000000070cc00000, 0x000000070cc00000, 0x000000070ce00000|  0%| F|  |TAMS 0x000000070cc00000| PB 0x000000070cc00000| Untracked 
|   7|0x000000070ce00000, 0x000000070ce00000, 0x000000070d000000|  0%| F|  |TAMS 0x000000070ce00000| PB 0x000000070ce00000| Untracked 
|   8|0x000000070d000000, 0x000000070d000000, 0x000000070d200000|  0%| F|  |TAMS 0x000000070d000000| PB 0x000000070d000000| Untracked 
|   9|0x000000070d200000, 0x000000070d200000, 0x000000070d400000|  0%| F|  |TAMS 0x000000070d200000| PB 0x000000070d200000| Untracked 
|  10|0x000000070d400000, 0x000000070d400000, 0x000000070d600000|  0%| F|  |TAMS 0x000000070d400000| PB 0x000000070d400000| Untracked 
|  11|0x000000070d600000, 0x000000070d600000, 0x000000070d800000|  0%| F|  |TAMS 0x000000070d600000| PB 0x000000070d600000| Untracked 
|  12|0x000000070d800000, 0x000000070d800000, 0x000000070da00000|  0%| F|  |TAMS 0x000000070d800000| PB 0x000000070d800000| Untracked 
|  13|0x000000070da00000, 0x000000070da00000, 0x000000070dc00000|  0%| F|  |TAMS 0x000000070da00000| PB 0x000000070da00000| Untracked 
|  14|0x000000070dc00000, 0x000000070dc00000, 0x000000070de00000|  0%| F|  |TAMS 0x000000070dc00000| PB 0x000000070dc00000| Untracked 
|  15|0x000000070de00000, 0x000000070de00000, 0x000000070e000000|  0%| F|  |TAMS 0x000000070de00000| PB 0x000000070de00000| Untracked 
|  16|0x000000070e000000, 0x000000070e000000, 0x000000070e200000|  0%| F|  |TAMS 0x000000070e000000| PB 0x000000070e000000| Untracked 
|  17|0x000000070e200000, 0x000000070e200000, 0x000000070e400000|  0%| F|  |TAMS 0x000000070e200000| PB 0x000000070e200000| Untracked 
|  18|0x000000070e400000, 0x000000070e400000, 0x000000070e600000|  0%| F|  |TAMS 0x000000070e400000| PB 0x000000070e400000| Untracked 
|  19|0x000000070e600000, 0x000000070e600000, 0x000000070e800000|  0%| F|  |TAMS 0x000000070e600000| PB 0x000000070e600000| Untracked 
|  20|0x000000070e800000, 0x000000070e800000, 0x000000070ea00000|  0%| F|  |TAMS 0x000000070e800000| PB 0x000000070e800000| Untracked 
|  21|0x000000070ea00000, 0x000000070ea00000, 0x000000070ec00000|  0%| F|  |TAMS 0x000000070ea00000| PB 0x000000070ea00000| Untracked 
|  22|0x000000070ec00000, 0x000000070ec00000, 0x000000070ee00000|  0%| F|  |TAMS 0x000000070ec00000| PB 0x000000070ec00000| Untracked 
|  23|0x000000070ee00000, 0x000000070ee00000, 0x000000070f000000|  0%| F|  |TAMS 0x000000070ee00000| PB 0x000000070ee00000| Untracked 
|  24|0x000000070f000000, 0x000000070f000000, 0x000000070f200000|  0%| F|  |TAMS 0x000000070f000000| PB 0x000000070f000000| Untracked 
|  25|0x000000070f200000, 0x000000070f200000, 0x000000070f400000|  0%| F|  |TAMS 0x000000070f200000| PB 0x000000070f200000| Untracked 
|  26|0x000000070f400000, 0x000000070f400000, 0x000000070f600000|  0%| F|  |TAMS 0x000000070f400000| PB 0x000000070f400000| Untracked 
|  27|0x000000070f600000, 0x000000070f600000, 0x000000070f800000|  0%| F|  |TAMS 0x000000070f600000| PB 0x000000070f600000| Untracked 
|  28|0x000000070f800000, 0x000000070f800000, 0x000000070fa00000|  0%| F|  |TAMS 0x000000070f800000| PB 0x000000070f800000| Untracked 
|  29|0x000000070fa00000, 0x000000070fa00000, 0x000000070fc00000|  0%| F|  |TAMS 0x000000070fa00000| PB 0x000000070fa00000| Untracked 
|  30|0x000000070fc00000, 0x000000070fc00000, 0x000000070fe00000|  0%| F|  |TAMS 0x000000070fc00000| PB 0x000000070fc00000| Untracked 
|  31|0x000000070fe00000, 0x000000070fe00000, 0x0000000710000000|  0%| F|  |TAMS 0x000000070fe00000| PB 0x000000070fe00000| Untracked 
|  32|0x0000000710000000, 0x0000000710000000, 0x0000000710200000|  0%| F|  |TAMS 0x0000000710000000| PB 0x0000000710000000| Untracked 
|  33|0x0000000710200000, 0x0000000710200000, 0x0000000710400000|  0%| F|  |TAMS 0x0000000710200000| PB 0x0000000710200000| Untracked 
|  34|0x0000000710400000, 0x0000000710400000, 0x0000000710600000|  0%| F|  |TAMS 0x0000000710400000| PB 0x0000000710400000| Untracked 
|  35|0x0000000710600000, 0x0000000710600000, 0x0000000710800000|  0%| F|  |TAMS 0x0000000710600000| PB 0x0000000710600000| Untracked 
|  36|0x0000000710800000, 0x0000000710800000, 0x0000000710a00000|  0%| F|  |TAMS 0x0000000710800000| PB 0x0000000710800000| Untracked 
|  37|0x0000000710a00000, 0x0000000710a00000, 0x0000000710c00000|  0%| F|  |TAMS 0x0000000710a00000| PB 0x0000000710a00000| Untracked 
|  38|0x0000000710c00000, 0x0000000710c00000, 0x0000000710e00000|  0%| F|  |TAMS 0x0000000710c00000| PB 0x0000000710c00000| Untracked 
|  39|0x0000000710e00000, 0x0000000710e00000, 0x0000000711000000|  0%| F|  |TAMS 0x0000000710e00000| PB 0x0000000710e00000| Untracked 
|  40|0x0000000711000000, 0x0000000711000000, 0x0000000711200000|  0%| F|  |TAMS 0x0000000711000000| PB 0x0000000711000000| Untracked 
|  41|0x0000000711200000, 0x0000000711200000, 0x0000000711400000|  0%| F|  |TAMS 0x0000000711200000| PB 0x0000000711200000| Untracked 
|  42|0x0000000711400000, 0x0000000711400000, 0x0000000711600000|  0%| F|  |TAMS 0x0000000711400000| PB 0x0000000711400000| Untracked 
|  43|0x0000000711600000, 0x0000000711600000, 0x0000000711800000|  0%| F|  |TAMS 0x0000000711600000| PB 0x0000000711600000| Untracked 
|  44|0x0000000711800000, 0x0000000711800000, 0x0000000711a00000|  0%| F|  |TAMS 0x0000000711800000| PB 0x0000000711800000| Untracked 
|  45|0x0000000711a00000, 0x0000000711a00000, 0x0000000711c00000|  0%| F|  |TAMS 0x0000000711a00000| PB 0x0000000711a00000| Untracked 
|  46|0x0000000711c00000, 0x0000000711c00000, 0x0000000711e00000|  0%| F|  |TAMS 0x0000000711c00000| PB 0x0000000711c00000| Untracked 
|  47|0x0000000711e00000, 0x0000000711e00000, 0x0000000712000000|  0%| F|  |TAMS 0x0000000711e00000| PB 0x0000000711e00000| Untracked 
|  48|0x0000000712000000, 0x0000000712000000, 0x0000000712200000|  0%| F|  |TAMS 0x0000000712000000| PB 0x0000000712000000| Untracked 
|  49|0x0000000712200000, 0x0000000712200000, 0x0000000712400000|  0%| F|  |TAMS 0x0000000712200000| PB 0x0000000712200000| Untracked 
|  50|0x0000000712400000, 0x0000000712400000, 0x0000000712600000|  0%| F|  |TAMS 0x0000000712400000| PB 0x0000000712400000| Untracked 
|  51|0x0000000712600000, 0x0000000712600000, 0x0000000712800000|  0%| F|  |TAMS 0x0000000712600000| PB 0x0000000712600000| Untracked 
|  52|0x0000000712800000, 0x0000000712800000, 0x0000000712a00000|  0%| F|  |TAMS 0x0000000712800000| PB 0x0000000712800000| Untracked 
|  53|0x0000000712a00000, 0x0000000712a00000, 0x0000000712c00000|  0%| F|  |TAMS 0x0000000712a00000| PB 0x0000000712a00000| Untracked 
|  54|0x0000000712c00000, 0x0000000712c00000, 0x0000000712e00000|  0%| F|  |TAMS 0x0000000712c00000| PB 0x0000000712c00000| Untracked 
|  55|0x0000000712e00000, 0x0000000712e00000, 0x0000000713000000|  0%| F|  |TAMS 0x0000000712e00000| PB 0x0000000712e00000| Untracked 
|  56|0x0000000713000000, 0x0000000713000000, 0x0000000713200000|  0%| F|  |TAMS 0x0000000713000000| PB 0x0000000713000000| Untracked 
|  57|0x0000000713200000, 0x0000000713200000, 0x0000000713400000|  0%| F|  |TAMS 0x0000000713200000| PB 0x0000000713200000| Untracked 
|  58|0x0000000713400000, 0x0000000713400000, 0x0000000713600000|  0%| F|  |TAMS 0x0000000713400000| PB 0x0000000713400000| Untracked 
|  59|0x0000000713600000, 0x0000000713600000, 0x0000000713800000|  0%| F|  |TAMS 0x0000000713600000| PB 0x0000000713600000| Untracked 
|  60|0x0000000713800000, 0x0000000713800000, 0x0000000713a00000|  0%| F|  |TAMS 0x0000000713800000| PB 0x0000000713800000| Untracked 
|  61|0x0000000713a00000, 0x0000000713a00000, 0x0000000713c00000|  0%| F|  |TAMS 0x0000000713a00000| PB 0x0000000713a00000| Untracked 
|  62|0x0000000713c00000, 0x0000000713c00000, 0x0000000713e00000|  0%| F|  |TAMS 0x0000000713c00000| PB 0x0000000713c00000| Untracked 
|  63|0x0000000713e00000, 0x0000000713e00000, 0x0000000714000000|  0%| F|  |TAMS 0x0000000713e00000| PB 0x0000000713e00000| Untracked 
|  64|0x0000000714000000, 0x0000000714000000, 0x0000000714200000|  0%| F|  |TAMS 0x0000000714000000| PB 0x0000000714000000| Untracked 
|  65|0x0000000714200000, 0x0000000714200000, 0x0000000714400000|  0%| F|  |TAMS 0x0000000714200000| PB 0x0000000714200000| Untracked 
|  66|0x0000000714400000, 0x0000000714400000, 0x0000000714600000|  0%| F|  |TAMS 0x0000000714400000| PB 0x0000000714400000| Untracked 
|  67|0x0000000714600000, 0x0000000714600000, 0x0000000714800000|  0%| F|  |TAMS 0x0000000714600000| PB 0x0000000714600000| Untracked 
|  68|0x0000000714800000, 0x0000000714800000, 0x0000000714a00000|  0%| F|  |TAMS 0x0000000714800000| PB 0x0000000714800000| Untracked 
|  69|0x0000000714a00000, 0x0000000714a00000, 0x0000000714c00000|  0%| F|  |TAMS 0x0000000714a00000| PB 0x0000000714a00000| Untracked 
|  70|0x0000000714c00000, 0x0000000714c00000, 0x0000000714e00000|  0%| F|  |TAMS 0x0000000714c00000| PB 0x0000000714c00000| Untracked 
|  71|0x0000000714e00000, 0x0000000714e00000, 0x0000000715000000|  0%| F|  |TAMS 0x0000000714e00000| PB 0x0000000714e00000| Untracked 
|  72|0x0000000715000000, 0x0000000715000000, 0x0000000715200000|  0%| F|  |TAMS 0x0000000715000000| PB 0x0000000715000000| Untracked 
|  73|0x0000000715200000, 0x0000000715200000, 0x0000000715400000|  0%| F|  |TAMS 0x0000000715200000| PB 0x0000000715200000| Untracked 
|  74|0x0000000715400000, 0x0000000715400000, 0x0000000715600000|  0%| F|  |TAMS 0x0000000715400000| PB 0x0000000715400000| Untracked 
|  75|0x0000000715600000, 0x0000000715600000, 0x0000000715800000|  0%| F|  |TAMS 0x0000000715600000| PB 0x0000000715600000| Untracked 
|  76|0x0000000715800000, 0x0000000715800000, 0x0000000715a00000|  0%| F|  |TAMS 0x0000000715800000| PB 0x0000000715800000| Untracked 
|  77|0x0000000715a00000, 0x0000000715a00000, 0x0000000715c00000|  0%| F|  |TAMS 0x0000000715a00000| PB 0x0000000715a00000| Untracked 
|  78|0x0000000715c00000, 0x0000000715c00000, 0x0000000715e00000|  0%| F|  |TAMS 0x0000000715c00000| PB 0x0000000715c00000| Untracked 
|  79|0x0000000715e00000, 0x0000000715e00000, 0x0000000716000000|  0%| F|  |TAMS 0x0000000715e00000| PB 0x0000000715e00000| Untracked 
|  80|0x0000000716000000, 0x0000000716000000, 0x0000000716200000|  0%| F|  |TAMS 0x0000000716000000| PB 0x0000000716000000| Untracked 
|  81|0x0000000716200000, 0x0000000716200000, 0x0000000716400000|  0%| F|  |TAMS 0x0000000716200000| PB 0x0000000716200000| Untracked 
|  82|0x0000000716400000, 0x0000000716400000, 0x0000000716600000|  0%| F|  |TAMS 0x0000000716400000| PB 0x0000000716400000| Untracked 
|  83|0x0000000716600000, 0x0000000716600000, 0x0000000716800000|  0%| F|  |TAMS 0x0000000716600000| PB 0x0000000716600000| Untracked 
|  84|0x0000000716800000, 0x0000000716800000, 0x0000000716a00000|  0%| F|  |TAMS 0x0000000716800000| PB 0x0000000716800000| Untracked 
|  85|0x0000000716a00000, 0x0000000716a00000, 0x0000000716c00000|  0%| F|  |TAMS 0x0000000716a00000| PB 0x0000000716a00000| Untracked 
|  86|0x0000000716c00000, 0x0000000716c00000, 0x0000000716e00000|  0%| F|  |TAMS 0x0000000716c00000| PB 0x0000000716c00000| Untracked 
|  87|0x0000000716e00000, 0x0000000716e00000, 0x0000000717000000|  0%| F|  |TAMS 0x0000000716e00000| PB 0x0000000716e00000| Untracked 
|  88|0x0000000717000000, 0x0000000717000000, 0x0000000717200000|  0%| F|  |TAMS 0x0000000717000000| PB 0x0000000717000000| Untracked 
|  89|0x0000000717200000, 0x0000000717200000, 0x0000000717400000|  0%| F|  |TAMS 0x0000000717200000| PB 0x0000000717200000| Untracked 
|  90|0x0000000717400000, 0x0000000717400000, 0x0000000717600000|  0%| F|  |TAMS 0x0000000717400000| PB 0x0000000717400000| Untracked 
|  91|0x0000000717600000, 0x0000000717600000, 0x0000000717800000|  0%| F|  |TAMS 0x0000000717600000| PB 0x0000000717600000| Untracked 
|  92|0x0000000717800000, 0x0000000717800000, 0x0000000717a00000|  0%| F|  |TAMS 0x0000000717800000| PB 0x0000000717800000| Untracked 
|  93|0x0000000717a00000, 0x0000000717a00000, 0x0000000717c00000|  0%| F|  |TAMS 0x0000000717a00000| PB 0x0000000717a00000| Untracked 
|  94|0x0000000717c00000, 0x0000000717c00000, 0x0000000717e00000|  0%| F|  |TAMS 0x0000000717c00000| PB 0x0000000717c00000| Untracked 
|  95|0x0000000717e00000, 0x0000000717e00000, 0x0000000718000000|  0%| F|  |TAMS 0x0000000717e00000| PB 0x0000000717e00000| Untracked 
|  96|0x0000000718000000, 0x0000000718000000, 0x0000000718200000|  0%| F|  |TAMS 0x0000000718000000| PB 0x0000000718000000| Untracked 
|  97|0x0000000718200000, 0x0000000718200000, 0x0000000718400000|  0%| F|  |TAMS 0x0000000718200000| PB 0x0000000718200000| Untracked 
|  98|0x0000000718400000, 0x0000000718400000, 0x0000000718600000|  0%| F|  |TAMS 0x0000000718400000| PB 0x0000000718400000| Untracked 
|  99|0x0000000718600000, 0x0000000718600000, 0x0000000718800000|  0%| F|  |TAMS 0x0000000718600000| PB 0x0000000718600000| Untracked 
| 100|0x0000000718800000, 0x0000000718800000, 0x0000000718a00000|  0%| F|  |TAMS 0x0000000718800000| PB 0x0000000718800000| Untracked 
| 101|0x0000000718a00000, 0x0000000718a00000, 0x0000000718c00000|  0%| F|  |TAMS 0x0000000718a00000| PB 0x0000000718a00000| Untracked 
| 102|0x0000000718c00000, 0x0000000718c00000, 0x0000000718e00000|  0%| F|  |TAMS 0x0000000718c00000| PB 0x0000000718c00000| Untracked 
| 103|0x0000000718e00000, 0x0000000718e00000, 0x0000000719000000|  0%| F|  |TAMS 0x0000000718e00000| PB 0x0000000718e00000| Untracked 
| 104|0x0000000719000000, 0x0000000719000000, 0x0000000719200000|  0%| F|  |TAMS 0x0000000719000000| PB 0x0000000719000000| Untracked 
| 105|0x0000000719200000, 0x0000000719200000, 0x0000000719400000|  0%| F|  |TAMS 0x0000000719200000| PB 0x0000000719200000| Untracked 
| 106|0x0000000719400000, 0x0000000719400000, 0x0000000719600000|  0%| F|  |TAMS 0x0000000719400000| PB 0x0000000719400000| Untracked 
| 107|0x0000000719600000, 0x0000000719600000, 0x0000000719800000|  0%| F|  |TAMS 0x0000000719600000| PB 0x0000000719600000| Untracked 
| 108|0x0000000719800000, 0x0000000719800000, 0x0000000719a00000|  0%| F|  |TAMS 0x0000000719800000| PB 0x0000000719800000| Untracked 
| 109|0x0000000719a00000, 0x0000000719aaaa80, 0x0000000719c00000| 33%| S|CS|TAMS 0x0000000719a00000| PB 0x0000000719a00000| Complete 
| 110|0x0000000719c00000, 0x0000000719e00000, 0x0000000719e00000|100%| S|CS|TAMS 0x0000000719c00000| PB 0x0000000719c00000| Complete 
| 111|0x0000000719e00000, 0x0000000719e00000, 0x000000071a000000|  0%| F|  |TAMS 0x0000000719e00000| PB 0x0000000719e00000| Untracked 
| 112|0x000000071a000000, 0x000000071a000000, 0x000000071a200000|  0%| F|  |TAMS 0x000000071a000000| PB 0x000000071a000000| Untracked 
| 113|0x000000071a200000, 0x000000071a200000, 0x000000071a400000|  0%| F|  |TAMS 0x000000071a200000| PB 0x000000071a200000| Untracked 
| 114|0x000000071a400000, 0x000000071a400000, 0x000000071a600000|  0%| F|  |TAMS 0x000000071a400000| PB 0x000000071a400000| Untracked 
| 115|0x000000071a600000, 0x000000071a600000, 0x000000071a800000|  0%| F|  |TAMS 0x000000071a600000| PB 0x000000071a600000| Untracked 
| 116|0x000000071a800000, 0x000000071a9793f0, 0x000000071aa00000| 73%| E|  |TAMS 0x000000071a800000| PB 0x000000071a800000| Complete 
| 117|0x000000071aa00000, 0x000000071ac00000, 0x000000071ac00000|100%| E|  |TAMS 0x000000071aa00000| PB 0x000000071aa00000| Complete 
| 118|0x000000071ac00000, 0x000000071ae00000, 0x000000071ae00000|100%| E|CS|TAMS 0x000000071ac00000| PB 0x000000071ac00000| Complete 
| 119|0x000000071ae00000, 0x000000071b000000, 0x000000071b000000|100%| E|CS|TAMS 0x000000071ae00000| PB 0x000000071ae00000| Complete 
| 120|0x000000071b000000, 0x000000071b200000, 0x000000071b200000|100%| E|CS|TAMS 0x000000071b000000| PB 0x000000071b000000| Complete 
| 121|0x000000071b200000, 0x000000071b400000, 0x000000071b400000|100%| E|CS|TAMS 0x000000071b200000| PB 0x000000071b200000| Complete 

Card table byte_map: [0x000001d0df810000,0x000001d0dffb0000] _byte_map_base: 0x000001d0dbfb0000

Marking Bits: (CMBitMap*) 0x000001d0c7901080
 Bits: [0x000001d0dffb0000, 0x000001d0e3cb0000)

Polling page: 0x000001d0c5770000

Metaspace:

Usage:
  Non-class:      5.44 MB used.
      Class:    799.10 KB used.
       Both:      6.22 MB used.

Virtual space:
  Non-class space:       64.00 MB reserved,       5.56 MB (  9%) committed,  1 nodes.
      Class space:        1.00 GB reserved,     832.00 KB ( <1%) committed,  1 nodes.
             Both:        1.06 GB reserved,       6.38 MB ( <1%) committed. 

Chunk freelists:
   Non-Class:  8.09 MB
       Class:  15.05 MB
        Both:  23.14 MB

MaxMetaspaceSize: unlimited
CompressedClassSpaceSize: 1.00 GB
Initial GC threshold: 21.00 MB
Current GC threshold: 21.00 MB
CDS: on
 - commit_granule_bytes: 65536.
 - commit_granule_words: 8192.
 - virtual_space_node_default_size: 8388608.
 - enlarge_chunks_in_place: 1.
 - use_allocation_guard: 0.


Internal statistics:

num_allocs_failed_limit: 0.
num_arena_births: 98.
num_arena_deaths: 0.
num_vsnodes_births: 2.
num_vsnodes_deaths: 0.
num_space_committed: 102.
num_space_uncommitted: 0.
num_chunks_returned_to_freelist: 0.
num_chunks_taken_from_freelist: 296.
num_chunk_merges: 0.
num_chunk_splits: 209.
num_chunks_enlarged: 157.
num_inconsistent_stats: 0.

CodeHeap 'non-profiled nmethods': size=120000Kb used=376Kb max_used=376Kb free=119624Kb
 bounds [0x000001d0d7810000, 0x000001d0d7a80000, 0x000001d0ded40000]
CodeHeap 'profiled nmethods': size=120000Kb used=1715Kb max_used=1715Kb free=118285Kb
 bounds [0x000001d0cfd40000, 0x000001d0cffb0000, 0x000001d0d7270000]
CodeHeap 'non-nmethods': size=5760Kb used=1490Kb max_used=1508Kb free=4269Kb
 bounds [0x000001d0d7270000, 0x000001d0d74e0000, 0x000001d0d7810000]
 total_blobs=1643 nmethods=1075 adapters=473
 compilation: enabled
              stopped_count=0, restarted_count=0
 full_count=0

Compilation events (20 events):
Event: 0.927 Thread 0x000001d0e684bf70 1066       3       java.io.DataInputStream::read (11 bytes)
Event: 0.927 Thread 0x000001d0e684bf70 nmethod 1066 0x000001d0cfee6d10 code [0x000001d0cfee6ec0, 0x000001d0cfee70a0]
Event: 0.933 Thread 0x000001d0e684b8c0 nmethod 1055 0x000001d0d786b510 code [0x000001d0d786b6a0, 0x000001d0d786b8f8]
Event: 0.937 Thread 0x000001d0e684bf70 1067 %     3       com.sun.javafx.image.impl.ByteBgra$ToByteBgraPreConv::doConvert @ 27 (214 bytes)
Event: 0.938 Thread 0x000001d0e684bf70 nmethod 1067% 0x000001d0cfee7190 code [0x000001d0cfee7360, 0x000001d0cfee7a68]
Event: 0.938 Thread 0x000001d0e684bf70 1068       3       com.sun.javafx.image.impl.ByteBgra$ToByteBgraPreConv::doConvert (214 bytes)
Event: 0.938 Thread 0x000001d0e684bf70 nmethod 1068 0x000001d0cfee7d90 code [0x000001d0cfee7f60, 0x000001d0cfee8490]
Event: 0.938 Thread 0x000001d0e684b8c0 1069 %     4       com.sun.javafx.image.impl.ByteBgra$ToByteBgraPreConv::doConvert @ 27 (214 bytes)
Event: 0.943 Thread 0x000001d0e684bf70 1070 %     3       com.sun.javafx.image.impl.BaseByteToByteConverter$FourByteReorderer::doConvert @ 27 (138 bytes)
Event: 0.943 Thread 0x000001d0e684bf70 nmethod 1070% 0x000001d0cfee8790 code [0x000001d0cfee8960, 0x000001d0cfee8f60]
Event: 0.944 Thread 0x000001d0e684bf70 1071       3       com.sun.javafx.image.impl.BaseByteToByteConverter$FourByteReorderer::doConvert (138 bytes)
Event: 0.944 Thread 0x000001d0e684bf70 nmethod 1071 0x000001d0cfee9210 code [0x000001d0cfee93e0, 0x000001d0cfee97b8]
Event: 0.953 Thread 0x000001d0e684b8c0 nmethod 1069% 0x000001d0d786ba10 code [0x000001d0d786bbc0, 0x000001d0d786c560]
Event: 0.953 Thread 0x000001d0e684b8c0 1072 %     4       com.sun.javafx.image.impl.BaseByteToByteConverter$FourByteReorderer::doConvert @ 27 (138 bytes)
Event: 0.965 Thread 0x000001d0e684bf70 1073       3       java.lang.invoke.MethodHandles$Lookup::in (283 bytes)
Event: 0.966 Thread 0x000001d0e684bf70 nmethod 1073 0x000001d0cfee9a10 code [0x000001d0cfee9e20, 0x000001d0cfeeb790]
Event: 0.970 Thread 0x000001d0e684bf70 1074       3       java.lang.invoke.MethodType::toMethodDescriptorString (28 bytes)
Event: 0.970 Thread 0x000001d0e684bf70 nmethod 1074 0x000001d0cfeec010 code [0x000001d0cfeec1c0, 0x000001d0cfeec3b0]
Event: 0.970 Thread 0x000001d0e684bf70 1075       3       jdk.internal.org.objectweb.asm.MethodWriter::visitInsn (115 bytes)
Event: 0.971 Thread 0x000001d0e684bf70 nmethod 1075 0x000001d0cfeec490 code [0x000001d0cfeec680, 0x000001d0cfeecaa0]

GC Heap History (2 events):
Event: 0.696 GC heap before
{Heap before GC invocations=0 (full 0):
 garbage-first heap   total 249856K, used 20480K [0x000000070c000000, 0x0000000800000000)
  region size 2048K, 11 young (22528K), 0 survivors (0K)
 Metaspace       used 3998K, committed 4224K, reserved 1114112K
  class space    used 372K, committed 448K, reserved 1048576K
}
Event: 0.699 GC heap after
{Heap after GC invocations=1 (full 0):
 garbage-first heap   total 249856K, used 2730K [0x000000070c000000, 0x0000000800000000)
  region size 2048K, 2 young (4096K), 2 survivors (4096K)
 Metaspace       used 3998K, committed 4224K, reserved 1114112K
  class space    used 372K, committed 448K, reserved 1048576K
}

Dll operation events (20 events):
Event: 0.411 Loaded shared library C:\Users\Razza\.openjfx\cache\21.0.1+6\amd64\api-ms-win-crt-heap-l1-1-0.dll
Event: 0.414 Loaded shared library C:\Users\Razza\.openjfx\cache\21.0.1+6\amd64\api-ms-win-crt-locale-l1-1-0.dll
Event: 0.417 Loaded shared library C:\Users\Razza\.openjfx\cache\21.0.1+6\amd64\api-ms-win-crt-math-l1-1-0.dll
Event: 0.419 Loaded shared library C:\Users\Razza\.openjfx\cache\21.0.1+6\amd64\api-ms-win-crt-multibyte-l1-1-0.dll
Event: 0.423 Loaded shared library C:\Users\Razza\.openjfx\cache\21.0.1+6\amd64\api-ms-win-crt-private-l1-1-0.dll
Event: 0.426 Loaded shared library C:\Users\Razza\.openjfx\cache\21.0.1+6\amd64\api-ms-win-crt-process-l1-1-0.dll
Event: 0.428 Loaded shared library C:\Users\Razza\.openjfx\cache\21.0.1+6\amd64\api-ms-win-crt-runtime-l1-1-0.dll
Event: 0.431 Loaded shared library C:\Users\Razza\.openjfx\cache\21.0.1+6\amd64\api-ms-win-crt-stdio-l1-1-0.dll
Event: 0.433 Loaded shared library C:\Users\Razza\.openjfx\cache\21.0.1+6\amd64\api-ms-win-crt-string-l1-1-0.dll
Event: 0.436 Loaded shared library C:\Users\Razza\.openjfx\cache\21.0.1+6\amd64\api-ms-win-crt-time-l1-1-0.dll
Event: 0.439 Loaded shared library C:\Users\Razza\.openjfx\cache\21.0.1+6\amd64\api-ms-win-crt-utility-l1-1-0.dll
Event: 0.450 Loaded shared library C:\Users\Razza\.openjfx\cache\21.0.1+6\amd64\ucrtbase.dll
Event: 0.454 Loaded shared library C:\Users\Razza\.openjfx\cache\21.0.1+6\amd64\vcruntime140.dll
Event: 0.457 Loaded shared library C:\Users\Razza\.openjfx\cache\21.0.1+6\amd64\vcruntime140_1.dll
Event: 0.464 Loaded shared library C:\Users\Razza\.openjfx\cache\21.0.1+6\amd64\msvcp140.dll
Event: 0.467 Loaded shared library C:\Users\Razza\.openjfx\cache\21.0.1+6\amd64\msvcp140_1.dll
Event: 0.471 Loaded shared library C:\Users\Razza\.openjfx\cache\21.0.1+6\amd64\msvcp140_2.dll
Event: 0.506 Loaded shared library C:\Users\Razza\.openjfx\cache\21.0.1+6\amd64\prism_d3d.dll
Event: 0.550 Loaded shared library C:\Users\Razza\.openjfx\cache\21.0.1+6\amd64\glass.dll
Event: 0.805 Loaded shared library C:\Program Files\Java\jdk-21.0.10\bin\jimage.dll

Deoptimization events (20 events):
Event: 0.932 Thread 0x000001d0e64fd360 DEOPT PACKING pc=0x000001d0cfeddbd1 sp=0x000000761d5fdb60
Event: 0.932 Thread 0x000001d0e64fd360 DEOPT UNPACKING pc=0x000001d0d72c4e42 sp=0x000000761d5fcff0 mode 0
Event: 0.932 Thread 0x000001d0e64fd360 DEOPT PACKING pc=0x000001d0cfeddbd1 sp=0x000000761d5fdb60
Event: 0.932 Thread 0x000001d0e64fd360 DEOPT UNPACKING pc=0x000001d0d72c4e42 sp=0x000000761d5fcff0 mode 0
Event: 0.932 Thread 0x000001d0e64fd360 DEOPT PACKING pc=0x000001d0cfeddbd1 sp=0x000000761d5fdb60
Event: 0.932 Thread 0x000001d0e64fd360 DEOPT UNPACKING pc=0x000001d0d72c4e42 sp=0x000000761d5fcff0 mode 0
Event: 0.932 Thread 0x000001d0e64fd360 DEOPT PACKING pc=0x000001d0cfeddbd1 sp=0x000000761d5fdb60
Event: 0.932 Thread 0x000001d0e64fd360 DEOPT UNPACKING pc=0x000001d0d72c4e42 sp=0x000000761d5fcff0 mode 0
Event: 0.932 Thread 0x000001d0e64fd360 DEOPT PACKING pc=0x000001d0cfeddbd1 sp=0x000000761d5fdb60
Event: 0.932 Thread 0x000001d0e64fd360 DEOPT UNPACKING pc=0x000001d0d72c4e42 sp=0x000000761d5fcff0 mode 0
Event: 0.932 Thread 0x000001d0e64fd360 DEOPT PACKING pc=0x000001d0cfeddbd1 sp=0x000000761d5fdb60
Event: 0.932 Thread 0x000001d0e64fd360 DEOPT UNPACKING pc=0x000001d0d72c4e42 sp=0x000000761d5fcff0 mode 0
Event: 0.932 Thread 0x000001d0e64fd360 DEOPT PACKING pc=0x000001d0cfeddbd1 sp=0x000000761d5fdb60
Event: 0.932 Thread 0x000001d0e64fd360 DEOPT UNPACKING pc=0x000001d0d72c4e42 sp=0x000000761d5fcff0 mode 0
Event: 0.932 Thread 0x000001d0e64fd360 DEOPT PACKING pc=0x000001d0cfeddbd1 sp=0x000000761d5fdb60
Event: 0.932 Thread 0x000001d0e64fd360 DEOPT UNPACKING pc=0x000001d0d72c4e42 sp=0x000000761d5fcff0 mode 0
Event: 0.932 Thread 0x000001d0e64fd360 DEOPT PACKING pc=0x000001d0cfeddbd1 sp=0x000000761d5fdb60
Event: 0.932 Thread 0x000001d0e64fd360 DEOPT UNPACKING pc=0x000001d0d72c4e42 sp=0x000000761d5fcff0 mode 0
Event: 0.932 Thread 0x000001d0e64fd360 DEOPT PACKING pc=0x000001d0cfeddbd1 sp=0x000000761d5fdb60
Event: 0.932 Thread 0x000001d0e64fd360 DEOPT UNPACKING pc=0x000001d0d72c4e42 sp=0x000000761d5fcff0 mode 0

Classes loaded (20 events):
Event: 0.812 Loading class sun/net/www/protocol/file/FileURLConnection
Event: 0.812 Loading class sun/net/www/URLConnection
Event: 0.812 Loading class java/net/URLConnection
Event: 0.813 Loading class java/net/URLConnection done
Event: 0.813 Loading class sun/net/www/URLConnection done
Event: 0.813 Loading class sun/net/www/protocol/file/FileURLConnection done
Event: 0.813 Loading class sun/net/www/MessageHeader
Event: 0.813 Loading class sun/net/www/MessageHeader done
Event: 0.816 Loading class java/io/EOFException
Event: 0.816 Loading class java/io/EOFException done
Event: 0.816 Loading class java/io/SequenceInputStream
Event: 0.816 Loading class java/io/SequenceInputStream done
Event: 0.830 Loading class java/nio/FloatBuffer
Event: 0.830 Loading class java/nio/FloatBuffer done
Event: 0.833 Loading class java/lang/NoSuchFieldError
Event: 0.833 Loading class java/lang/NoSuchFieldError done
Event: 0.858 Loading class java/util/Collections$SingletonList
Event: 0.859 Loading class java/util/Collections$SingletonList done
Event: 0.859 Loading class java/util/ConcurrentModificationException
Event: 0.859 Loading class java/util/ConcurrentModificationException done

Classes unloaded (0 events):
No events

Classes redefined (0 events):
No events

Internal exceptions (11 events):
Event: 0.197 Thread 0x000001d0c789f210 Exception <a 'java/lang/NoSuchMethodError'{0x000000071aa8efe8}: 'java.lang.Object java.lang.invoke.DirectMethodHandle$Holder.newInvokeSpecial(java.lang.Object, java.lang.Object, java.lang.Object, java.lang.Object, java.lang.Object)'> (0x000000071aa8efe8) 
thrown [s\open\src\hotspot\share\interpreter\linkResolver.cpp, line 773]
Event: 0.199 Thread 0x000001d0e64feda0 Exception <a 'java/lang/NoSuchMethodError'{0x000000071aabfc68}: 'void java.lang.invoke.DirectMethodHandle$Holder.invokeStatic(java.lang.Object, java.lang.Object)'> (0x000000071aabfc68) 
thrown [s\open\src\hotspot\share\interpreter\linkResolver.cpp, line 773]
Event: 0.487 Thread 0x000001d0e64feda0 Exception <a 'java/lang/NoSuchMethodError'{0x000000071a555a28}: 'void java.lang.invoke.DirectMethodHandle$Holder.invokeSpecial(java.lang.Object, java.lang.Object, java.lang.Object)'> (0x000000071a555a28) 
thrown [s\open\src\hotspot\share\interpreter\linkResolver.cpp, line 773]
Event: 0.495 Thread 0x000001d0e64feda0 Exception <a 'java/lang/NoSuchMethodError'{0x000000071a590f48}: 'void java.lang.invoke.DirectMethodHandle$Holder.invokeStatic(java.lang.Object, java.lang.Object, java.lang.Object)'> (0x000000071a590f48) 
thrown [s\open\src\hotspot\share\interpreter\linkResolver.cpp, line 773]
Event: 0.533 Thread 0x000001d0e64feda0 Exception <a 'java/lang/NoSuchMethodError'{0x000000071a5b1860}: 'int java.lang.invoke.DirectMethodHandle$Holder.invokeStaticInit(java.lang.Object, java.lang.Object, java.lang.Object)'> (0x000000071a5b1860) 
thrown [s\open\src\hotspot\share\interpreter\linkResolver.cpp, line 773]
Event: 0.555 Thread 0x000001d0e64feda0 Exception <a 'java/lang/NoSuchMethodError'{0x000000071a33ed20}: 'java.lang.Object java.lang.invoke.DirectMethodHandle$Holder.newInvokeSpecial(java.lang.Object, java.lang.Object, int, java.lang.Object)'> (0x000000071a33ed20) 
thrown [s\open\src\hotspot\share\interpreter\linkResolver.cpp, line 773]
Event: 0.555 Thread 0x000001d0e64feda0 Exception <a 'java/lang/NoSuchMethodError'{0x000000071a342b98}: 'java.lang.Object java.lang.invoke.DirectMethodHandle$Holder.invokeSpecial(java.lang.Object, java.lang.Object, java.lang.Object, int, java.lang.Object)'> (0x000000071a342b98) 
thrown [s\open\src\hotspot\share\interpreter\linkResolver.cpp, line 773]
Event: 0.670 Thread 0x000001d0e64fd360 Exception <a 'java/lang/NoSuchMethodError'{0x0000000719e5f650}: 'void java.lang.invoke.DirectMethodHandle$Holder.invokeStaticInit(java.lang.Object)'> (0x0000000719e5f650) 
thrown [s\open\src\hotspot\share\interpreter\linkResolver.cpp, line 773]
Event: 0.676 Thread 0x000001d0e64feda0 Exception <a 'java/lang/NoSuchMethodError'{0x000000071a354640}: 'void java.lang.invoke.DirectMethodHandle$Holder.invokeStatic(java.lang.Object, java.lang.Object, java.lang.Object, java.lang.Object)'> (0x000000071a354640) 
thrown [s\open\src\hotspot\share\interpreter\linkResolver.cpp, line 773]
Event: 0.903 Thread 0x000001d0e64fd360 Exception <a 'java/lang/NoSuchMethodError'{0x000000071aa90600}: 'java.lang.Object java.lang.invoke.DirectMethodHandle$Holder.invokeStaticInit(java.lang.Object, java.lang.Object, java.lang.Object, java.lang.Object)'> (0x000000071aa90600) 
thrown [s\open\src\hotspot\share\interpreter\linkResolver.cpp, line 773]
Event: 0.965 Thread 0x000001d0e64fd360 Exception <a 'java/lang/NullPointerException'{0x000000071ab82680}> (0x000000071ab82680) 
thrown [s\open\src\hotspot\share\interpreter\linkResolver.cpp, line 1372]

ZGC Phase Switch (0 events):
No events

VM Operations (10 events):
Event: 0.108 Executing VM operation: HandshakeAllThreads (Deoptimize)
Event: 0.109 Executing VM operation: HandshakeAllThreads (Deoptimize) done
Event: 0.160 Executing VM operation: HandshakeAllThreads (Deoptimize)
Event: 0.160 Executing VM operation: HandshakeAllThreads (Deoptimize) done
Event: 0.543 Executing VM operation: HandshakeAllThreads (Deoptimize)
Event: 0.543 Executing VM operation: HandshakeAllThreads (Deoptimize) done
Event: 0.696 Executing VM operation: G1CollectForAllocation (G1 Evacuation Pause)
Event: 0.699 Executing VM operation: G1CollectForAllocation (G1 Evacuation Pause) done
Event: 0.708 Executing VM operation: HandshakeAllThreads (Deoptimize)
Event: 0.708 Executing VM operation: HandshakeAllThreads (Deoptimize) done

Events (20 events):
Event: 0.026 Thread 0x000001d0c789f210 Thread added: 0x000001d0c789f210
Event: 0.040 Thread 0x000001d0e64f72a0 Thread added: 0x000001d0e64f72a0
Event: 0.040 Thread 0x000001d0e64f7d00 Thread added: 0x000001d0e64f7d00
Event: 0.041 Thread 0x000001d0e6500600 Thread added: 0x000001d0e6500600
Event: 0.041 Thread 0x000001d0e64fd9f0 Thread added: 0x000001d0e64fd9f0
Event: 0.041 Thread 0x000001d0e64fc640 Thread added: 0x000001d0e64fc640
Event: 0.041 Thread 0x000001d0e64ff430 Thread added: 0x000001d0e64ff430
Event: 0.041 Thread 0x000001d0e684b8c0 Thread added: 0x000001d0e684b8c0
Event: 0.041 Thread 0x000001d0e684bf70 Thread added: 0x000001d0e684bf70
Event: 0.078 Thread 0x000001d0e64fe710 Thread added: 0x000001d0e64fe710
Event: 0.120 Thread 0x000001d0e6965830 Thread added: 0x000001d0e6965830
Event: 0.121 Thread 0x000001d0e6a7c330 Thread added: 0x000001d0e6a7c330
Event: 0.175 Thread 0x000001d0e64fe080 Thread added: 0x000001d0e64fe080
Event: 0.198 Thread 0x000001d0e64feda0 Thread added: 0x000001d0e64feda0
Event: 0.496 Thread 0x000001d0e64ffac0 Thread added: 0x000001d0e64ffac0
Event: 0.552 Thread 0x000001d0e64fccd0 Thread added: 0x000001d0e64fccd0
Event: 0.552 Thread 0x000001d0e6a7c330 Thread exited: 0x000001d0e6a7c330
Event: 0.557 Thread 0x000001d0e64fd360 Thread added: 0x000001d0e64fd360
Event: 0.573 Thread 0x000001d0e6965830 Thread exited: 0x000001d0e6965830
Event: 0.696 Thread 0x000001d0ec09d990 Thread added: 0x000001d0ec09d990


Dynamic libraries:
0x00007ff7876e0000 - 0x00007ff7876f0000 	C:\Program Files\Java\jdk-21.0.10\bin\java.exe
0x00007ffa76cc0000 - 0x00007ffa76f28000 	C:\WINDOWS\SYSTEM32\ntdll.dll
0x00007ffa74f80000 - 0x00007ffa75049000 	C:\WINDOWS\System32\KERNEL32.DLL
0x00007ffa74010000 - 0x00007ffa74408000 	C:\WINDOWS\System32\KERNELBASE.dll
0x00007ffa73ec0000 - 0x00007ffa7400b000 	C:\WINDOWS\System32\ucrtbase.dll
0x00007ffa68970000 - 0x00007ffa68989000 	C:\Program Files\Java\jdk-21.0.10\bin\jli.dll
0x00007ffa68910000 - 0x00007ffa6892e000 	C:\Program Files\Java\jdk-21.0.10\bin\VCRUNTIME140.dll
0x00007ffa75060000 - 0x00007ffa75114000 	C:\WINDOWS\System32\ADVAPI32.dll
0x00007ffa75ba0000 - 0x00007ffa75c49000 	C:\WINDOWS\System32\msvcrt.dll
0x00007ffa76020000 - 0x00007ffa760c6000 	C:\WINDOWS\System32\sechost.dll
0x00007ffa74cc0000 - 0x00007ffa74dd8000 	C:\WINDOWS\System32\RPCRT4.dll
0x00007ffa75960000 - 0x00007ffa75b27000 	C:\WINDOWS\System32\USER32.dll
0x00007ffa74900000 - 0x00007ffa74927000 	C:\WINDOWS\System32\win32u.dll
0x00007ffa5b980000 - 0x00007ffa5bc14000 	C:\WINDOWS\WinSxS\amd64_microsoft.windows.common-controls_6595b64144ccf1df_6.0.26100.7019_none_3e06ffa0e335b8a8\COMCTL32.dll
0x00007ffa74de0000 - 0x00007ffa74e0b000 	C:\WINDOWS\System32\GDI32.dll
0x00007ffa74930000 - 0x00007ffa74a5c000 	C:\WINDOWS\System32\gdi32full.dll
0x00007ffa74850000 - 0x00007ffa748f3000 	C:\WINDOWS\System32\msvcp_win.dll
0x00007ffa69b70000 - 0x00007ffa69b7b000 	C:\WINDOWS\SYSTEM32\VERSION.dll
0x00007ffa75b60000 - 0x00007ffa75b91000 	C:\WINDOWS\System32\IMM32.DLL
0x00007ffa6ead0000 - 0x00007ffa6eadc000 	C:\Program Files\Java\jdk-21.0.10\bin\vcruntime140_1.dll
0x00007ffa67090000 - 0x00007ffa6711d000 	C:\Program Files\Java\jdk-21.0.10\bin\msvcp140.dll
0x00007ff9fc4d0000 - 0x00007ff9fd1f7000 	C:\Program Files\Java\jdk-21.0.10\bin\server\jvm.dll
0x00007ffa74bb0000 - 0x00007ffa74c24000 	C:\WINDOWS\System32\WS2_32.dll
0x00007ffa73c70000 - 0x00007ffa73cce000 	C:\WINDOWS\SYSTEM32\POWRPROF.dll
0x00007ffa6a110000 - 0x00007ffa6a145000 	C:\WINDOWS\SYSTEM32\WINMM.dll
0x00007ffa73c50000 - 0x00007ffa73c64000 	C:\WINDOWS\SYSTEM32\UMPDC.dll
0x00007ffa72bd0000 - 0x00007ffa72beb000 	C:\WINDOWS\SYSTEM32\kernel.appcore.dll
0x00007ffa694d0000 - 0x00007ffa694da000 	C:\Program Files\Java\jdk-21.0.10\bin\jimage.dll
0x00007ffa66080000 - 0x00007ffa662c2000 	C:\WINDOWS\SYSTEM32\DBGHELP.DLL
0x00007ffa768a0000 - 0x00007ffa76c2b000 	C:\WINDOWS\System32\combase.dll
0x00007ffa75140000 - 0x00007ffa75217000 	C:\WINDOWS\System32\OLEAUT32.dll
0x00007ffa50d30000 - 0x00007ffa50d6c000 	C:\WINDOWS\SYSTEM32\dbgcore.DLL
0x00007ffa73e10000 - 0x00007ffa73eb5000 	C:\WINDOWS\System32\bcryptPrimitives.dll
0x00007ffa685e0000 - 0x00007ffa68601000 	C:\Program Files\Java\jdk-21.0.10\bin\java.dll
0x00007ffa76140000 - 0x00007ffa7688f000 	C:\WINDOWS\System32\SHELL32.dll
0x00007ffa74410000 - 0x00007ffa7457b000 	C:\WINDOWS\System32\wintypes.dll
0x00007ffa71a30000 - 0x00007ffa7228d000 	C:\WINDOWS\SYSTEM32\windows.storage.dll
0x00007ffa75c50000 - 0x00007ffa75d42000 	C:\WINDOWS\System32\SHCORE.dll
0x00007ffa75d50000 - 0x00007ffa75db7000 	C:\WINDOWS\System32\shlwapi.dll
0x00007ffa73d30000 - 0x00007ffa73d59000 	C:\WINDOWS\SYSTEM32\profapi.dll
0x00007ffa39bc0000 - 0x00007ffa39c97000 	C:\Program Files\Java\jdk-21.0.10\bin\jsvml.dll
0x00007ffa688f0000 - 0x00007ffa68901000 	C:\Program Files\Java\jdk-21.0.10\bin\net.dll
0x00007ffa68d20000 - 0x00007ffa68e48000 	C:\WINDOWS\SYSTEM32\WINHTTP.dll
0x00007ffa73140000 - 0x00007ffa731ab000 	C:\WINDOWS\system32\mswsock.dll
0x00007ffa67070000 - 0x00007ffa67086000 	C:\Program Files\Java\jdk-21.0.10\bin\nio.dll
0x00007ffa67050000 - 0x00007ffa67068000 	C:\Program Files\Java\jdk-21.0.10\bin\zip.dll
0x000001d0c57b0000 - 0x000001d0c57b3000 	C:\Users\Razza\.openjfx\cache\21.0.1+6\amd64\api-ms-win-core-console-l1-1-0.dll
0x000001d0c57c0000 - 0x000001d0c57c3000 	C:\Users\Razza\.openjfx\cache\21.0.1+6\amd64\api-ms-win-core-console-l1-2-0.dll
0x000001d0c57d0000 - 0x000001d0c57d3000 	C:\Users\Razza\.openjfx\cache\21.0.1+6\amd64\api-ms-win-core-datetime-l1-1-0.dll
0x000001d0c57e0000 - 0x000001d0c57e3000 	C:\Users\Razza\.openjfx\cache\21.0.1+6\amd64\api-ms-win-core-debug-l1-1-0.dll
0x000001d0c57f0000 - 0x000001d0c57f3000 	C:\Users\Razza\.openjfx\cache\21.0.1+6\amd64\api-ms-win-core-errorhandling-l1-1-0.dll
0x000001d0c5800000 - 0x000001d0c5804000 	C:\Users\Razza\.openjfx\cache\21.0.1+6\amd64\api-ms-win-core-file-l1-1-0.dll
0x000001d0c58a0000 - 0x000001d0c58a3000 	C:\Users\Razza\.openjfx\cache\21.0.1+6\amd64\api-ms-win-core-file-l1-2-0.dll
0x000001d0c7790000 - 0x000001d0c7793000 	C:\Users\Razza\.openjfx\cache\21.0.1+6\amd64\api-ms-win-core-file-l2-1-0.dll
0x000001d0c77a0000 - 0x000001d0c77a3000 	C:\Users\Razza\.openjfx\cache\21.0.1+6\amd64\api-ms-win-core-handle-l1-1-0.dll
0x000001d0c77b0000 - 0x000001d0c77b3000 	C:\Users\Razza\.openjfx\cache\21.0.1+6\amd64\api-ms-win-core-heap-l1-1-0.dll
0x000001d0c77c0000 - 0x000001d0c77c3000 	C:\Users\Razza\.openjfx\cache\21.0.1+6\amd64\api-ms-win-core-interlocked-l1-1-0.dll
0x000001d0c77d0000 - 0x000001d0c77d3000 	C:\Users\Razza\.openjfx\cache\21.0.1+6\amd64\api-ms-win-core-libraryloader-l1-1-0.dll
0x000001d0c77e0000 - 0x000001d0c77e3000 	C:\Users\Razza\.openjfx\cache\21.0.1+6\amd64\api-ms-win-core-localization-l1-2-0.dll
0x000001d0c77f0000 - 0x000001d0c77f3000 	C:\Users\Razza\.openjfx\cache\21.0.1+6\amd64\api-ms-win-core-memory-l1-1-0.dll
0x000001d0c7800000 - 0x000001d0c7803000 	C:\Users\Razza\.openjfx\cache\21.0.1+6\amd64\api-ms-win-core-namedpipe-l1-1-0.dll
0x000001d0c7810000 - 0x000001d0c7813000 	C:\Users\Razza\.openjfx\cache\21.0.1+6\amd64\api-ms-win-core-processenvironment-l1-1-0.dll
0x000001d0c7820000 - 0x000001d0c7823000 	C:\Users\Razza\.openjfx\cache\21.0.1+6\amd64\api-ms-win-core-processthreads-l1-1-0.dll
0x000001d0c7830000 - 0x000001d0c7833000 	C:\Users\Razza\.openjfx\cache\21.0.1+6\amd64\api-ms-win-core-processthreads-l1-1-1.dll
0x000001d0c7840000 - 0x000001d0c7843000 	C:\Users\Razza\.openjfx\cache\21.0.1+6\amd64\api-ms-win-core-profile-l1-1-0.dll
0x000001d0c7850000 - 0x000001d0c7853000 	C:\Users\Razza\.openjfx\cache\21.0.1+6\amd64\api-ms-win-core-rtlsupport-l1-1-0.dll
0x000001d0e6c40000 - 0x000001d0e6c43000 	C:\Users\Razza\.openjfx\cache\21.0.1+6\amd64\api-ms-win-core-string-l1-1-0.dll
0x000001d0e6c50000 - 0x000001d0e6c53000 	C:\Users\Razza\.openjfx\cache\21.0.1+6\amd64\api-ms-win-core-synch-l1-1-0.dll
0x000001d0e6c60000 - 0x000001d0e6c63000 	C:\Users\Razza\.openjfx\cache\21.0.1+6\amd64\api-ms-win-core-synch-l1-2-0.dll
0x000001d0e6c70000 - 0x000001d0e6c73000 	C:\Users\Razza\.openjfx\cache\21.0.1+6\amd64\api-ms-win-core-sysinfo-l1-1-0.dll
0x000001d0e6c80000 - 0x000001d0e6c83000 	C:\Users\Razza\.openjfx\cache\21.0.1+6\amd64\api-ms-win-core-timezone-l1-1-0.dll
0x000001d0e6c90000 - 0x000001d0e6c93000 	C:\Users\Razza\.openjfx\cache\21.0.1+6\amd64\api-ms-win-core-util-l1-1-0.dll
0x000001d0e6ca0000 - 0x000001d0e6ca3000 	C:\Users\Razza\.openjfx\cache\21.0.1+6\amd64\api-ms-win-crt-conio-l1-1-0.dll
0x000001d0e6cb0000 - 0x000001d0e6cb4000 	C:\Users\Razza\.openjfx\cache\21.0.1+6\amd64\api-ms-win-crt-convert-l1-1-0.dll
0x000001d0e6cc0000 - 0x000001d0e6cc3000 	C:\Users\Razza\.openjfx\cache\21.0.1+6\amd64\api-ms-win-crt-environment-l1-1-0.dll
0x000001d0e6cd0000 - 0x000001d0e6cd3000 	C:\Users\Razza\.openjfx\cache\21.0.1+6\amd64\api-ms-win-crt-filesystem-l1-1-0.dll
0x000001d0e6ce0000 - 0x000001d0e6ce3000 	C:\Users\Razza\.openjfx\cache\21.0.1+6\amd64\api-ms-win-crt-heap-l1-1-0.dll
0x000001d0e6cf0000 - 0x000001d0e6cf3000 	C:\Users\Razza\.openjfx\cache\21.0.1+6\amd64\api-ms-win-crt-locale-l1-1-0.dll
0x000001d0e6d00000 - 0x000001d0e6d05000 	C:\Users\Razza\.openjfx\cache\21.0.1+6\amd64\api-ms-win-crt-math-l1-1-0.dll
0x000001d0e6d10000 - 0x000001d0e6d15000 	C:\Users\Razza\.openjfx\cache\21.0.1+6\amd64\api-ms-win-crt-multibyte-l1-1-0.dll
0x000001d0e6d20000 - 0x000001d0e6d30000 	C:\Users\Razza\.openjfx\cache\21.0.1+6\amd64\api-ms-win-crt-private-l1-1-0.dll
0x000001d0e6d30000 - 0x000001d0e6d33000 	C:\Users\Razza\.openjfx\cache\21.0.1+6\amd64\api-ms-win-crt-process-l1-1-0.dll
0x000001d0e6d40000 - 0x000001d0e6d44000 	C:\Users\Razza\.openjfx\cache\21.0.1+6\amd64\api-ms-win-crt-runtime-l1-1-0.dll
0x000001d0e6d50000 - 0x000001d0e6d54000 	C:\Users\Razza\.openjfx\cache\21.0.1+6\amd64\api-ms-win-crt-stdio-l1-1-0.dll
0x000001d0e6d60000 - 0x000001d0e6d64000 	C:\Users\Razza\.openjfx\cache\21.0.1+6\amd64\api-ms-win-crt-string-l1-1-0.dll
0x000001d0e6d70000 - 0x000001d0e6d73000 	C:\Users\Razza\.openjfx\cache\21.0.1+6\amd64\api-ms-win-crt-time-l1-1-0.dll
0x000001d0e6d80000 - 0x000001d0e6d83000 	C:\Users\Razza\.openjfx\cache\21.0.1+6\amd64\api-ms-win-crt-utility-l1-1-0.dll
0x00007ffa39ac0000 - 0x00007ffa39bbc000 	C:\Users\Razza\.openjfx\cache\21.0.1+6\amd64\ucrtbase.dll
0x00007ffa67000000 - 0x00007ffa6701b000 	C:\Users\Razza\.openjfx\cache\21.0.1+6\amd64\vcruntime140.dll
0x00007ffa685d0000 - 0x00007ffa685dc000 	C:\Users\Razza\.openjfx\cache\21.0.1+6\amd64\vcruntime140_1.dll
0x00007ffa401e0000 - 0x00007ffa4026e000 	C:\Users\Razza\.openjfx\cache\21.0.1+6\amd64\msvcp140.dll
0x00007ffa75220000 - 0x00007ffa753b7000 	C:\WINDOWS\System32\ole32.dll
0x00007ffa68570000 - 0x00007ffa68579000 	C:\Users\Razza\.openjfx\cache\21.0.1+6\amd64\msvcp140_1.dll
0x00007ffa61160000 - 0x00007ffa6118f000 	C:\Users\Razza\.openjfx\cache\21.0.1+6\amd64\msvcp140_2.dll
0x00007ffa61130000 - 0x00007ffa6115f000 	C:\Users\Razza\.openjfx\cache\21.0.1+6\amd64\prism_d3d.dll
0x00007ffa0b7c0000 - 0x00007ffa0b970000 	C:\WINDOWS\system32\d3d9.dll
0x00007ffa712e0000 - 0x00007ffa71310000 	C:\WINDOWS\SYSTEM32\dwmapi.dll
0x00007ffa71340000 - 0x00007ffa71383000 	C:\WINDOWS\SYSTEM32\dxcore.dll
0x00007ffa71070000 - 0x00007ffa7111a000 	C:\WINDOWS\system32\uxtheme.dll
0x00007ff9972b0000 - 0x00007ff9972d0000 	C:\WINDOWS\System32\DriverStore\FileRepository\u0198974.inf_amd64_dcac9659486b668a\B025819\atidx9loader64.dll
0x00007ff9a71f0000 - 0x00007ff9a990b000 	C:\WINDOWS\System32\DriverStore\FileRepository\u0198974.inf_amd64_dcac9659486b668a\B025819\AMDXN64.DLL
0x00007ffa754c0000 - 0x00007ffa7594a000 	C:\WINDOWS\System32\SETUPAPI.dll
0x00007ffa71180000 - 0x00007ffa712b9000 	C:\WINDOWS\SYSTEM32\dxgi.dll
0x00007ffa73d00000 - 0x00007ffa73d2a000 	C:\WINDOWS\SYSTEM32\BCrypt.dll
0x00007ffa67420000 - 0x00007ffa6745c000 	C:\WINDOWS\System32\DriverStore\FileRepository\u0198974.inf_amd64_dcac9659486b668a\B025819\amdihk64.dll
0x00007ffa6e0f0000 - 0x00007ffa6e153000 	C:\WINDOWS\SYSTEM32\directxdatabasehelper.dll
0x00007ffa58d50000 - 0x00007ffa58d92000 	C:\Users\Razza\.openjfx\cache\21.0.1+6\amd64\glass.dll
0x00007ffa753c0000 - 0x00007ffa754b2000 	C:\WINDOWS\System32\COMDLG32.dll
0x00007ffa74e10000 - 0x00007ffa74f6e000 	C:\WINDOWS\System32\MSCTF.dll

dbghelp: loaded successfully - version: 4.0.5 - missing functions: none
symbol engine: initialized successfully - sym options: 0x614 - pdb path: .;C:\Program Files\Java\jdk-21.0.10\bin;C:\WINDOWS\SYSTEM32;C:\WINDOWS\WinSxS\amd64_microsoft.windows.common-controls_6595b64144ccf1df_6.0.26100.7019_none_3e06ffa0e335b8a8;C:\Program Files\Java\jdk-21.0.10\bin\server;C:\Users\Razza\.openjfx\cache\21.0.1+6\amd64;C:\WINDOWS\System32\DriverStore\FileRepository\u0198974.inf_amd64_dcac9659486b668a\B025819

VM Arguments:
jvm_args: --module-path=C:\Users\Razza\.m2\repository\org\openjfx\javafx-base\21.0.1\javafx-base-21.0.1-win.jar;C:\Users\Razza\.m2\repository\org\openjfx\javafx-base\21.0.1\javafx-base-21.0.1.jar;C:\Users\Razza\.m2\repository\org\openjfx\javafx-controls\21.0.1\javafx-controls-21.0.1-win.jar;C:\Users\Razza\.m2\repository\org\openjfx\javafx-controls\21.0.1\javafx-controls-21.0.1.jar;C:\Users\Razza\.m2\repository\org\openjfx\javafx-fxml\21.0.1\javafx-fxml-21.0.1-win.jar;C:\Users\Razza\.m2\repository\org\openjfx\javafx-fxml\21.0.1\javafx-fxml-21.0.1.jar;C:\Users\Razza\.m2\repository\org\openjfx\javafx-graphics\21.0.1\javafx-graphics-21.0.1-win.jar;C:\Users\Razza\.m2\repository\org\openjfx\javafx-graphics\21.0.1\javafx-graphics-21.0.1.jar;C:\Users\Razza\.m2\repository\org\openjfx\javafx-swing\21.0.1\javafx-swing-21.0.1-win.jar;C:\Users\Razza\.m2\repository\org\openjfx\javafx-swing\21.0.1\javafx-swing-21.0.1.jar --add-modules=javafx.base,javafx.controls,javafx.fxml,javafx.graphics,javafx.swing 
java_command: com.example.Launcher
java_class_path (initial): C:\Users\Razza\OneDrive\Desktop\Java-FX-BDMS\target\classes;C:\Users\Razza\.m2\repository\com\beust\jcommander\1.82\jcommander-1.82.jar;C:\Users\Razza\.m2\repository\com\github\jai-imageio\jai-imageio-core\1.4.0\jai-imageio-core-1.4.0.jar;C:\Users\Razza\.m2\repository\com\github\librepdf\openpdf\1.3.30\openpdf-1.3.30.jar;C:\Users\Razza\.m2\repository\com\github\sarxos\webcam-capture\0.3.12\webcam-capture-0.3.12.jar;C:\Users\Razza\.m2\repository\com\google\code\findbugs\jsr305\3.0.2\jsr305-3.0.2.jar;C:\Users\Razza\.m2\repository\com\google\zxing\core\3.5.3\core-3.5.3.jar;C:\Users\Razza\.m2\repository\com\google\zxing\javase\3.5.3\javase-3.5.3.jar;C:\Users\Razza\.m2\repository\com\h2database\h2\2.1.214\h2-2.1.214.jar;C:\Users\Razza\.m2\repository\com\nativelibs4java\bridj\0.7.0\bridj-0.7.0.jar;C:\Users\Razza\.m2\repository\org\kordamp\ikonli\ikonli-core\12.3.1\ikonli-core-12.3.1.jar;C:\Users\Razza\.m2\repository\org\kordamp\ikonli\ikonli-fontawesome5-pack\12.3.1\ikonli-fontawesome5-pack-12.3.1.jar;C:\Users\Razza\.m2\repository\org\kordamp\ikonli\ikonli-javafx\12.3.1\ikonli-javafx-12.3.1.jar;C:\Users\Razza\.m2\repository\org\mindrot\jbcrypt\0.4\jbcrypt-0.4.jar;C:\Users\Razza\.m2\repository\org\slf4j\slf4j-api\1.7.2\slf4j-api-1.7.2.jar;C:\Users\Razza\.m2\repository\org\slf4j\slf4j-simple\1.7.36\slf4j-simple-1.7.36.jar
Launcher Type: SUN_STANDARD

[Global flags]
     intx CICompilerCount                          = 4                                         {product} {ergonomic}
     uint ConcGCThreads                            = 2                                         {product} {ergonomic}
     uint G1ConcRefinementThreads                  = 8                                         {product} {ergonomic}
   size_t G1HeapRegionSize                         = 2097152                                   {product} {ergonomic}
    uintx GCDrainStackTargetSize                   = 64                                        {product} {ergonomic}
   size_t InitialHeapSize                          = 255852544                                 {product} {ergonomic}
   size_t MarkStackSize                            = 4194304                                   {product} {ergonomic}
   size_t MaxHeapSize                              = 4093640704                                {product} {ergonomic}
   size_t MaxNewSize                               = 2455764992                                {product} {ergonomic}
   size_t MinHeapDeltaBytes                        = 2097152                                   {product} {ergonomic}
   size_t MinHeapSize                              = 8388608                                   {product} {ergonomic}
    uintx NonNMethodCodeHeapSize                   = 5839372                                {pd product} {ergonomic}
    uintx NonProfiledCodeHeapSize                  = 122909434                              {pd product} {ergonomic}
    uintx ProfiledCodeHeapSize                     = 122909434                              {pd product} {ergonomic}
    uintx ReservedCodeCacheSize                    = 251658240                              {pd product} {ergonomic}
     bool SegmentedCodeCache                       = true                                      {product} {ergonomic}
   size_t SoftMaxHeapSize                          = 4093640704                             {manageable} {ergonomic}
     bool UseCompressedOops                        = true                           {product lp64_product} {ergonomic}
     bool UseG1GC                                  = true                                      {product} {ergonomic}
     bool UseLargePagesIndividualAllocation        = false                                  {pd product} {ergonomic}

Logging:
Log output configuration:
 #0: stdout all=warning uptime,level,tags foldmultilines=false
 #1: stderr all=off uptime,level,tags foldmultilines=false

Environment Variables:
PATH=C:\Program Files\Common Files\Oracle\Java\javapath;C:\WINDOWS\system32;C:\WINDOWS;C:\WINDOWS\System32\Wbem;C:\WINDOWS\System32\WindowsPowerShell\v1.0\;C:\WINDOWS\System32\OpenSSH\;C:\Program Files\nodejs\;C:\Program Files\Git\cmd;C:\Program Files\dotnet\;C:\Program Files\PuTTY\;C:\Program Files\Cloudflare\Cloudflare WARP\;C:\Users\Razza\.local\bin;C:\Users\Razza\AppData\Local\Programs\Eclipse Adoptium\jdk-25.0.2.10-hotspot\bin;C:\Users\Razza\AppData\Local\Programs\Python\Launcher\;C:\Program Files\Common Files\Oracle\Java\javapath;C:\WINDOWS\system32;C:\WINDOWS;C:\WINDOWS\System32\Wbem;C:\WINDOWS\System32\WindowsPowerShell\v1.0\;C:\WINDOWS\System32\OpenSSH\;C:\Program Files\PuTTY\;C:\Program Files\nodejs\;C:\Program Files\Git\cmd;C:\Program Files\Cloudflare\Cloudflare WARP\;C:\Program Files\dotnet\;C:\Users\Razza\AppData\Local\Microsoft\WindowsApps;C:\xampp\php;C:\Users\Razza\AppData\Local\ComposerSetup\bin;C:\Users\Razza\AppData\Roaming\Composer\vendor\bin;C:\Users\Razza\AppData\Roaming\npm;C:\Users\Razza\AppData\Local\Python\PythonCore-3.14-64\Scripts;C:\Program Files (x86)\Nmap;C:\Users\Razza\AppData\Local\Programs\Windsurf\bin;C:\Users\Razza\AppData\Local\Kiro-Cli\;C:\Users\Razza\AppData\Local\Programs\Microsoft VS Code\bin;C:\Users\Razza\AppData\Local\Programs\Kiro\bin
USERNAME=Razza
LANG=en_US.UTF-8
OS=Windows_NT
PROCESSOR_IDENTIFIER=AMD64 Family 23 Model 160 Stepping 0, AuthenticAMD
TMP=C:\Users\Razza\AppData\Local\Temp
TEMP=C:\Users\Razza\AppData\Local\Temp




Periodic native trim disabled

---------------  S Y S T E M  ---------------

OS:
 Windows 11 , 64 bit Build 26100 (10.0.26100.7019)
OS uptime: 0 days 1:28 hours
Hyper-V role detected

CPU: total 8 (initial active 8) (8 cores per cpu, 2 threads per core) family 23 model 160 stepping 0 microcode 0x8a0000a, cx8, cmov, fxsr, ht, mmx, 3dnowpref, sse, sse2, sse3, ssse3, sse4a, sse4.1, sse4.2, popcnt, lzcnt, tsc, tscinvbit, avx, avx2, aes, clmul, bmi1, bmi2, adx, sha, fma, vzeroupper, clflush, clflushopt, hv, rdtscp, rdpid, f16c
Processor Information for all 8 processors :
  Max Mhz: 2801, Current Mhz: 2801, Mhz Limit: 2801

Memory: 4k page, system-wide physical 15610M (2629M free)
TotalPageFile size 23281M (AvailPageFile size 5M)
current process WorkingSet (physical memory assigned to process): 120M, peak: 121M
current process commit charge ("private bytes"): 389M, peak: 390M

vm_info: Java HotSpot(TM) 64-Bit Server VM (21.0.10+8-LTS-217) for windows-amd64 JRE (21.0.10+8-LTS-217), built on 2025-12-18T14:59:28Z by "mach5run" with MS VC++ 17.13 (VS2022)

END.
