version 2
JvmtiExport can_access_local_variables 0
JvmtiExport can_hotswap_or_post_breakpoint 0
JvmtiExport can_post_on_exceptions 0
# 711 ciObject found
instanceKlass com/sun/javafx/css/StyleManager
ciInstanceKlass java/lang/Cloneable 1 0 7 100 1 100 1 1 1
instanceKlass jdk/internal/util/regex/Grapheme
instanceKlass java/text/BreakIterator$BreakIteratorCache
instanceKlass sun/util/locale/provider/BreakIteratorProviderImpl$CharacterIteratorCharSequence
instanceKlass java/text/StringCharacterIterator
instanceKlass  @bci sun/util/locale/provider/JRELocaleProviderAdapter getBreakIteratorProvider ()Ljava/text/spi/BreakIteratorProvider; 8 <appendix> member <vmtarget> ; # sun/util/locale/provider/JRELocaleProviderAdapter$$Lambda+0x0000025701446798
instanceKlass java/text/BreakIterator
instanceKlass  @bci com/example/App showPromoteResidentDialog ()V 788 <appendix> member <vmtarget> ; # com/example/App$$Lambda+0x000002570141e000
instanceKlass  @bci com/example/App showPromoteResidentDialog ()V 776 <appendix> member <vmtarget> ; # com/example/App$$Lambda+0x000002570141bc38
instanceKlass  @bci com/example/App showPromoteResidentDialog ()V 761 <appendix> member <vmtarget> ; # com/example/App$$Lambda+0x000002570141ba20
instanceKlass  @bci com/example/App showPromoteResidentDialog ()V 746 <appendix> member <vmtarget> ; # com/example/App$$Lambda+0x000002570141b808
instanceKlass  @bci com/example/App showPromoteResidentDialog ()V 731 <appendix> member <vmtarget> ; # com/example/App$$Lambda+0x000002570141b5f0
instanceKlass  @bci com/example/App showPromoteResidentDialog ()V 716 <appendix> member <vmtarget> ; # com/example/App$$Lambda+0x000002570141b3d8
instanceKlass  @bci com/example/App showPromoteResidentDialog ()V 699 <appendix> member <vmtarget> ; # com/example/App$$Lambda+0x000002570141b1c0
instanceKlass  @cpi com/example/App 6817 form vmentry <vmtarget> ; # java/lang/invoke/LambdaForm$DMH+0x000002570141c000
instanceKlass  @bci com/example/App showPromoteResidentDialog ()V 605 <appendix> member <vmtarget> ; # com/example/App$$Lambda+0x000002570141afa8
instanceKlass  @bci com/example/App showPromoteResidentDialog ()V 315 <appendix> member <vmtarget> ; # com/example/App$$Lambda+0x000002570141ad90
instanceKlass org/h2/table/TableFilter$MapColumnsVisitor
instanceKlass  @bci com/example/App showPromoteResidentDialog ()V 186 <appendix> argL0 ; # com/example/App$$Lambda+0x000002570141a968
instanceKlass  @bci com/example/App showAddUserDialog ()V 491 <appendix> member <vmtarget> ; # com/example/App$$Lambda+0x000002570141a740
instanceKlass javafx/scene/input/KeyCombination$2
instanceKlass com/sun/glass/ui/EventLoop
instanceKlass com/sun/javafx/scene/KeyboardShortcutsHandler$CopyOnWriteMap$1$1
instanceKlass  @bci javafx/scene/control/skin/ButtonBarSkin <init> (Ljavafx/scene/control/ButtonBar;)V 123 <appendix> member <vmtarget> ; # javafx/scene/control/skin/ButtonBarSkin$$Lambda+0x0000025701418f30
instanceKlass  @bci javafx/scene/control/skin/ButtonBarSkin <init> (Ljavafx/scene/control/ButtonBar;)V 108 <appendix> member <vmtarget> ; # javafx/scene/control/skin/ButtonBarSkin$$Lambda+0x0000025701418d08
instanceKlass  @bci javafx/scene/control/skin/ButtonBarSkin <init> (Ljavafx/scene/control/ButtonBar;)V 93 <appendix> member <vmtarget> ; # javafx/scene/control/skin/ButtonBarSkin$$Lambda+0x0000025701418af0
instanceKlass  @bci javafx/scene/control/skin/ButtonBarSkin <init> (Ljavafx/scene/control/ButtonBar;)V 7 <appendix> member <vmtarget> ; # javafx/scene/control/skin/ButtonBarSkin$$Lambda+0x0000025701418000
instanceKlass javafx/scene/control/DialogPane$StyleableProperties
instanceKlass  @bci com/example/App showAddUserDialog ()V 476 <appendix> member <vmtarget> ; # com/example/App$$Lambda+0x0000025701416da0
instanceKlass  @bci com/example/App showAddUserDialog ()V 462 <appendix> member <vmtarget> ; # com/example/App$$Lambda+0x0000025701416b88
instanceKlass  @bci com/example/App showAddUserDialog ()V 447 <appendix> member <vmtarget> ; # com/example/App$$Lambda+0x0000025701416970
instanceKlass  @bci com/example/App showAddUserDialog ()V 432 <appendix> member <vmtarget> ; # com/example/App$$Lambda+0x0000025701416758
instanceKlass  @bci com/example/App showAddUserDialog ()V 417 <appendix> member <vmtarget> ; # com/example/App$$Lambda+0x0000025701416540
instanceKlass  @bci com/example/App showAddUserDialog ()V 403 <appendix> member <vmtarget> ; # com/example/App$$Lambda+0x0000025701416328
instanceKlass  @cpi com/example/App 6757 form vmentry <vmtarget> ; # java/lang/invoke/LambdaForm$DMH+0x0000025701409c00
instanceKlass  @bci javafx/scene/control/DialogPane createButton (Ljavafx/scene/control/ButtonType;)Ljavafx/scene/Node; 44 <appendix> member <vmtarget> ; # javafx/scene/control/DialogPane$$Lambda+0x0000025701416110
instanceKlass javafx/scene/control/ButtonType
instanceKlass javafx/scene/layout/ConstraintsBase
instanceKlass  @bci javafx/scene/control/Dialog$1 invalidated ()V 78 <appendix> member <vmtarget> ; # javafx/scene/control/Dialog$1$$Lambda+0x0000025701411758
instanceKlass  @bci javafx/scene/control/Dialog$1 <init> (Ljavafx/scene/control/Dialog;Ljava/lang/Object;Ljava/lang/String;Ljavafx/scene/control/DialogPane;)V 25 <appendix> member <vmtarget> ; # javafx/scene/control/Dialog$1$$Lambda+0x0000025701411540
instanceKlass  @bci javafx/scene/control/Dialog$1 <init> (Ljavafx/scene/control/Dialog;Ljava/lang/Object;Ljava/lang/String;Ljavafx/scene/control/DialogPane;)V 15 <appendix> member <vmtarget> ; # javafx/scene/control/Dialog$1$$Lambda+0x0000025701411328
instanceKlass  @bci javafx/scene/control/DialogPane createButtonBar ()Ljavafx/scene/Node; 42 <appendix> member <vmtarget> ; # javafx/scene/control/DialogPane$$Lambda+0x0000025701411110
instanceKlass  @bci javafx/scene/control/DialogPane createButtonBar ()Ljavafx/scene/Node; 26 <appendix> member <vmtarget> ; # javafx/scene/control/DialogPane$$Lambda+0x0000025701410ef8
instanceKlass  @bci javafx/scene/control/DialogPane <init> ()V 214 <appendix> member <vmtarget> ; # javafx/scene/control/DialogPane$$Lambda+0x000002570140fcc8
instanceKlass  @bci javafx/scene/control/HeavyweightDialog <init> (Ljavafx/scene/control/Dialog;)V 77 <appendix> member <vmtarget> ; # javafx/scene/control/HeavyweightDialog$$Lambda+0x000002570140f598
instanceKlass  @bci javafx/scene/control/HeavyweightDialog <init> (Ljavafx/scene/control/Dialog;)V 60 <appendix> member <vmtarget> ; # javafx/scene/control/HeavyweightDialog$$Lambda+0x000002570140f380
instanceKlass javafx/scene/control/FXDialog
instanceKlass javafx/scene/control/Dialog
instanceKlass javafx/scene/input/KeyEvent$1
# instanceKlass java/lang/invoke/LambdaForm$MH+0x0000025701409800
instanceKlass  @bci com/sun/javafx/tk/quantum/GlassSceneDnDEventHandler handleDragStart (IIIIILcom/sun/glass/ui/ClipboardAssistance;)V 30 <adapter> ; # java/lang/invoke/LambdaForm$MH+0x0000025701409400
# instanceKlass java/lang/invoke/LambdaForm$DMH+0x0000025701409000
instanceKlass  @bci com/sun/javafx/tk/quantum/GlassSceneDnDEventHandler handleDragStart (IIIIILcom/sun/glass/ui/ClipboardAssistance;)V 30 <appendix> form vmentry <vmtarget> ; # java/lang/invoke/LambdaForm$DMH+0x0000025701408c00
instanceKlass  @bci com/sun/javafx/tk/quantum/GlassSceneDnDEventHandler handleDragStart (IIIIILcom/sun/glass/ui/ClipboardAssistance;)V 30 <appendix> member <vmtarget> ; # com/sun/javafx/tk/quantum/GlassSceneDnDEventHandler$$Lambda+0x0000025701405628
instanceKlass  @cpi com/sun/javafx/tk/quantum/GlassSceneDnDEventHandler 191 form vmentry <vmtarget> ; # java/lang/invoke/LambdaForm$DMH+0x0000025701408800
instanceKlass  @bci com/sun/javafx/tk/quantum/GlassViewEventHandler handleDragStart (Lcom/sun/glass/ui/View;IIIIILcom/sun/glass/ui/ClipboardAssistance;)V 29 <adapter> ; # java/lang/invoke/LambdaForm$MH+0x0000025701408400
# instanceKlass java/lang/invoke/LambdaForm$DMH+0x0000025701408000
instanceKlass  @bci com/sun/javafx/tk/quantum/GlassViewEventHandler handleDragStart (Lcom/sun/glass/ui/View;IIIIILcom/sun/glass/ui/ClipboardAssistance;)V 29 <appendix> form vmentry <vmtarget> ; # java/lang/invoke/LambdaForm$DMH+0x0000025701404c00
instanceKlass  @bci com/sun/javafx/tk/quantum/GlassViewEventHandler handleDragStart (Lcom/sun/glass/ui/View;IIIIILcom/sun/glass/ui/ClipboardAssistance;)V 29 <appendix> member <vmtarget> ; # com/sun/javafx/tk/quantum/GlassViewEventHandler$$Lambda+0x0000025701405410
instanceKlass  @cpi com/sun/javafx/tk/quantum/GlassViewEventHandler 875 form vmentry <vmtarget> ; # java/lang/invoke/LambdaForm$DMH+0x0000025701404800
# instanceKlass java/lang/invoke/LambdaForm$MH+0x0000025701404400
instanceKlass  @bci javafx/scene/control/skin/TableColumnHeader updateSortGrid ()V 286 <appendix> member <vmtarget> ; # javafx/scene/control/skin/TableColumnHeader$$Lambda+0x00000257014051e8
instanceKlass javafx/scene/control/TableView$TableViewArrayListSelectionModel$4
instanceKlass jdk/internal/icu/text/ReplaceableString
instanceKlass jdk/internal/icu/text/Replaceable
instanceKlass jdk/internal/icu/text/UCharacterIterator
instanceKlass jdk/internal/icu/text/NormalizerBase
instanceKlass jdk/internal/icu/text/NormalizerBase$Mode
instanceKlass sun/text/CollatorUtilities
instanceKlass java/text/CollationElementIterator
instanceKlass sun/text/ComposedCharIter
instanceKlass java/text/EntryPair
instanceKlass java/text/PatternEntry
instanceKlass java/text/PatternEntry$Parser
instanceKlass java/text/MergeCollation
instanceKlass jdk/internal/icu/lang/UCharacter
instanceKlass jdk/internal/icu/impl/NormalizerImpl$UTF16Plus
instanceKlass jdk/internal/icu/util/CodePointTrie$Data
instanceKlass jdk/internal/icu/util/CodePointMap
instanceKlass jdk/internal/icu/impl/Norm2AllModes$Norm2AllModesSingleton
instanceKlass jdk/internal/icu/impl/Norm2AllModes$NFCSingleton
instanceKlass jdk/internal/icu/impl/Norm2AllModes
instanceKlass jdk/internal/icu/text/Normalizer2
instanceKlass jdk/internal/icu/impl/NormalizerImpl$IsAcceptable
instanceKlass jdk/internal/icu/impl/NormalizerImpl
instanceKlass sun/text/UCompactIntArray
instanceKlass sun/text/IntHashtable
instanceKlass java/text/RBCollationTables$BuildAPI
instanceKlass java/text/RBTableBuilder
instanceKlass java/text/RBCollationTables
instanceKlass  @bci sun/util/locale/provider/JRELocaleProviderAdapter getCollatorProvider ()Ljava/text/spi/CollatorProvider; 8 <appendix> member <vmtarget> ; # sun/util/locale/provider/JRELocaleProviderAdapter$$Lambda+0x00000257012ff478
instanceKlass com/sun/javafx/scene/control/TableColumnComparatorBase$1
instanceKlass com/sun/javafx/scene/control/TableColumnComparatorBase
instanceKlass com/sun/javafx/scene/control/TableColumnSortTypeWrapper
instanceKlass java/lang/foreign/MemorySegment
instanceKlass  @bci com/sun/javafx/tk/quantum/WindowStage close ()V 5 <appendix> member <vmtarget> ; # com/sun/javafx/tk/quantum/WindowStage$$Lambda+0x0000025701406878
instanceKlass com/sun/javafx/FXPermissions
instanceKlass  @bci com/sun/javafx/util/Utils hasFullScreenStage (Ljavafx/stage/Screen;)Z 0 <appendix> argL0 ; # com/sun/javafx/util/Utils$$Lambda+0x0000025701406470
instanceKlass  @bci javafx/stage/PopupWindow bindOwnerFocusedProperty (Ljavafx/stage/Window;)V 2 <appendix> member <vmtarget> ; # javafx/stage/PopupWindow$$Lambda+0x0000025701406258
instanceKlass javafx/scene/control/skin/TooltipSkin
instanceKlass com/sun/glass/ui/Window$TrackingRectangle
instanceKlass com/sun/glass/ui/Window$UndecoratedMoveResizeHelper
instanceKlass com/sun/prism/impl/QueuedPixelSource
instanceKlass com/sun/prism/PixelSource
instanceKlass com/sun/prism/shader/DrawPgram_Color_Loader
# instanceKlass java/lang/invoke/LambdaForm$MH+0x0000025701404000
instanceKlass  @bci com/example/App$8 <init> (Lcom/example/App;)V 301 <appendix> member <vmtarget> ; # com/example/App$8$$Lambda+0x00000257014031b0
instanceKlass  @bci com/example/App$8 <init> (Lcom/example/App;)V 237 <appendix> member <vmtarget> ; # com/example/App$8$$Lambda+0x0000025701402f98
instanceKlass  @bci com/example/App$8 <init> (Lcom/example/App;)V 173 <appendix> member <vmtarget> ; # com/example/App$8$$Lambda+0x0000025701402d80
instanceKlass javafx/scene/control/skin/ToolBarSkin$StyleableProperties
instanceKlass  @bci javafx/scene/control/skin/ToolBarSkin <init> (Ljavafx/scene/control/ToolBar;)V 123 <appendix> member <vmtarget> ; # javafx/scene/control/skin/ToolBarSkin$$Lambda+0x0000025701402510
instanceKlass  @bci javafx/scene/control/skin/ToolBarSkin <init> (Ljavafx/scene/control/ToolBar;)V 113 <appendix> member <vmtarget> ; # javafx/scene/control/skin/ToolBarSkin$$Lambda+0x00000257014022e8
instanceKlass javafx/scene/control/skin/ToolBarSkin$1
instanceKlass  @bci javafx/scene/control/skin/ToolBarSkin <init> (Ljavafx/scene/control/ToolBar;)V 64 <appendix> member <vmtarget> ; # javafx/scene/control/skin/ToolBarSkin$$Lambda+0x0000025701401e80
instanceKlass  @bci javafx/scene/control/skin/ToolBarSkin$ToolBarOverflowMenu <init> (Ljavafx/scene/control/skin/ToolBarSkin;Ljavafx/collections/ObservableList;)V 115 <appendix> member <vmtarget> ; # javafx/scene/control/skin/ToolBarSkin$ToolBarOverflowMenu$$Lambda+0x0000025701401c68
instanceKlass  @bci javafx/scene/control/skin/ToolBarSkin$ToolBarOverflowMenu <init> (Ljavafx/scene/control/skin/ToolBarSkin;Ljavafx/collections/ObservableList;)V 102 <appendix> member <vmtarget> ; # javafx/scene/control/skin/ToolBarSkin$ToolBarOverflowMenu$$Lambda+0x0000025701401a50
instanceKlass  @bci javafx/scene/control/skin/ToolBarSkin$ToolBarOverflowMenu <init> (Ljavafx/scene/control/skin/ToolBarSkin;Ljavafx/collections/ObservableList;)V 92 <appendix> member <vmtarget> ; # javafx/scene/control/skin/ToolBarSkin$ToolBarOverflowMenu$$Lambda+0x0000025701401838
instanceKlass  @bci com/sun/javafx/scene/control/behavior/ToolBarBehavior <init> (Ljavafx/scene/control/ToolBar;)V 42 <appendix> member <vmtarget> ; # com/sun/javafx/scene/control/behavior/ToolBarBehavior$$Lambda+0x00000257013f8d98
instanceKlass javafx/scene/control/ToolBar$StyleableProperties
instanceKlass  @bci com/example/App setupUsersTableFilters ()V 401 <appendix> argL0 ; # com/example/App$$Lambda+0x00000257013f98c0
instanceKlass  @bci com/example/App setupUsersTableFilters ()V 385 <appendix> argL0 ; # com/example/App$$Lambda+0x00000257013f9690
instanceKlass  @bci com/example/App setupUsersTableFilters ()V 369 <appendix> argL0 ; # com/example/App$$Lambda+0x00000257013f9460
instanceKlass  @bci com/example/App setupUsersTableFilters ()V 353 <appendix> argL0 ; # com/example/App$$Lambda+0x00000257013f9230
instanceKlass  @bci com/example/App setupUsersTableFilters ()V 337 <appendix> argL0 ; # com/example/App$$Lambda+0x00000257013f9000
instanceKlass  @bci com/example/App setupUsersTableFilters ()V 321 <appendix> argL0 ; # com/example/App$$Lambda+0x00000257013fbcc0
instanceKlass  @bci com/example/TableUtils$EnhancedTable addColumnFilter (Ljavafx/scene/control/TableColumn;Ljava/util/function/Function;)V 363 <appendix> member <vmtarget> ; # com/example/TableUtils$EnhancedTable$$Lambda+0x00000257013fbaa8
instanceKlass  @bci com/example/TableUtils$EnhancedTable addColumnFilter (Ljavafx/scene/control/TableColumn;Ljava/util/function/Function;)V 351 <appendix> member <vmtarget> ; # com/example/TableUtils$EnhancedTable$$Lambda+0x00000257013fb890
instanceKlass  @bci com/example/TableUtils$EnhancedTable addColumnFilter (Ljavafx/scene/control/TableColumn;Ljava/util/function/Function;)V 297 <appendix> member <vmtarget> ; # com/example/TableUtils$EnhancedTable$$Lambda+0x00000257013fb490
instanceKlass  @bci com/example/TableUtils$EnhancedTable addColumnFilter (Ljavafx/scene/control/TableColumn;Ljava/util/function/Function;)V 258 <appendix> member <vmtarget> ; # com/example/TableUtils$EnhancedTable$$Lambda+0x00000257013fb278
instanceKlass  @bci com/example/TableUtils$EnhancedTable addColumnFilter (Ljavafx/scene/control/TableColumn;Ljava/util/function/Function;)V 209 <appendix> member <vmtarget> ; # com/example/TableUtils$EnhancedTable$$Lambda+0x00000257013fb060
instanceKlass  @bci com/example/TableUtils$EnhancedTable addColumnFilter (Ljavafx/scene/control/TableColumn;Ljava/util/function/Function;)V 170 <appendix> member <vmtarget> ; # com/example/TableUtils$EnhancedTable$$Lambda+0x00000257013fae48
instanceKlass  @bci com/example/App setupUsersTableFilters ()V 305 <appendix> argL0 ; # com/example/App$$Lambda+0x00000257013fac18
instanceKlass com/example/AuditEntry
instanceKlass  @bci com/example/App createPermissionsPanel ()Ljavafx/scene/layout/VBox; 916 <appendix> member <vmtarget> ; # com/example/App$$Lambda+0x00000257013fa000
instanceKlass  @bci com/example/App createPermissionsPanel ()Ljavafx/scene/layout/VBox; 523 <appendix> member <vmtarget> ; # com/example/App$$Lambda+0x00000257013ffdd0
instanceKlass  @bci com/example/App createPermissionsPanel ()Ljavafx/scene/layout/VBox; 504 <appendix> argL0 ; # com/example/App$$Lambda+0x00000257013ffbc0
instanceKlass  @bci com/example/App createPermissionsPanel ()Ljavafx/scene/layout/VBox; 476 <appendix> member <vmtarget> ; # com/example/App$$Lambda+0x00000257013ff9a8
instanceKlass  @bci com/example/App createPermissionsPanel ()Ljavafx/scene/layout/VBox; 457 <appendix> argL0 ; # com/example/App$$Lambda+0x00000257013ff798
instanceKlass  @bci com/example/App createPermissionsPanel ()Ljavafx/scene/layout/VBox; 429 <appendix> member <vmtarget> ; # com/example/App$$Lambda+0x00000257013ff580
instanceKlass  @bci com/example/App createPermissionsPanel ()Ljavafx/scene/layout/VBox; 410 <appendix> argL0 ; # com/example/App$$Lambda+0x00000257013ff370
instanceKlass  @bci com/example/App createPermissionsPanel ()Ljavafx/scene/layout/VBox; 382 <appendix> member <vmtarget> ; # com/example/App$$Lambda+0x00000257013ff158
instanceKlass  @bci com/example/App createPermissionsPanel ()Ljavafx/scene/layout/VBox; 363 <appendix> argL0 ; # com/example/App$$Lambda+0x00000257013fef48
instanceKlass  @bci com/example/App createPermissionsPanel ()Ljavafx/scene/layout/VBox; 335 <appendix> member <vmtarget> ; # com/example/App$$Lambda+0x00000257013fed30
instanceKlass  @bci com/example/App createPermissionsPanel ()Ljavafx/scene/layout/VBox; 316 <appendix> argL0 ; # com/example/App$$Lambda+0x00000257013feb20
instanceKlass  @bci com/example/App createPermissionsPanel ()Ljavafx/scene/layout/VBox; 288 <appendix> member <vmtarget> ; # com/example/App$$Lambda+0x00000257013fe908
instanceKlass  @bci com/example/App createPermissionsPanel ()Ljavafx/scene/layout/VBox; 269 <appendix> argL0 ; # com/example/App$$Lambda+0x00000257013fe6f8
instanceKlass  @bci com/example/App createPermissionsPanel ()Ljavafx/scene/layout/VBox; 241 <appendix> member <vmtarget> ; # com/example/App$$Lambda+0x00000257013fe4e0
instanceKlass  @bci com/example/App createPermissionsPanel ()Ljavafx/scene/layout/VBox; 222 <appendix> argL0 ; # com/example/App$$Lambda+0x00000257013fe2d0
instanceKlass  @bci com/example/App createPermissionsPanel ()Ljavafx/scene/layout/VBox; 194 <appendix> member <vmtarget> ; # com/example/App$$Lambda+0x00000257013fe0b8
instanceKlass  @bci com/example/App createPermissionsPanel ()Ljavafx/scene/layout/VBox; 175 <appendix> argL0 ; # com/example/App$$Lambda+0x00000257013fdea8
instanceKlass  @bci com/example/App createPermissionsPanel ()Ljavafx/scene/layout/VBox; 147 <appendix> member <vmtarget> ; # com/example/App$$Lambda+0x00000257013fdc90
instanceKlass  @bci com/example/App createPermissionsPanel ()Ljavafx/scene/layout/VBox; 128 <appendix> argL0 ; # com/example/App$$Lambda+0x00000257013fda80
instanceKlass  @bci com/example/App createPermissionsPanel ()Ljavafx/scene/layout/VBox; 101 <appendix> member <vmtarget> ; # com/example/App$$Lambda+0x00000257013fd868
instanceKlass  @bci com/example/App createPermissionsPanel ()Ljavafx/scene/layout/VBox; 84 <appendix> argL0 ; # com/example/App$$Lambda+0x00000257013fd658
instanceKlass  @bci com/example/App createPermissionsPanel ()Ljavafx/scene/layout/VBox; 45 <appendix> argL0 ; # com/example/App$$Lambda+0x00000257013fd448
instanceKlass  @bci com/example/App createManageRolesPanel ()Ljavafx/scene/layout/VBox; 491 <appendix> member <vmtarget> ; # com/example/App$$Lambda+0x00000257013fc430
instanceKlass  @bci com/example/App createManageRolesPanel ()Ljavafx/scene/layout/VBox; 477 <appendix> member <vmtarget> ; # com/example/App$$Lambda+0x00000257013fc218
instanceKlass  @bci com/example/App createManageRolesPanel ()Ljavafx/scene/layout/VBox; 463 <appendix> member <vmtarget> ; # com/example/App$$Lambda+0x00000257013fc000
instanceKlass  @cpi com/example/App 6877 form vmentry <vmtarget> ; # java/lang/invoke/LambdaForm$DMH+0x00000257013f8400
instanceKlass  @bci com/example/App createManageRolesPanel ()Ljavafx/scene/layout/VBox; 449 <adapter> ; # java/lang/invoke/LambdaForm$MH+0x00000257013f8000
# instanceKlass java/lang/invoke/LambdaForm$DMH+0x00000257013f4c00
instanceKlass  @bci com/example/App createManageRolesPanel ()Ljavafx/scene/layout/VBox; 449 <appendix> form vmentry <vmtarget> ; # java/lang/invoke/LambdaForm$DMH+0x00000257013f4800
instanceKlass  @bci com/example/App createManageRolesPanel ()Ljavafx/scene/layout/VBox; 449 <appendix> member <vmtarget> ; # com/example/App$$Lambda+0x00000257013f5cd0
instanceKlass  @cpi com/example/App 6874 form vmentry <vmtarget> ; # java/lang/invoke/LambdaForm$DMH+0x00000257013f4400
instanceKlass com/example/Role
instanceKlass  @bci com/example/App createManageUsersPanel ()Ljavafx/scene/layout/VBox; 384 <appendix> member <vmtarget> ; # com/example/App$$Lambda+0x00000257013f5870
instanceKlass  @bci com/example/TableUtils$EnhancedTable setGlobalFilter (Ljava/util/function/Function;)V 9 <appendix> member <vmtarget> ; # com/example/TableUtils$EnhancedTable$$Lambda+0x00000257013f5658
instanceKlass  @bci com/example/App createManageUsersPanel ()Ljavafx/scene/layout/VBox; 363 <appendix> argL0 ; # com/example/App$$Lambda+0x00000257013f5428
instanceKlass  @bci com/example/TableUtils$EnhancedTable createFilterControls ()Ljavafx/scene/layout/HBox; 156 <appendix> member <vmtarget> ; # com/example/TableUtils$EnhancedTable$$Lambda+0x00000257013f5210
instanceKlass  @bci com/example/TableUtils$EnhancedTable <init> (Ljavafx/scene/control/TableView;Ljavafx/collections/ObservableList;)V 95 <appendix> argL0 ; # com/example/TableUtils$EnhancedTable$$Lambda+0x00000257013f5000
instanceKlass com/example/TableUtils$EnhancedTable
instanceKlass com/example/TableUtils
instanceKlass com/example/User
instanceKlass  @bci com/example/App createUsersTable ()Ljavafx/scene/control/TableView; 497 <appendix> argL0 ; # com/example/App$$Lambda+0x00000257013f6a68
instanceKlass  @bci com/example/App createUsersTable ()Ljavafx/scene/control/TableView; 427 <appendix> member <vmtarget> ; # com/example/App$$Lambda+0x00000257013f6850
instanceKlass  @bci com/example/App createUsersTable ()Ljavafx/scene/control/TableView; 382 <appendix> member <vmtarget> ; # com/example/App$$Lambda+0x00000257013f6638
instanceKlass  @bci com/example/App createUsersTable ()Ljavafx/scene/control/TableView; 199 <appendix> member <vmtarget> ; # com/example/App$$Lambda+0x00000257013f6420
instanceKlass  @bci com/example/App createUsersTable ()Ljavafx/scene/control/TableView; 188 <appendix> argL0 ; # com/example/App$$Lambda+0x00000257013f6210
instanceKlass  @bci com/example/App createUsersTable ()Ljavafx/scene/control/TableView; 150 <appendix> argL0 ; # com/example/App$$Lambda+0x00000257013f6000
instanceKlass  @bci com/example/App createManageUsersPanel ()Ljavafx/scene/layout/VBox; 296 <appendix> member <vmtarget> ; # com/example/App$$Lambda+0x00000257013f3d10
instanceKlass  @bci com/example/App createManageUsersPanel ()Ljavafx/scene/layout/VBox; 213 <appendix> member <vmtarget> ; # com/example/App$$Lambda+0x00000257013f3af8
instanceKlass  @bci com/example/App createManageUsersPanel ()Ljavafx/scene/layout/VBox; 130 <appendix> member <vmtarget> ; # com/example/App$$Lambda+0x00000257013f38e0
instanceKlass  @bci java/util/function/Function identity ()Ljava/util/function/Function; 0 <appendix> argL0 ; # java/util/function/Function$$Lambda+0x00000257012ff058
instanceKlass  @bci javafx/scene/control/ControlUtils updateSelectedIndices (Ljavafx/scene/control/MultipleSelectionModelBase;ZLjavafx/collections/ListChangeListener$Change;Ljava/util/function/IntPredicate;)V 118 <appendix> member <vmtarget> ; # javafx/scene/control/ControlUtils$$Lambda+0x00000257013f2578
instanceKlass  @bci javafx/scene/control/ControlUtils updateSelectedIndices (Ljavafx/scene/control/MultipleSelectionModelBase;ZLjavafx/collections/ListChangeListener$Change;Ljava/util/function/IntPredicate;)V 94 <appendix> argL0 ; # javafx/scene/control/ControlUtils$$Lambda+0x00000257013f2368
instanceKlass  @bci javafx/scene/control/ControlUtils updateSelectedIndices (Ljavafx/scene/control/MultipleSelectionModelBase;ZLjavafx/collections/ListChangeListener$Change;Ljava/util/function/IntPredicate;)V 62 <appendix> member <vmtarget> ; # javafx/scene/control/ControlUtils$$Lambda+0x00000257013f2140
instanceKlass  @cpi javafx/scene/control/ControlUtils 313 form vmentry <vmtarget> ; # java/lang/invoke/LambdaForm$DMH+0x00000257013f4000
instanceKlass  @bci java/util/stream/IntPipeline distinct ()Ljava/util/stream/IntStream; 9 <appendix> argL0 ; # java/util/stream/IntPipeline$$Lambda+0x00000257012fd380
instanceKlass java/util/stream/DistinctOps
instanceKlass  @bci javafx/scene/control/ControlUtils updateSelectedIndices (Ljavafx/scene/control/MultipleSelectionModelBase;ZLjavafx/collections/ListChangeListener$Change;Ljava/util/function/IntPredicate;)V 27 <appendix> argL0 ; # javafx/scene/control/ControlUtils$$Lambda+0x00000257013f1f30
instanceKlass java/util/function/ToIntFunction
instanceKlass javafx/scene/control/ControlUtils
instanceKlass  @bci javafx/scene/control/TableView$TableViewArrayListSelectionModel fireCustomSelectedCellsListChangeEvent (Ljavafx/collections/ListChangeListener$Change;)V 1 <appendix> member <vmtarget> ; # javafx/scene/control/TableView$TableViewArrayListSelectionModel$$Lambda+0x00000257013f1868
instanceKlass javafx/scene/input/MouseEvent$1
instanceKlass  @bci javafx/scene/control/skin/SeparatorSkin <init> (Ljavafx/scene/control/Separator;)V 86 <appendix> member <vmtarget> ; # javafx/scene/control/skin/SeparatorSkin$$Lambda+0x00000257013f1448
instanceKlass  @bci javafx/scene/control/skin/SeparatorSkin <init> (Ljavafx/scene/control/Separator;)V 72 <appendix> member <vmtarget> ; # javafx/scene/control/skin/SeparatorSkin$$Lambda+0x00000257013f1220
instanceKlass  @bci javafx/scene/control/skin/SeparatorSkin <init> (Ljavafx/scene/control/Separator;)V 58 <appendix> member <vmtarget> ; # javafx/scene/control/skin/SeparatorSkin$$Lambda+0x00000257013f0ff8
instanceKlass javafx/scene/control/Separator$StyleableProperties
instanceKlass  @bci com/example/App createDataEncryptionPanel ()Ljavafx/scene/layout/VBox; 718 <appendix> member <vmtarget> ; # com/example/App$$Lambda+0x00000257013f0218
instanceKlass  @bci com/example/App createDataEncryptionPanel ()Ljavafx/scene/layout/VBox; 611 <appendix> member <vmtarget> ; # com/example/App$$Lambda+0x00000257013f0000
instanceKlass  @bci javafx/scene/Node$9 invalidated ()V 56 <appendix> argL0 ; # javafx/scene/Node$9$$Lambda+0x00000257013e9c00
instanceKlass  @bci com/example/App createUserAuthenticationPanel ()Ljavafx/scene/layout/VBox; 345 <appendix> member <vmtarget> ; # com/example/App$$Lambda+0x00000257013ebc10
instanceKlass  @bci com/example/App createUserAuthenticationPanel ()Ljavafx/scene/layout/VBox; 303 <appendix> member <vmtarget> ; # com/example/App$$Lambda+0x00000257013eb9f8
instanceKlass  @bci com/example/App createUserAuthenticationPanel ()Ljavafx/scene/layout/VBox; 261 <appendix> member <vmtarget> ; # com/example/App$$Lambda+0x00000257013eb7e0
instanceKlass  @bci com/example/App createUserAuthenticationPanel ()Ljavafx/scene/layout/VBox; 109 <appendix> argL0 ; # com/example/App$$Lambda+0x00000257013eb5d0
instanceKlass  @bci com/example/App createUserAuthenticationPanel ()Ljavafx/scene/layout/VBox; 79 <appendix> argL0 ; # com/example/App$$Lambda+0x00000257013eb3c0
instanceKlass  @bci com/sun/prism/impl/BaseResourcePool cleanup (J)Z 109 <appendix> argL0 ; # com/sun/prism/impl/BaseResourcePool$$Lambda+0x00000257013eb1b0
instanceKlass com/sun/scenario/effect/impl/state/BoxRenderState$1
instanceKlass  @bci com/example/App updateDashboardContent (Ljavafx/scene/layout/VBox;Ljava/lang/String;Ljavafx/scene/Node;)V 56 <appendix> member <vmtarget> ; # com/example/App$$Lambda+0x00000257013ea7e8
instanceKlass  @bci com/example/App showFinancialReports (Ljavafx/scene/layout/VBox;)V 1603 <appendix> member <vmtarget> ; # com/example/App$$Lambda+0x00000257013efbf0
instanceKlass  @bci com/example/App showAddUserDialog ()V 403 <appendix> form vmentry <vmtarget> ; # java/lang/invoke/LambdaForm$DMH+0x00000257013e9800
instanceKlass  @bci com/example/App showFinancialReports (Ljavafx/scene/layout/VBox;)V 1558 <appendix> member <vmtarget> ; # com/example/App$$Lambda+0x00000257013ef9d8
instanceKlass  @cpi com/example/App 7143 form vmentry <vmtarget> ; # java/lang/invoke/LambdaForm$DMH+0x00000257013e9400
instanceKlass  @bci com/example/App showFinancialReports (Ljavafx/scene/layout/VBox;)V 1475 <appendix> member <vmtarget> ; # com/example/App$$Lambda+0x00000257013ef7c0
instanceKlass  @bci com/example/App showFinancialReports (Ljavafx/scene/layout/VBox;)V 1398 <appendix> member <vmtarget> ; # com/example/App$$Lambda+0x00000257013ef5a8
instanceKlass  @bci com/example/App showFinancialReports (Ljavafx/scene/layout/VBox;)V 1229 <appendix> argL0 ; # com/example/App$$Lambda+0x00000257013ef398
instanceKlass  @bci com/example/App showFinancialReports (Ljavafx/scene/layout/VBox;)V 1144 <appendix> argL0 ; # com/example/App$$Lambda+0x00000257013ef188
instanceKlass  @bci com/example/App showFinancialReports (Ljavafx/scene/layout/VBox;)V 1114 <appendix> argL0 ; # com/example/App$$Lambda+0x00000257013eef78
instanceKlass java/util/stream/Sink$OfDouble
instanceKlass java/util/function/DoubleConsumer
instanceKlass  @bci java/util/stream/DoublePipeline collect (Ljava/util/function/Supplier;Ljava/util/function/ObjDoubleConsumer;Ljava/util/function/BiConsumer;)Ljava/lang/Object; 6 <appendix> member <vmtarget> ; # java/util/stream/DoublePipeline$$Lambda+0x00000257012fbad8
instanceKlass  @bci java/util/stream/DoublePipeline sum ()D 11 <appendix> argL0 ; # java/util/stream/DoublePipeline$$Lambda+0x00000257012fb8b8
instanceKlass  @bci java/util/stream/DoublePipeline sum ()D 6 <appendix> argL0 ; # java/util/stream/DoublePipeline$$Lambda+0x00000257012fb6a8
instanceKlass  @cpi java/util/stream/DoublePipeline 596 form vmentry <vmtarget> ; # java/lang/invoke/LambdaForm$DMH+0x00000257013e9000
instanceKlass java/util/function/ObjDoubleConsumer
instanceKlass  @bci java/util/stream/DoublePipeline sum ()D 1 <appendix> argL0 ; # java/util/stream/DoublePipeline$$Lambda+0x00000257012fb2a8
instanceKlass java/util/stream/DoubleStream
instanceKlass  @bci com/example/App showFinancialReports (Ljavafx/scene/layout/VBox;)V 973 <appendix> argL0 ; # com/example/App$$Lambda+0x00000257013eed68
instanceKlass  @cpi com/example/App 7121 form vmentry <vmtarget> ; # java/lang/invoke/LambdaForm$DMH+0x00000257013e8c00
instanceKlass java/util/function/ToDoubleFunction
instanceKlass  @bci com/example/App showFinancialReports (Ljavafx/scene/layout/VBox;)V 888 <appendix> argL0 ; # com/example/App$$Lambda+0x00000257013eeb58
instanceKlass  @bci com/example/App showFinancialReports (Ljavafx/scene/layout/VBox;)V 858 <appendix> argL0 ; # com/example/App$$Lambda+0x00000257013ee948
instanceKlass  @bci com/example/App showFinancialReports (Ljavafx/scene/layout/VBox;)V 702 <appendix> argL0 ; # com/example/App$$Lambda+0x00000257013ee738
instanceKlass  @bci com/example/App showFinancialReports (Ljavafx/scene/layout/VBox;)V 672 <appendix> argL0 ; # com/example/App$$Lambda+0x00000257013ee528
instanceKlass sun/util/locale/provider/CalendarDataUtility$CalendarFieldValueNameGetter
instanceKlass sun/util/resources/LocaleData$2
instanceKlass java/util/concurrent/atomic/AtomicMarkableReference$Pair
instanceKlass java/util/concurrent/atomic/AtomicMarkableReference
instanceKlass sun/util/locale/provider/CalendarNameProviderImpl$LengthBasedComparator
instanceKlass  @bci sun/util/locale/provider/JRELocaleProviderAdapter getCalendarNameProvider ()Ljava/util/spi/CalendarNameProvider; 8 <appendix> member <vmtarget> ; # sun/util/locale/provider/JRELocaleProviderAdapter$$Lambda+0x00000257012f7e08
instanceKlass  @bci sun/util/cldr/CLDRLocaleProviderAdapter getCalendarNameProvider ()Ljava/util/spi/CalendarNameProvider; 8 <appendix> member <vmtarget> ; # sun/util/cldr/CLDRLocaleProviderAdapter$$Lambda+0x00000257012f7740
instanceKlass sun/util/locale/provider/CalendarDataUtility$CalendarFieldValueNamesMapGetter
instanceKlass  @bci java/time/format/DateTimeTextProvider findStore (Ljava/time/temporal/TemporalField;Ljava/util/Locale;)Ljava/lang/Object; 11 <appendix> member <vmtarget> ; # java/time/format/DateTimeTextProvider$$Lambda+0x00000257012f72e8
instanceKlass org/h2/expression/IntervalOperation$1
instanceKlass org/h2/util/IntervalUtils$1
instanceKlass org/h2/util/IntervalUtils
instanceKlass org/h2/expression/BinaryOperation$1
instanceKlass  @bci com/example/App showFinancialReports (Ljavafx/scene/layout/VBox;)V 304 <appendix> member <vmtarget> ; # com/example/App$$Lambda+0x00000257013ecfb0
instanceKlass  @bci javafx/scene/control/skin/TableCellSkinBase <init> (Ljavafx/scene/control/IndexedCell;)V 12 <appendix> member <vmtarget> ; # javafx/scene/control/skin/TableCellSkinBase$$Lambda+0x00000257013ecd98
instanceKlass  @bci javafx/scene/control/skin/TableRowSkin setupTreeTableViewListeners ()V 100 <appendix> member <vmtarget> ; # javafx/scene/control/skin/TableRowSkin$$Lambda+0x00000257013e7c80
instanceKlass  @bci javafx/scene/control/skin/TableRowSkin setupTreeTableViewListeners ()V 51 <appendix> member <vmtarget> ; # javafx/scene/control/skin/TableRowSkin$$Lambda+0x00000257013e7a58
instanceKlass  @bci javafx/scene/control/skin/TableRowSkin <init> (Ljavafx/scene/control/TableRow;)V 23 <appendix> member <vmtarget> ; # javafx/scene/control/skin/TableRowSkin$$Lambda+0x00000257013e7830
instanceKlass  @bci javafx/scene/control/skin/TableRowSkinBase <init> (Ljavafx/scene/control/IndexedCell;)V 86 <appendix> member <vmtarget> ; # javafx/scene/control/skin/TableRowSkinBase$$Lambda+0x00000257013e7608
instanceKlass  @bci javafx/scene/control/skin/TableRowSkinBase <init> (Ljavafx/scene/control/IndexedCell;)V 72 <appendix> member <vmtarget> ; # javafx/scene/control/skin/TableRowSkinBase$$Lambda+0x00000257013e73e0
instanceKlass  @bci com/sun/javafx/scene/control/LambdaMultiplePropertyChangeListenerHandler registerListChangeListener (Ljavafx/collections/ObservableList;Ljava/util/function/Consumer;)V 38 <appendix> argL0 ; # com/sun/javafx/scene/control/LambdaMultiplePropertyChangeListenerHandler$$Lambda+0x00000257013e71c0
instanceKlass  @bci javafx/scene/control/skin/TableRowSkinBase <init> (Ljavafx/scene/control/IndexedCell;)V 58 <appendix> member <vmtarget> ; # javafx/scene/control/skin/TableRowSkinBase$$Lambda+0x00000257013e6f98
# instanceKlass java/lang/invoke/LambdaForm$MH+0x00000257013e8800
# instanceKlass java/lang/invoke/LambdaForm$MH+0x00000257013e8400
# instanceKlass java/lang/invoke/LambdaForm$MH+0x00000257013e8000
instanceKlass com/sun/javafx/reflect/Trampoline
instanceKlass com/sun/javafx/reflect/MethodUtil$1
instanceKlass  @bci com/sun/javafx/property/MethodHelper <clinit> ()V 0 <appendix> argL0 ; # com/sun/javafx/property/MethodHelper$$Lambda+0x00000257013e6878
instanceKlass com/sun/javafx/property/MethodHelper
instanceKlass  @bci com/sun/javafx/property/PropertyReference reflect ()V 57 <appendix> form vmentry <vmtarget> ; # java/lang/invoke/LambdaForm$MH+0x00000257013e3800
# instanceKlass java/lang/invoke/LambdaForm$MH+0x00000257013e3400
instanceKlass  @bci com/sun/javafx/property/PropertyReference reflect ()V 57 <appendix> argL3 form vmentry <vmtarget> ; # java/lang/invoke/LambdaForm$MH+0x00000257013e3000
# instanceKlass java/lang/invoke/LambdaForm$MH+0x00000257013e2c00
# instanceKlass java/lang/invoke/LambdaForm$MH+0x00000257013e2800
# instanceKlass java/lang/invoke/LambdaForm$MH+0x00000257013e2400
# instanceKlass java/lang/invoke/LambdaForm$MH+0x00000257013e2000
instanceKlass  @bci com/sun/javafx/property/PropertyReference reflect ()V 57 <appendix> argL1 form vmentry <vmtarget> ; # java/lang/invoke/LambdaForm$MH+0x00000257013e1c00
# instanceKlass java/lang/invoke/LambdaForm$MH+0x00000257013e1800
# instanceKlass java/lang/invoke/LambdaForm$MH+0x00000257013e1400
# instanceKlass java/lang/invoke/LambdaForm$MH+0x00000257013e1000
instanceKlass com/sun/javafx/reflect/ReflectUtil
instanceKlass com/sun/javafx/property/PropertyReference
instanceKlass javafx/scene/control/TableColumn$CellDataFeatures
instanceKlass  @bci javafx/scene/control/TableCell <init> ()V 86 <appendix> member <vmtarget> ; # javafx/scene/control/TableCell$$Lambda+0x00000257013e5e58
instanceKlass  @bci javafx/scene/control/TableCell <init> ()V 76 <appendix> member <vmtarget> ; # javafx/scene/control/TableCell$$Lambda+0x00000257013e5c40
instanceKlass  @bci javafx/scene/control/TableCell <init> ()V 66 <appendix> member <vmtarget> ; # javafx/scene/control/TableCell$$Lambda+0x00000257013e5a28
instanceKlass  @bci javafx/scene/control/TableCell <init> ()V 56 <appendix> member <vmtarget> ; # javafx/scene/control/TableCell$$Lambda+0x00000257013e5810
instanceKlass  @bci javafx/scene/control/TableCell <init> ()V 46 <appendix> member <vmtarget> ; # javafx/scene/control/TableCell$$Lambda+0x00000257013e55f8
instanceKlass  @bci javafx/scene/control/TableCell <init> ()V 36 <appendix> member <vmtarget> ; # javafx/scene/control/TableCell$$Lambda+0x00000257013e53e0
instanceKlass  @bci javafx/scene/control/TableCell <init> ()V 26 <appendix> member <vmtarget> ; # javafx/scene/control/TableCell$$Lambda+0x00000257013e51c8
instanceKlass  @bci javafx/scene/control/TableCell <init> ()V 16 <appendix> member <vmtarget> ; # javafx/scene/control/TableCell$$Lambda+0x00000257013e4fb0
instanceKlass  @bci javafx/scene/control/TableRow <init> ()V 26 <appendix> member <vmtarget> ; # javafx/scene/control/TableRow$$Lambda+0x00000257013df4b0
instanceKlass  @bci javafx/scene/control/TableRow <init> ()V 16 <appendix> member <vmtarget> ; # javafx/scene/control/TableRow$$Lambda+0x00000257013df298
instanceKlass  @bci javafx/scene/control/TableRow <init> ()V 6 <appendix> member <vmtarget> ; # javafx/scene/control/TableRow$$Lambda+0x00000257013df080
instanceKlass com/sun/prism/shader/Texture_LinearGradient_PAD_Loader
instanceKlass com/sun/scenario/effect/impl/state/RenderState$3
instanceKlass com/sun/scenario/effect/impl/state/RenderState$2
instanceKlass com/sun/scenario/effect/impl/state/RenderState$1
instanceKlass  @bci javafx/scene/Parent computeViewOrderChildren ()V 84 <appendix> argL0 ; # javafx/scene/Parent$$Lambda+0x00000257013de048
instanceKlass  @bci javafx/scene/control/skin/TextAreaSkin$ContentView layoutChildren ()V 1468 <adapter> ; # java/lang/invoke/LambdaForm$MH+0x00000257013e0c00
# instanceKlass java/lang/invoke/LambdaForm$DMH+0x00000257013e0800
instanceKlass  @bci javafx/scene/control/skin/TextAreaSkin$ContentView layoutChildren ()V 1468 <appendix> form vmentry <vmtarget> ; # java/lang/invoke/LambdaForm$DMH+0x00000257013e0400
instanceKlass  @bci javafx/scene/control/skin/TextAreaSkin$ContentView layoutChildren ()V 1468 <appendix> member <vmtarget> ; # javafx/scene/control/skin/TextAreaSkin$ContentView$$Lambda+0x00000257013dde30
instanceKlass  @cpi javafx/scene/control/skin/TextAreaSkin$ContentView 469 form vmentry <vmtarget> ; # java/lang/invoke/LambdaForm$DMH+0x00000257013e0000
instanceKlass com/sun/javafx/scene/control/ResizeHelper
instanceKlass javafx/scene/control/skin/TabPaneSkin$6
instanceKlass  @bci javafx/scene/control/skin/TableColumnHeader <init> (Ljavafx/scene/control/TableColumnBase;)V 303 <appendix> member <vmtarget> ; # javafx/scene/control/skin/TableColumnHeader$$Lambda+0x00000257013dce88
instanceKlass  @bci javafx/scene/control/skin/TableColumnHeader <init> (Ljavafx/scene/control/TableColumnBase;)V 285 <appendix> member <vmtarget> ; # javafx/scene/control/skin/TableColumnHeader$$Lambda+0x00000257013dcc60
instanceKlass  @bci javafx/scene/control/skin/TableColumnHeader <init> (Ljavafx/scene/control/TableColumnBase;)V 267 <appendix> member <vmtarget> ; # javafx/scene/control/skin/TableColumnHeader$$Lambda+0x00000257013dca38
instanceKlass  @bci javafx/scene/control/skin/TableColumnHeader <init> (Ljavafx/scene/control/TableColumnBase;)V 250 <appendix> member <vmtarget> ; # javafx/scene/control/skin/TableColumnHeader$$Lambda+0x00000257013dc810
instanceKlass  @bci javafx/scene/control/skin/TableColumnHeader <init> (Ljavafx/scene/control/TableColumnBase;)V 233 <appendix> member <vmtarget> ; # javafx/scene/control/skin/TableColumnHeader$$Lambda+0x00000257013dc5e8
instanceKlass  @bci javafx/scene/control/skin/TableColumnHeader <init> (Ljavafx/scene/control/TableColumnBase;)V 216 <appendix> member <vmtarget> ; # javafx/scene/control/skin/TableColumnHeader$$Lambda+0x00000257013dc3c0
instanceKlass  @bci javafx/scene/control/skin/TableColumnHeader <init> (Ljavafx/scene/control/TableColumnBase;)V 199 <appendix> member <vmtarget> ; # javafx/scene/control/skin/TableColumnHeader$$Lambda+0x00000257013dc198
instanceKlass  @bci javafx/scene/control/skin/TableColumnHeader <init> (Ljavafx/scene/control/TableColumnBase;)V 181 <appendix> member <vmtarget> ; # javafx/scene/control/skin/TableColumnHeader$$Lambda+0x00000257013dbf70
instanceKlass  @bci javafx/scene/control/skin/TableColumnHeader initUI ()V 23 <appendix> argL0 ; # javafx/scene/control/skin/TableColumnHeader$$Lambda+0x00000257013dbd60
instanceKlass javafx/scene/layout/GridPane$CompositeSize
instanceKlass javafx/scene/control/skin/ComboBoxPopupControl$2
instanceKlass  @bci javafx/scene/control/skin/DatePickerSkin <init> (Ljavafx/scene/control/DatePicker;)V 130 <appendix> member <vmtarget> ; # javafx/scene/control/skin/DatePickerSkin$$Lambda+0x00000257013db6a0
instanceKlass  @bci javafx/scene/control/skin/DatePickerSkin <init> (Ljavafx/scene/control/DatePicker;)V 114 <appendix> member <vmtarget> ; # javafx/scene/control/skin/DatePickerSkin$$Lambda+0x00000257013db478
instanceKlass  @bci javafx/scene/control/skin/DatePickerSkin <init> (Ljavafx/scene/control/DatePicker;)V 98 <appendix> member <vmtarget> ; # javafx/scene/control/skin/DatePickerSkin$$Lambda+0x00000257013db250
instanceKlass  @bci javafx/scene/control/skin/DatePickerSkin <init> (Ljavafx/scene/control/DatePicker;)V 83 <appendix> member <vmtarget> ; # javafx/scene/control/skin/DatePickerSkin$$Lambda+0x00000257013db028
instanceKlass  @bci javafx/scene/control/skin/DatePickerSkin <init> (Ljavafx/scene/control/DatePicker;)V 68 <appendix> member <vmtarget> ; # javafx/scene/control/skin/DatePickerSkin$$Lambda+0x00000257013dae00
instanceKlass  @bci javafx/scene/control/skin/DatePickerSkin <init> (Ljavafx/scene/control/DatePicker;)V 53 <appendix> member <vmtarget> ; # javafx/scene/control/skin/DatePickerSkin$$Lambda+0x00000257013dabd8
instanceKlass javafx/scene/control/skin/DatePickerSkin$1
instanceKlass  @bci javafx/scene/control/skin/TextAreaSkin <init> (Ljavafx/scene/control/TextArea;)V 773 <appendix> member <vmtarget> ; # javafx/scene/control/skin/TextAreaSkin$$Lambda+0x00000257013d8e98
instanceKlass  @bci javafx/scene/control/skin/TextAreaSkin <init> (Ljavafx/scene/control/TextArea;)V 729 <appendix> member <vmtarget> ; # javafx/scene/control/skin/TextAreaSkin$$Lambda+0x00000257013d8880
instanceKlass  @bci javafx/scene/control/skin/TextAreaSkin <init> (Ljavafx/scene/control/TextArea;)V 714 <appendix> member <vmtarget> ; # javafx/scene/control/skin/TextAreaSkin$$Lambda+0x00000257013d8658
instanceKlass  @bci javafx/scene/control/skin/TextAreaSkin <init> (Ljavafx/scene/control/TextArea;)V 699 <appendix> member <vmtarget> ; # javafx/scene/control/skin/TextAreaSkin$$Lambda+0x00000257013d8430
instanceKlass  @bci javafx/scene/control/skin/TextAreaSkin <init> (Ljavafx/scene/control/TextArea;)V 684 <appendix> member <vmtarget> ; # javafx/scene/control/skin/TextAreaSkin$$Lambda+0x00000257013d8218
instanceKlass  @bci javafx/scene/control/skin/TextAreaSkin <init> (Ljavafx/scene/control/TextArea;)V 668 <appendix> member <vmtarget> ; # javafx/scene/control/skin/TextAreaSkin$$Lambda+0x00000257013d8000
instanceKlass  @bci javafx/scene/control/skin/TextAreaSkin <init> (Ljavafx/scene/control/TextArea;)V 650 <appendix> member <vmtarget> ; # javafx/scene/control/skin/TextAreaSkin$$Lambda+0x00000257013d7de8
instanceKlass com/sun/javafx/tk/FontMetrics
instanceKlass com/sun/javafx/font/PrismFontUtils
instanceKlass  @bci javafx/scene/control/skin/TextAreaSkin <init> (Ljavafx/scene/control/TextArea;)V 633 <appendix> member <vmtarget> ; # javafx/scene/control/skin/TextAreaSkin$$Lambda+0x00000257013d77c0
instanceKlass  @bci javafx/scene/control/skin/TextAreaSkin <init> (Ljavafx/scene/control/TextArea;)V 619 <appendix> member <vmtarget> ; # javafx/scene/control/skin/TextAreaSkin$$Lambda+0x00000257013d7598
instanceKlass  @bci javafx/scene/control/skin/TextAreaSkin <init> (Ljavafx/scene/control/TextArea;)V 605 <appendix> member <vmtarget> ; # javafx/scene/control/skin/TextAreaSkin$$Lambda+0x00000257013d7370
instanceKlass  @bci javafx/scene/control/skin/TextAreaSkin <init> (Ljavafx/scene/control/TextArea;)V 590 <appendix> member <vmtarget> ; # javafx/scene/control/skin/TextAreaSkin$$Lambda+0x00000257013d7148
instanceKlass  @bci javafx/scene/control/skin/TextAreaSkin addParagraphNode (ILjava/lang/String;)V 52 <appendix> member <vmtarget> ; # javafx/scene/control/skin/TextAreaSkin$$Lambda+0x00000257013d6f30
instanceKlass  @bci javafx/scene/control/skin/TextAreaSkin <init> (Ljavafx/scene/control/TextArea;)V 465 <appendix> member <vmtarget> ; # javafx/scene/control/skin/TextAreaSkin$$Lambda+0x00000257013d6d18
instanceKlass  @bci javafx/scene/control/skin/TextAreaSkin <init> (Ljavafx/scene/control/TextArea;)V 449 <appendix> member <vmtarget> ; # javafx/scene/control/skin/TextAreaSkin$$Lambda+0x00000257013d6b00
instanceKlass  @bci javafx/scene/control/skin/TextAreaSkin <init> (Ljavafx/scene/control/TextArea;)V 235 <appendix> member <vmtarget> ; # javafx/scene/control/skin/TextAreaSkin$$Lambda+0x00000257013d5d78
instanceKlass  @bci javafx/scene/control/skin/TextAreaSkin <init> (Ljavafx/scene/control/TextArea;)V 178 <appendix> member <vmtarget> ; # javafx/scene/control/skin/TextAreaSkin$$Lambda+0x00000257013d5b60
instanceKlass  @bci javafx/scene/control/skin/TextAreaSkin <init> (Ljavafx/scene/control/TextArea;)V 162 <appendix> member <vmtarget> ; # javafx/scene/control/skin/TextAreaSkin$$Lambda+0x00000257013d5948
instanceKlass  @bci com/sun/javafx/scene/control/behavior/TextAreaBehavior <init> (Ljavafx/scene/control/TextArea;)V 927 <appendix> member <vmtarget> ; # com/sun/javafx/scene/control/behavior/TextAreaBehavior$$Lambda+0x00000257013d4be0
instanceKlass  @bci com/sun/javafx/scene/control/behavior/TextAreaBehavior <init> (Ljavafx/scene/control/TextArea;)V 898 <appendix> member <vmtarget> ; # com/sun/javafx/scene/control/behavior/TextAreaBehavior$$Lambda+0x00000257013d49c8
instanceKlass  @bci com/sun/javafx/scene/control/behavior/TextAreaBehavior <init> (Ljavafx/scene/control/TextArea;)V 869 <appendix> member <vmtarget> ; # com/sun/javafx/scene/control/behavior/TextAreaBehavior$$Lambda+0x00000257013d47b0
instanceKlass  @bci com/sun/javafx/scene/control/behavior/TextAreaBehavior <init> (Ljavafx/scene/control/TextArea;)V 840 <appendix> member <vmtarget> ; # com/sun/javafx/scene/control/behavior/TextAreaBehavior$$Lambda+0x00000257013d4598
instanceKlass  @bci com/sun/javafx/scene/control/behavior/TextAreaBehavior <init> (Ljavafx/scene/control/TextArea;)V 814 <appendix> member <vmtarget> ; # com/sun/javafx/scene/control/behavior/TextAreaBehavior$$Lambda+0x00000257013d4380
instanceKlass  @bci com/sun/javafx/scene/control/behavior/TextAreaBehavior <init> (Ljavafx/scene/control/TextArea;)V 780 <appendix> argL0 ; # com/sun/javafx/scene/control/behavior/TextAreaBehavior$$Lambda+0x00000257013d4140
instanceKlass  @bci com/sun/javafx/scene/control/behavior/TextAreaBehavior <init> (Ljavafx/scene/control/TextArea;)V 746 <appendix> member <vmtarget> ; # com/sun/javafx/scene/control/behavior/TextAreaBehavior$$Lambda+0x00000257013d3f28
instanceKlass  @bci com/sun/javafx/scene/control/behavior/TextAreaBehavior <init> (Ljavafx/scene/control/TextArea;)V 716 <appendix> member <vmtarget> ; # com/sun/javafx/scene/control/behavior/TextAreaBehavior$$Lambda+0x00000257013d3d10
instanceKlass  @bci com/sun/javafx/scene/control/behavior/TextAreaBehavior <init> (Ljavafx/scene/control/TextArea;)V 686 <appendix> member <vmtarget> ; # com/sun/javafx/scene/control/behavior/TextAreaBehavior$$Lambda+0x00000257013d3af8
instanceKlass  @bci com/sun/javafx/scene/control/behavior/TextAreaBehavior <init> (Ljavafx/scene/control/TextArea;)V 659 <appendix> member <vmtarget> ; # com/sun/javafx/scene/control/behavior/TextAreaBehavior$$Lambda+0x00000257013d38e0
instanceKlass  @bci com/sun/javafx/scene/control/behavior/TextAreaBehavior <init> (Ljavafx/scene/control/TextArea;)V 632 <appendix> member <vmtarget> ; # com/sun/javafx/scene/control/behavior/TextAreaBehavior$$Lambda+0x00000257013d36c8
instanceKlass  @bci com/sun/javafx/scene/control/behavior/TextAreaBehavior <init> (Ljavafx/scene/control/TextArea;)V 602 <appendix> member <vmtarget> ; # com/sun/javafx/scene/control/behavior/TextAreaBehavior$$Lambda+0x00000257013d34b0
instanceKlass  @bci com/sun/javafx/scene/control/behavior/TextAreaBehavior <init> (Ljavafx/scene/control/TextArea;)V 572 <appendix> member <vmtarget> ; # com/sun/javafx/scene/control/behavior/TextAreaBehavior$$Lambda+0x00000257013d3298
instanceKlass  @bci com/sun/javafx/scene/control/behavior/TextAreaBehavior <init> (Ljavafx/scene/control/TextArea;)V 543 <appendix> member <vmtarget> ; # com/sun/javafx/scene/control/behavior/TextAreaBehavior$$Lambda+0x00000257013d3080
instanceKlass  @bci com/sun/javafx/scene/control/behavior/TextAreaBehavior <init> (Ljavafx/scene/control/TextArea;)V 514 <appendix> member <vmtarget> ; # com/sun/javafx/scene/control/behavior/TextAreaBehavior$$Lambda+0x00000257013d2e68
instanceKlass  @bci com/sun/javafx/scene/control/behavior/TextAreaBehavior <init> (Ljavafx/scene/control/TextArea;)V 488 <appendix> member <vmtarget> ; # com/sun/javafx/scene/control/behavior/TextAreaBehavior$$Lambda+0x00000257013d2c50
instanceKlass  @bci com/sun/javafx/scene/control/behavior/TextAreaBehavior <init> (Ljavafx/scene/control/TextArea;)V 462 <appendix> member <vmtarget> ; # com/sun/javafx/scene/control/behavior/TextAreaBehavior$$Lambda+0x00000257013d2a38
instanceKlass  @bci com/sun/javafx/scene/control/behavior/TextAreaBehavior <init> (Ljavafx/scene/control/TextArea;)V 436 <appendix> member <vmtarget> ; # com/sun/javafx/scene/control/behavior/TextAreaBehavior$$Lambda+0x00000257013d2820
instanceKlass  @bci com/sun/javafx/scene/control/behavior/TextAreaBehavior <init> (Ljavafx/scene/control/TextArea;)V 401 <appendix> argL0 ; # com/sun/javafx/scene/control/behavior/TextAreaBehavior$$Lambda+0x00000257013d25e0
instanceKlass  @bci com/sun/javafx/scene/control/behavior/TextAreaBehavior <init> (Ljavafx/scene/control/TextArea;)V 364 <appendix> member <vmtarget> ; # com/sun/javafx/scene/control/behavior/TextAreaBehavior$$Lambda+0x00000257013d23c8
instanceKlass  @bci com/sun/javafx/scene/control/behavior/TextAreaBehavior <init> (Ljavafx/scene/control/TextArea;)V 339 <appendix> member <vmtarget> ; # com/sun/javafx/scene/control/behavior/TextAreaBehavior$$Lambda+0x00000257013d21b0
instanceKlass  @bci com/sun/javafx/scene/control/behavior/TextAreaBehavior <init> (Ljavafx/scene/control/TextArea;)V 315 <appendix> member <vmtarget> ; # com/sun/javafx/scene/control/behavior/TextAreaBehavior$$Lambda+0x00000257013d1f98
instanceKlass  @bci com/sun/javafx/scene/control/behavior/TextAreaBehavior <init> (Ljavafx/scene/control/TextArea;)V 288 <appendix> member <vmtarget> ; # com/sun/javafx/scene/control/behavior/TextAreaBehavior$$Lambda+0x00000257013d1d80
instanceKlass  @bci com/sun/javafx/scene/control/behavior/TextAreaBehavior <init> (Ljavafx/scene/control/TextArea;)V 261 <appendix> member <vmtarget> ; # com/sun/javafx/scene/control/behavior/TextAreaBehavior$$Lambda+0x00000257013d1b68
instanceKlass  @bci com/sun/javafx/scene/control/behavior/TextAreaBehavior <init> (Ljavafx/scene/control/TextArea;)V 234 <appendix> member <vmtarget> ; # com/sun/javafx/scene/control/behavior/TextAreaBehavior$$Lambda+0x00000257013d1950
instanceKlass  @bci com/sun/javafx/scene/control/behavior/TextAreaBehavior <init> (Ljavafx/scene/control/TextArea;)V 207 <appendix> member <vmtarget> ; # com/sun/javafx/scene/control/behavior/TextAreaBehavior$$Lambda+0x00000257013d1738
instanceKlass  @bci com/sun/javafx/scene/control/behavior/TextAreaBehavior <init> (Ljavafx/scene/control/TextArea;)V 180 <appendix> member <vmtarget> ; # com/sun/javafx/scene/control/behavior/TextAreaBehavior$$Lambda+0x00000257013d1520
instanceKlass  @bci com/sun/javafx/scene/control/behavior/TextAreaBehavior <init> (Ljavafx/scene/control/TextArea;)V 153 <appendix> member <vmtarget> ; # com/sun/javafx/scene/control/behavior/TextAreaBehavior$$Lambda+0x00000257013d1308
instanceKlass  @bci com/sun/javafx/scene/control/behavior/TextAreaBehavior <init> (Ljavafx/scene/control/TextArea;)V 137 <appendix> member <vmtarget> ; # com/sun/javafx/scene/control/behavior/TextAreaBehavior$$Lambda+0x00000257013d10f0
instanceKlass  @bci com/sun/javafx/scene/control/behavior/TextAreaBehavior <init> (Ljavafx/scene/control/TextArea;)V 121 <appendix> member <vmtarget> ; # com/sun/javafx/scene/control/behavior/TextAreaBehavior$$Lambda+0x00000257013d0ed8
instanceKlass  @bci com/sun/javafx/scene/control/behavior/TextAreaBehavior <init> (Ljavafx/scene/control/TextArea;)V 105 <appendix> member <vmtarget> ; # com/sun/javafx/scene/control/behavior/TextAreaBehavior$$Lambda+0x00000257013d0cc0
instanceKlass  @bci com/sun/javafx/scene/control/behavior/TextAreaBehavior <init> (Ljavafx/scene/control/TextArea;)V 89 <appendix> member <vmtarget> ; # com/sun/javafx/scene/control/behavior/TextAreaBehavior$$Lambda+0x00000257013d0aa8
instanceKlass  @bci com/sun/javafx/scene/control/behavior/TextAreaBehavior <init> (Ljavafx/scene/control/TextArea;)V 73 <appendix> member <vmtarget> ; # com/sun/javafx/scene/control/behavior/TextAreaBehavior$$Lambda+0x00000257013d0890
instanceKlass  @bci com/sun/javafx/scene/control/behavior/TextAreaBehavior <init> (Ljavafx/scene/control/TextArea;)V 42 <appendix> member <vmtarget> ; # com/sun/javafx/scene/control/behavior/TextAreaBehavior$$Lambda+0x00000257013d0648
instanceKlass  @bci javafx/scene/control/skin/TextAreaSkin <init> (Ljavafx/scene/control/TextArea;)V 103 <appendix> member <vmtarget> ; # javafx/scene/control/skin/TextAreaSkin$$Lambda+0x00000257013d0430
instanceKlass  @bci javafx/scene/control/skin/TextAreaSkin$ContentView <init> (Ljavafx/scene/control/skin/TextAreaSkin;)V 52 <appendix> member <vmtarget> ; # javafx/scene/control/skin/TextAreaSkin$ContentView$$Lambda+0x00000257013d0218
instanceKlass  @bci javafx/scene/control/skin/TextAreaSkin$ContentView <init> (Ljavafx/scene/control/skin/TextAreaSkin;)V 39 <appendix> member <vmtarget> ; # javafx/scene/control/skin/TextAreaSkin$ContentView$$Lambda+0x00000257013d0000
instanceKlass  @bci javafx/scene/control/skin/TextAreaSkin$ContentView <init> (Ljavafx/scene/control/skin/TextAreaSkin;)V 26 <appendix> member <vmtarget> ; # javafx/scene/control/skin/TextAreaSkin$ContentView$$Lambda+0x00000257013cfc88
instanceKlass  @bci javafx/scene/control/skin/TableViewSkin <init> (Ljavafx/scene/control/TableView;)V 247 <appendix> member <vmtarget> ; # javafx/scene/control/skin/TableViewSkin$$Lambda+0x00000257013ce9f0
instanceKlass  @bci javafx/scene/control/skin/TableViewSkin <init> (Ljavafx/scene/control/TableView;)V 233 <appendix> member <vmtarget> ; # javafx/scene/control/skin/TableViewSkin$$Lambda+0x00000257013ce7d8
instanceKlass  @bci javafx/scene/control/skin/TableViewSkin <init> (Ljavafx/scene/control/TableView;)V 220 <appendix> member <vmtarget> ; # javafx/scene/control/skin/TableViewSkin$$Lambda+0x00000257013ce5c0
instanceKlass  @bci javafx/scene/control/skin/TableViewSkin <init> (Ljavafx/scene/control/TableView;)V 207 <appendix> member <vmtarget> ; # javafx/scene/control/skin/TableViewSkin$$Lambda+0x00000257013ce3a8
instanceKlass  @bci javafx/scene/control/skin/TableViewSkin <init> (Ljavafx/scene/control/TableView;)V 194 <appendix> member <vmtarget> ; # javafx/scene/control/skin/TableViewSkin$$Lambda+0x00000257013ce190
instanceKlass  @bci javafx/scene/control/skin/TableViewSkin <init> (Ljavafx/scene/control/TableView;)V 181 <appendix> member <vmtarget> ; # javafx/scene/control/skin/TableViewSkin$$Lambda+0x00000257013cdf78
instanceKlass  @bci javafx/scene/control/skin/TableViewSkin <init> (Ljavafx/scene/control/TableView;)V 168 <appendix> member <vmtarget> ; # javafx/scene/control/skin/TableViewSkin$$Lambda+0x00000257013cdd60
instanceKlass  @bci javafx/scene/control/skin/TableViewSkin <init> (Ljavafx/scene/control/TableView;)V 155 <appendix> member <vmtarget> ; # javafx/scene/control/skin/TableViewSkin$$Lambda+0x00000257013cdb48
instanceKlass  @bci javafx/scene/control/skin/TableViewSkin <init> (Ljavafx/scene/control/TableView;)V 142 <appendix> member <vmtarget> ; # javafx/scene/control/skin/TableViewSkin$$Lambda+0x00000257013cd930
instanceKlass  @bci javafx/scene/control/skin/TableViewSkin <init> (Ljavafx/scene/control/TableView;)V 129 <appendix> member <vmtarget> ; # javafx/scene/control/skin/TableViewSkin$$Lambda+0x00000257013cd718
instanceKlass  @bci javafx/scene/control/skin/TableViewSkin <init> (Ljavafx/scene/control/TableView;)V 116 <appendix> member <vmtarget> ; # javafx/scene/control/skin/TableViewSkin$$Lambda+0x00000257013cd500
instanceKlass  @bci javafx/scene/control/skin/TableViewSkin <init> (Ljavafx/scene/control/TableView;)V 103 <appendix> member <vmtarget> ; # javafx/scene/control/skin/TableViewSkin$$Lambda+0x00000257013cd2e8
instanceKlass  @bci javafx/scene/control/skin/TableViewSkin <init> (Ljavafx/scene/control/TableView;)V 90 <appendix> member <vmtarget> ; # javafx/scene/control/skin/TableViewSkin$$Lambda+0x00000257013cd0d0
instanceKlass  @bci javafx/scene/control/skin/TableViewSkin <init> (Ljavafx/scene/control/TableView;)V 47 <appendix> member <vmtarget> ; # javafx/scene/control/skin/TableViewSkin$$Lambda+0x00000257013cceb8
instanceKlass  @bci javafx/scene/control/skin/TableViewSkin <init> (Ljavafx/scene/control/TableView;)V 33 <appendix> member <vmtarget> ; # javafx/scene/control/skin/TableViewSkin$$Lambda+0x00000257013ccca0
instanceKlass  @bci com/sun/javafx/scene/control/behavior/TableViewBehavior <init> (Ljavafx/scene/control/TableView;)V 7 <appendix> member <vmtarget> ; # com/sun/javafx/scene/control/behavior/TableViewBehavior$$Lambda+0x00000257013cc138
instanceKlass  @bci com/sun/javafx/scene/control/behavior/TableViewBehaviorBase <init> (Ljavafx/scene/control/Control;)V 1782 <appendix> member <vmtarget> ; # com/sun/javafx/scene/control/behavior/TableViewBehaviorBase$$Lambda+0x00000257013cbf20
instanceKlass  @bci com/sun/javafx/scene/control/behavior/TableViewBehaviorBase <init> (Ljavafx/scene/control/Control;)V 1747 <appendix> argL0 ; # com/sun/javafx/scene/control/behavior/TableViewBehaviorBase$$Lambda+0x00000257013cbce0
instanceKlass  @bci com/sun/javafx/scene/control/behavior/TableViewBehaviorBase <init> (Ljavafx/scene/control/Control;)V 1713 <appendix> member <vmtarget> ; # com/sun/javafx/scene/control/behavior/TableViewBehaviorBase$$Lambda+0x00000257013cbac8
instanceKlass  @bci com/sun/javafx/scene/control/behavior/TableViewBehaviorBase <init> (Ljavafx/scene/control/Control;)V 1675 <appendix> argL0 ; # com/sun/javafx/scene/control/behavior/TableViewBehaviorBase$$Lambda+0x00000257013cb888
instanceKlass  @bci com/sun/javafx/scene/control/behavior/TableViewBehaviorBase <init> (Ljavafx/scene/control/Control;)V 1641 <appendix> member <vmtarget> ; # com/sun/javafx/scene/control/behavior/TableViewBehaviorBase$$Lambda+0x00000257013cb670
instanceKlass  @bci com/sun/javafx/scene/control/behavior/TableViewBehaviorBase <init> (Ljavafx/scene/control/Control;)V 1619 <appendix> member <vmtarget> ; # com/sun/javafx/scene/control/behavior/TableViewBehaviorBase$$Lambda+0x00000257013cb458
instanceKlass  @bci com/sun/javafx/scene/control/behavior/TableViewBehaviorBase <init> (Ljavafx/scene/control/Control;)V 1599 <appendix> member <vmtarget> ; # com/sun/javafx/scene/control/behavior/TableViewBehaviorBase$$Lambda+0x00000257013cb240
instanceKlass  @bci com/sun/javafx/scene/control/behavior/TableViewBehaviorBase <init> (Ljavafx/scene/control/Control;)V 1579 <appendix> member <vmtarget> ; # com/sun/javafx/scene/control/behavior/TableViewBehaviorBase$$Lambda+0x00000257013cb028
instanceKlass  @bci com/sun/javafx/scene/control/behavior/TableViewBehaviorBase <init> (Ljavafx/scene/control/Control;)V 1557 <appendix> member <vmtarget> ; # com/sun/javafx/scene/control/behavior/TableViewBehaviorBase$$Lambda+0x00000257013cae10
instanceKlass  @bci com/sun/javafx/scene/control/behavior/TableViewBehaviorBase <init> (Ljavafx/scene/control/Control;)V 1537 <appendix> member <vmtarget> ; # com/sun/javafx/scene/control/behavior/TableViewBehaviorBase$$Lambda+0x00000257013cabf8
instanceKlass  @bci com/sun/javafx/scene/control/behavior/TableViewBehaviorBase <init> (Ljavafx/scene/control/Control;)V 1504 <appendix> member <vmtarget> ; # com/sun/javafx/scene/control/behavior/TableViewBehaviorBase$$Lambda+0x00000257013ca9e0
instanceKlass  @bci com/sun/javafx/scene/control/behavior/TableViewBehaviorBase <init> (Ljavafx/scene/control/Control;)V 1471 <appendix> member <vmtarget> ; # com/sun/javafx/scene/control/behavior/TableViewBehaviorBase$$Lambda+0x00000257013ca7c8
instanceKlass  @bci com/sun/javafx/scene/control/behavior/TableViewBehaviorBase <init> (Ljavafx/scene/control/Control;)V 1438 <appendix> member <vmtarget> ; # com/sun/javafx/scene/control/behavior/TableViewBehaviorBase$$Lambda+0x00000257013ca5b0
instanceKlass  @bci com/sun/javafx/scene/control/behavior/TableViewBehaviorBase <init> (Ljavafx/scene/control/Control;)V 1405 <appendix> member <vmtarget> ; # com/sun/javafx/scene/control/behavior/TableViewBehaviorBase$$Lambda+0x00000257013ca398
instanceKlass  @bci com/sun/javafx/scene/control/behavior/TableViewBehaviorBase <init> (Ljavafx/scene/control/Control;)V 1372 <appendix> member <vmtarget> ; # com/sun/javafx/scene/control/behavior/TableViewBehaviorBase$$Lambda+0x00000257013ca180
instanceKlass  @bci com/sun/javafx/scene/control/behavior/TableViewBehaviorBase <init> (Ljavafx/scene/control/Control;)V 1339 <appendix> member <vmtarget> ; # com/sun/javafx/scene/control/behavior/TableViewBehaviorBase$$Lambda+0x00000257013c9f68
instanceKlass  @bci com/sun/javafx/scene/control/behavior/TableViewBehaviorBase <init> (Ljavafx/scene/control/Control;)V 1306 <appendix> member <vmtarget> ; # com/sun/javafx/scene/control/behavior/TableViewBehaviorBase$$Lambda+0x00000257013c9d50
instanceKlass  @bci com/sun/javafx/scene/control/behavior/TableViewBehaviorBase <init> (Ljavafx/scene/control/Control;)V 1273 <appendix> member <vmtarget> ; # com/sun/javafx/scene/control/behavior/TableViewBehaviorBase$$Lambda+0x00000257013c9b38
instanceKlass  @bci com/sun/javafx/scene/control/behavior/TableViewBehaviorBase <init> (Ljavafx/scene/control/Control;)V 1243 <appendix> member <vmtarget> ; # com/sun/javafx/scene/control/behavior/TableViewBehaviorBase$$Lambda+0x00000257013c9920
instanceKlass  @bci com/sun/javafx/scene/control/behavior/TableViewBehaviorBase <init> (Ljavafx/scene/control/Control;)V 1213 <appendix> member <vmtarget> ; # com/sun/javafx/scene/control/behavior/TableViewBehaviorBase$$Lambda+0x00000257013c9708
instanceKlass  @bci com/sun/javafx/scene/control/behavior/TableViewBehaviorBase <init> (Ljavafx/scene/control/Control;)V 1183 <appendix> member <vmtarget> ; # com/sun/javafx/scene/control/behavior/TableViewBehaviorBase$$Lambda+0x00000257013c94f0
instanceKlass  @bci com/sun/javafx/scene/control/behavior/TableViewBehaviorBase <init> (Ljavafx/scene/control/Control;)V 1153 <appendix> member <vmtarget> ; # com/sun/javafx/scene/control/behavior/TableViewBehaviorBase$$Lambda+0x00000257013c92d8
instanceKlass  @bci com/sun/javafx/scene/control/behavior/TableViewBehaviorBase <init> (Ljavafx/scene/control/Control;)V 1123 <appendix> member <vmtarget> ; # com/sun/javafx/scene/control/behavior/TableViewBehaviorBase$$Lambda+0x00000257013c90c0
instanceKlass  @bci com/sun/javafx/scene/control/behavior/TableViewBehaviorBase <init> (Ljavafx/scene/control/Control;)V 1093 <appendix> member <vmtarget> ; # com/sun/javafx/scene/control/behavior/TableViewBehaviorBase$$Lambda+0x00000257013c8ea8
instanceKlass  @bci com/sun/javafx/scene/control/behavior/TableViewBehaviorBase <init> (Ljavafx/scene/control/Control;)V 1063 <appendix> member <vmtarget> ; # com/sun/javafx/scene/control/behavior/TableViewBehaviorBase$$Lambda+0x00000257013c8c90
instanceKlass  @bci com/sun/javafx/scene/control/behavior/TableViewBehaviorBase <init> (Ljavafx/scene/control/Control;)V 1033 <appendix> member <vmtarget> ; # com/sun/javafx/scene/control/behavior/TableViewBehaviorBase$$Lambda+0x00000257013c8a78
instanceKlass  @bci com/sun/javafx/scene/control/behavior/TableViewBehaviorBase <init> (Ljavafx/scene/control/Control;)V 1003 <appendix> member <vmtarget> ; # com/sun/javafx/scene/control/behavior/TableViewBehaviorBase$$Lambda+0x00000257013c8860
instanceKlass  @bci com/sun/javafx/scene/control/behavior/TableViewBehaviorBase <init> (Ljavafx/scene/control/Control;)V 973 <appendix> member <vmtarget> ; # com/sun/javafx/scene/control/behavior/TableViewBehaviorBase$$Lambda+0x00000257013c8648
instanceKlass  @bci com/sun/javafx/scene/control/behavior/TableViewBehaviorBase <init> (Ljavafx/scene/control/Control;)V 943 <appendix> member <vmtarget> ; # com/sun/javafx/scene/control/behavior/TableViewBehaviorBase$$Lambda+0x00000257013c8430
instanceKlass  @bci com/sun/javafx/scene/control/behavior/TableViewBehaviorBase <init> (Ljavafx/scene/control/Control;)V 913 <appendix> member <vmtarget> ; # com/sun/javafx/scene/control/behavior/TableViewBehaviorBase$$Lambda+0x00000257013c8218
instanceKlass  @bci com/sun/javafx/scene/control/behavior/TableViewBehaviorBase <init> (Ljavafx/scene/control/Control;)V 883 <appendix> member <vmtarget> ; # com/sun/javafx/scene/control/behavior/TableViewBehaviorBase$$Lambda+0x00000257013c8000
instanceKlass  @bci com/sun/javafx/scene/control/behavior/TableViewBehaviorBase <init> (Ljavafx/scene/control/Control;)V 853 <appendix> member <vmtarget> ; # com/sun/javafx/scene/control/behavior/TableViewBehaviorBase$$Lambda+0x00000257013c7d68
instanceKlass  @bci com/sun/javafx/scene/control/behavior/TableViewBehaviorBase <init> (Ljavafx/scene/control/Control;)V 823 <appendix> member <vmtarget> ; # com/sun/javafx/scene/control/behavior/TableViewBehaviorBase$$Lambda+0x00000257013c7b50
instanceKlass  @bci com/sun/javafx/scene/control/behavior/TableViewBehaviorBase <init> (Ljavafx/scene/control/Control;)V 790 <appendix> member <vmtarget> ; # com/sun/javafx/scene/control/behavior/TableViewBehaviorBase$$Lambda+0x00000257013c7938
instanceKlass  @bci com/sun/javafx/scene/control/behavior/TableViewBehaviorBase <init> (Ljavafx/scene/control/Control;)V 760 <appendix> member <vmtarget> ; # com/sun/javafx/scene/control/behavior/TableViewBehaviorBase$$Lambda+0x00000257013c7720
instanceKlass  @bci com/sun/javafx/scene/control/behavior/TableViewBehaviorBase <init> (Ljavafx/scene/control/Control;)V 730 <appendix> member <vmtarget> ; # com/sun/javafx/scene/control/behavior/TableViewBehaviorBase$$Lambda+0x00000257013c7508
instanceKlass  @bci com/sun/javafx/scene/control/behavior/TableViewBehaviorBase <init> (Ljavafx/scene/control/Control;)V 700 <appendix> member <vmtarget> ; # com/sun/javafx/scene/control/behavior/TableViewBehaviorBase$$Lambda+0x00000257013c72f0
instanceKlass  @bci com/sun/javafx/scene/control/behavior/TableViewBehaviorBase <init> (Ljavafx/scene/control/Control;)V 670 <appendix> member <vmtarget> ; # com/sun/javafx/scene/control/behavior/TableViewBehaviorBase$$Lambda+0x00000257013c70d8
instanceKlass  @bci com/sun/javafx/scene/control/behavior/TableViewBehaviorBase <init> (Ljavafx/scene/control/Control;)V 640 <appendix> member <vmtarget> ; # com/sun/javafx/scene/control/behavior/TableViewBehaviorBase$$Lambda+0x00000257013c6ec0
instanceKlass  @bci com/sun/javafx/scene/control/behavior/TableViewBehaviorBase <init> (Ljavafx/scene/control/Control;)V 610 <appendix> member <vmtarget> ; # com/sun/javafx/scene/control/behavior/TableViewBehaviorBase$$Lambda+0x00000257013c6ca8
instanceKlass  @bci com/sun/javafx/scene/control/behavior/TableViewBehaviorBase <init> (Ljavafx/scene/control/Control;)V 580 <appendix> member <vmtarget> ; # com/sun/javafx/scene/control/behavior/TableViewBehaviorBase$$Lambda+0x00000257013c6a90
instanceKlass  @bci com/sun/javafx/scene/control/behavior/TableViewBehaviorBase <init> (Ljavafx/scene/control/Control;)V 550 <appendix> member <vmtarget> ; # com/sun/javafx/scene/control/behavior/TableViewBehaviorBase$$Lambda+0x00000257013c6878
instanceKlass  @bci com/sun/javafx/scene/control/behavior/TableViewBehaviorBase <init> (Ljavafx/scene/control/Control;)V 520 <appendix> argL0 ; # com/sun/javafx/scene/control/behavior/TableViewBehaviorBase$$Lambda+0x00000257013c6668
instanceKlass  @bci com/sun/javafx/scene/control/behavior/TableViewBehaviorBase <init> (Ljavafx/scene/control/Control;)V 501 <appendix> argL0 ; # com/sun/javafx/scene/control/behavior/TableViewBehaviorBase$$Lambda+0x00000257013c6458
instanceKlass  @bci com/sun/javafx/scene/control/behavior/TableViewBehaviorBase <init> (Ljavafx/scene/control/Control;)V 482 <appendix> argL0 ; # com/sun/javafx/scene/control/behavior/TableViewBehaviorBase$$Lambda+0x00000257013c6248
instanceKlass  @bci com/sun/javafx/scene/control/behavior/TableViewBehaviorBase <init> (Ljavafx/scene/control/Control;)V 463 <appendix> argL0 ; # com/sun/javafx/scene/control/behavior/TableViewBehaviorBase$$Lambda+0x00000257013c6038
instanceKlass  @bci com/sun/javafx/scene/control/behavior/TableViewBehaviorBase <init> (Ljavafx/scene/control/Control;)V 444 <appendix> member <vmtarget> ; # com/sun/javafx/scene/control/behavior/TableViewBehaviorBase$$Lambda+0x00000257013c5e20
instanceKlass  @bci com/sun/javafx/scene/control/behavior/TableViewBehaviorBase <init> (Ljavafx/scene/control/Control;)V 424 <appendix> member <vmtarget> ; # com/sun/javafx/scene/control/behavior/TableViewBehaviorBase$$Lambda+0x00000257013c5c08
instanceKlass  @bci com/sun/javafx/scene/control/behavior/TableViewBehaviorBase <init> (Ljavafx/scene/control/Control;)V 404 <appendix> member <vmtarget> ; # com/sun/javafx/scene/control/behavior/TableViewBehaviorBase$$Lambda+0x00000257013c59f0
instanceKlass  @bci com/sun/javafx/scene/control/behavior/TableViewBehaviorBase <init> (Ljavafx/scene/control/Control;)V 384 <appendix> member <vmtarget> ; # com/sun/javafx/scene/control/behavior/TableViewBehaviorBase$$Lambda+0x00000257013c57d8
instanceKlass  @bci com/sun/javafx/scene/control/behavior/TableViewBehaviorBase <init> (Ljavafx/scene/control/Control;)V 364 <appendix> member <vmtarget> ; # com/sun/javafx/scene/control/behavior/TableViewBehaviorBase$$Lambda+0x00000257013c55c0
instanceKlass  @bci com/sun/javafx/scene/control/behavior/TableViewBehaviorBase <init> (Ljavafx/scene/control/Control;)V 344 <appendix> member <vmtarget> ; # com/sun/javafx/scene/control/behavior/TableViewBehaviorBase$$Lambda+0x00000257013c53a8
instanceKlass  @bci com/sun/javafx/scene/control/behavior/TableViewBehaviorBase <init> (Ljavafx/scene/control/Control;)V 324 <appendix> member <vmtarget> ; # com/sun/javafx/scene/control/behavior/TableViewBehaviorBase$$Lambda+0x00000257013c5190
instanceKlass  @bci com/sun/javafx/scene/control/behavior/TableViewBehaviorBase <init> (Ljavafx/scene/control/Control;)V 304 <appendix> member <vmtarget> ; # com/sun/javafx/scene/control/behavior/TableViewBehaviorBase$$Lambda+0x00000257013c4f78
instanceKlass  @bci com/sun/javafx/scene/control/behavior/TableViewBehaviorBase <init> (Ljavafx/scene/control/Control;)V 284 <appendix> member <vmtarget> ; # com/sun/javafx/scene/control/behavior/TableViewBehaviorBase$$Lambda+0x00000257013c4d60
instanceKlass  @bci com/sun/javafx/scene/control/behavior/TableViewBehaviorBase <init> (Ljavafx/scene/control/Control;)V 264 <appendix> member <vmtarget> ; # com/sun/javafx/scene/control/behavior/TableViewBehaviorBase$$Lambda+0x00000257013c4b48
instanceKlass  @bci com/sun/javafx/scene/control/behavior/TableViewBehaviorBase <init> (Ljavafx/scene/control/Control;)V 244 <appendix> member <vmtarget> ; # com/sun/javafx/scene/control/behavior/TableViewBehaviorBase$$Lambda+0x00000257013c4930
instanceKlass  @bci com/sun/javafx/scene/control/behavior/TableViewBehaviorBase <init> (Ljavafx/scene/control/Control;)V 224 <appendix> member <vmtarget> ; # com/sun/javafx/scene/control/behavior/TableViewBehaviorBase$$Lambda+0x00000257013c4718
instanceKlass  @bci com/sun/javafx/scene/control/behavior/TableViewBehaviorBase <init> (Ljavafx/scene/control/Control;)V 204 <appendix> member <vmtarget> ; # com/sun/javafx/scene/control/behavior/TableViewBehaviorBase$$Lambda+0x00000257013c4500
instanceKlass  @bci com/sun/javafx/scene/control/behavior/TableViewBehaviorBase <init> (Ljavafx/scene/control/Control;)V 185 <appendix> member <vmtarget> ; # com/sun/javafx/scene/control/behavior/TableViewBehaviorBase$$Lambda+0x00000257013c42e8
instanceKlass  @bci com/sun/javafx/scene/control/behavior/TableViewBehaviorBase <init> (Ljavafx/scene/control/Control;)V 166 <appendix> member <vmtarget> ; # com/sun/javafx/scene/control/behavior/TableViewBehaviorBase$$Lambda+0x00000257013c40d0
instanceKlass  @bci com/sun/javafx/scene/control/behavior/TableViewBehaviorBase <init> (Ljavafx/scene/control/Control;)V 147 <appendix> member <vmtarget> ; # com/sun/javafx/scene/control/behavior/TableViewBehaviorBase$$Lambda+0x00000257013c3eb8
instanceKlass  @bci com/sun/javafx/scene/control/behavior/TableViewBehaviorBase <init> (Ljavafx/scene/control/Control;)V 128 <appendix> argL0 ; # com/sun/javafx/scene/control/behavior/TableViewBehaviorBase$$Lambda+0x00000257013c3ca8
instanceKlass  @bci com/sun/javafx/scene/control/behavior/TableViewBehaviorBase <init> (Ljavafx/scene/control/Control;)V 100 <appendix> argL0 ; # com/sun/javafx/scene/control/behavior/TableViewBehaviorBase$$Lambda+0x00000257013c3a98
instanceKlass  @bci com/sun/javafx/scene/control/behavior/TableViewBehaviorBase <init> (Ljavafx/scene/control/Control;)V 50 <appendix> member <vmtarget> ; # com/sun/javafx/scene/control/behavior/TableViewBehaviorBase$$Lambda+0x00000257013c3880
instanceKlass com/sun/javafx/scene/control/SizeLimitedList
instanceKlass  @bci com/sun/javafx/scene/control/behavior/TableViewBehaviorBase <init> (Ljavafx/scene/control/Control;)V 27 <appendix> member <vmtarget> ; # com/sun/javafx/scene/control/behavior/TableViewBehaviorBase$$Lambda+0x00000257013c3438
instanceKlass  @bci javafx/scene/control/skin/TableViewSkinBase <init> (Ljavafx/scene/control/Control;)V 554 <appendix> member <vmtarget> ; # javafx/scene/control/skin/TableViewSkinBase$$Lambda+0x00000257013c28a8
instanceKlass  @bci javafx/scene/control/skin/TableViewSkinBase <init> (Ljavafx/scene/control/Control;)V 539 <appendix> member <vmtarget> ; # javafx/scene/control/skin/TableViewSkinBase$$Lambda+0x00000257013c2680
instanceKlass  @bci javafx/scene/control/skin/TableViewSkinBase <init> (Ljavafx/scene/control/Control;)V 518 <appendix> member <vmtarget> ; # javafx/scene/control/skin/TableViewSkinBase$$Lambda+0x00000257013c2458
instanceKlass  @bci javafx/scene/control/skin/TableViewSkinBase <init> (Ljavafx/scene/control/Control;)V 503 <appendix> member <vmtarget> ; # javafx/scene/control/skin/TableViewSkinBase$$Lambda+0x00000257013c2230
instanceKlass  @bci javafx/scene/control/skin/TableViewSkinBase <init> (Ljavafx/scene/control/Control;)V 455 <appendix> member <vmtarget> ; # javafx/scene/control/skin/TableViewSkinBase$$Lambda+0x00000257013c2018
instanceKlass  @bci javafx/scene/control/skin/TableViewSkinBase <init> (Ljavafx/scene/control/Control;)V 444 <appendix> member <vmtarget> ; # javafx/scene/control/skin/TableViewSkinBase$$Lambda+0x00000257013c1e00
instanceKlass com/sun/javafx/scene/control/ListenerHelper$MaChLi
instanceKlass  @bci javafx/scene/control/skin/TableViewSkinBase <init> (Ljavafx/scene/control/Control;)V 429 <appendix> member <vmtarget> ; # javafx/scene/control/skin/TableViewSkinBase$$Lambda+0x00000257013c1770
instanceKlass javafx/scene/control/skin/TableViewSkinBase$1
instanceKlass com/sun/javafx/scene/control/ListenerHelper$LiChLi
instanceKlass  @bci javafx/scene/control/skin/TableViewSkinBase <init> (Ljavafx/scene/control/Control;)V 358 <appendix> member <vmtarget> ; # javafx/scene/control/skin/TableViewSkinBase$$Lambda+0x00000257013c0ec0
instanceKlass  @bci javafx/scene/control/skin/TableViewSkinBase <init> (Ljavafx/scene/control/Control;)V 343 <appendix> member <vmtarget> ; # javafx/scene/control/skin/TableViewSkinBase$$Lambda+0x00000257013c0ca8
instanceKlass javafx/scene/control/skin/TableColumnHeader$StyleableProperties
instanceKlass  @bci javafx/scene/control/skin/TableHeaderRow <init> (Ljavafx/scene/control/skin/TableViewSkinBase;)V 600 <appendix> member <vmtarget> ; # javafx/scene/control/skin/TableHeaderRow$$Lambda+0x00000257013c0668
instanceKlass  @bci javafx/scene/control/skin/TableHeaderRow <init> (Ljavafx/scene/control/skin/TableViewSkinBase;)V 474 <appendix> member <vmtarget> ; # javafx/scene/control/skin/TableHeaderRow$$Lambda+0x00000257013c0450
instanceKlass  @bci javafx/scene/control/skin/NestedTableColumnHeader setTableHeaderRow (Ljavafx/scene/control/skin/TableHeaderRow;)V 24 <appendix> member <vmtarget> ; # javafx/scene/control/skin/NestedTableColumnHeader$$Lambda+0x00000257013c0228
instanceKlass  @bci javafx/scene/control/skin/TableColumnHeader setTableHeaderRow (Ljavafx/scene/control/skin/TableHeaderRow;)V 46 <appendix> member <vmtarget> ; # javafx/scene/control/skin/TableColumnHeader$$Lambda+0x00000257013c0000
instanceKlass  @bci javafx/scene/control/skin/NestedTableColumnHeader <init> (Ljavafx/scene/control/TableColumnBase;)V 33 <appendix> member <vmtarget> ; # javafx/scene/control/skin/NestedTableColumnHeader$$Lambda+0x00000257013bfd60
instanceKlass  @bci javafx/scene/control/skin/TableColumnHeader <init> (Ljavafx/scene/control/TableColumnBase;)V 156 <appendix> member <vmtarget> ; # javafx/scene/control/skin/TableColumnHeader$$Lambda+0x00000257013bfb38
instanceKlass  @bci javafx/scene/control/skin/TableColumnHeader <init> (Ljavafx/scene/control/TableColumnBase;)V 51 <appendix> member <vmtarget> ; # javafx/scene/control/skin/TableColumnHeader$$Lambda+0x00000257013bf920
instanceKlass  @bci javafx/scene/control/skin/TableColumnHeader <init> (Ljavafx/scene/control/TableColumnBase;)V 41 <appendix> member <vmtarget> ; # javafx/scene/control/skin/TableColumnHeader$$Lambda+0x00000257013bf708
instanceKlass  @bci javafx/scene/control/skin/TableColumnHeader <init> (Ljavafx/scene/control/TableColumnBase;)V 31 <appendix> member <vmtarget> ; # javafx/scene/control/skin/TableColumnHeader$$Lambda+0x00000257013bf4f0
instanceKlass  @bci javafx/scene/control/skin/NestedTableColumnHeader <clinit> ()V 24 <appendix> argL0 ; # javafx/scene/control/skin/NestedTableColumnHeader$$Lambda+0x00000257013bf2e0
instanceKlass  @bci javafx/scene/control/skin/NestedTableColumnHeader <clinit> ()V 16 <appendix> argL0 ; # javafx/scene/control/skin/NestedTableColumnHeader$$Lambda+0x00000257013bf0d0
instanceKlass  @bci javafx/scene/control/skin/NestedTableColumnHeader <clinit> ()V 8 <appendix> argL0 ; # javafx/scene/control/skin/NestedTableColumnHeader$$Lambda+0x00000257013beec0
instanceKlass  @bci javafx/scene/control/skin/NestedTableColumnHeader <clinit> ()V 0 <appendix> argL0 ; # javafx/scene/control/skin/NestedTableColumnHeader$$Lambda+0x00000257013becb0
instanceKlass  @bci javafx/scene/control/skin/TableColumnHeader <clinit> ()V 24 <appendix> argL0 ; # javafx/scene/control/skin/TableColumnHeader$$Lambda+0x00000257013beaa0
instanceKlass  @bci javafx/scene/control/skin/TableColumnHeader <clinit> ()V 16 <appendix> argL0 ; # javafx/scene/control/skin/TableColumnHeader$$Lambda+0x00000257013be890
instanceKlass  @bci javafx/scene/control/skin/TableColumnHeader <clinit> ()V 8 <appendix> argL0 ; # javafx/scene/control/skin/TableColumnHeader$$Lambda+0x00000257013be680
instanceKlass  @bci javafx/scene/control/skin/TableColumnHeader <clinit> ()V 0 <appendix> argL0 ; # javafx/scene/control/skin/TableColumnHeader$$Lambda+0x00000257013be470
instanceKlass javafx/scene/control/skin/TableSkinUtils
instanceKlass  @bci javafx/scene/control/skin/TableHeaderRow <init> (Ljavafx/scene/control/skin/TableViewSkinBase;)V 92 <appendix> member <vmtarget> ; # javafx/scene/control/skin/TableHeaderRow$$Lambda+0x00000257013bcaf0
instanceKlass  @bci javafx/scene/control/skin/TableHeaderRow <init> (Ljavafx/scene/control/skin/TableViewSkinBase;)V 82 <appendix> member <vmtarget> ; # javafx/scene/control/skin/TableHeaderRow$$Lambda+0x00000257013bc8d8
instanceKlass  @bci javafx/scene/control/skin/TableHeaderRow <init> (Ljavafx/scene/control/skin/TableViewSkinBase;)V 72 <appendix> member <vmtarget> ; # javafx/scene/control/skin/TableHeaderRow$$Lambda+0x00000257013bc6c0
instanceKlass  @bci javafx/scene/control/skin/TableHeaderRow <init> (Ljavafx/scene/control/skin/TableViewSkinBase;)V 62 <appendix> member <vmtarget> ; # javafx/scene/control/skin/TableHeaderRow$$Lambda+0x00000257013bc4a8
instanceKlass  @bci javafx/scene/control/skin/TableHeaderRow <init> (Ljavafx/scene/control/skin/TableViewSkinBase;)V 52 <appendix> member <vmtarget> ; # javafx/scene/control/skin/TableHeaderRow$$Lambda+0x00000257013bc290
instanceKlass  @bci javafx/scene/control/skin/TableHeaderRow <init> (Ljavafx/scene/control/skin/TableViewSkinBase;)V 42 <appendix> member <vmtarget> ; # javafx/scene/control/skin/TableHeaderRow$$Lambda+0x00000257013bc078
instanceKlass  @bci javafx/scene/control/skin/TableViewSkinBase <init> (Ljavafx/scene/control/Control;)V 128 <appendix> member <vmtarget> ; # javafx/scene/control/skin/TableViewSkinBase$$Lambda+0x00000257013bb0c0
instanceKlass  @bci javafx/scene/control/skin/TableViewSkinBase <init> (Ljavafx/scene/control/Control;)V 55 <appendix> member <vmtarget> ; # javafx/scene/control/skin/TableViewSkinBase$$Lambda+0x00000257013baea8
instanceKlass  @bci javafx/scene/control/skin/TableViewSkinBase <init> (Ljavafx/scene/control/Control;)V 45 <appendix> member <vmtarget> ; # javafx/scene/control/skin/TableViewSkinBase$$Lambda+0x00000257013bac90
instanceKlass  @bci javafx/scene/control/skin/TableViewSkinBase <clinit> ()V 0 <appendix> argL0 ; # javafx/scene/control/skin/TableViewSkinBase$$Lambda+0x00000257013baa80
instanceKlass  @bci javafx/scene/control/skin/ListViewSkin <init> (Ljavafx/scene/control/ListView;)V 456 <appendix> member <vmtarget> ; # javafx/scene/control/skin/ListViewSkin$$Lambda+0x00000257013b9720
instanceKlass  @bci javafx/scene/control/skin/ListViewSkin <init> (Ljavafx/scene/control/ListView;)V 441 <appendix> member <vmtarget> ; # javafx/scene/control/skin/ListViewSkin$$Lambda+0x00000257013b94f8
instanceKlass  @bci javafx/scene/control/skin/ListViewSkin <init> (Ljavafx/scene/control/ListView;)V 427 <appendix> member <vmtarget> ; # javafx/scene/control/skin/ListViewSkin$$Lambda+0x00000257013b92d0
instanceKlass  @bci javafx/scene/control/skin/ListViewSkin <init> (Ljavafx/scene/control/ListView;)V 413 <appendix> member <vmtarget> ; # javafx/scene/control/skin/ListViewSkin$$Lambda+0x00000257013b90a8
instanceKlass  @bci javafx/scene/control/skin/ListViewSkin <init> (Ljavafx/scene/control/ListView;)V 399 <appendix> member <vmtarget> ; # javafx/scene/control/skin/ListViewSkin$$Lambda+0x00000257013b8e80
instanceKlass  @bci javafx/scene/control/skin/ListViewSkin <init> (Ljavafx/scene/control/ListView;)V 384 <appendix> member <vmtarget> ; # javafx/scene/control/skin/ListViewSkin$$Lambda+0x00000257013b8c58
instanceKlass javafx/scene/control/skin/CellSkinBase$StyleableProperties
instanceKlass  @bci com/sun/javafx/scene/control/behavior/CellBehaviorBase <init> (Ljavafx/scene/control/Cell;)V 75 <appendix> member <vmtarget> ; # com/sun/javafx/scene/control/behavior/CellBehaviorBase$$Lambda+0x00000257013b8430
instanceKlass  @bci com/sun/javafx/scene/control/behavior/CellBehaviorBase <init> (Ljavafx/scene/control/Cell;)V 54 <appendix> member <vmtarget> ; # com/sun/javafx/scene/control/behavior/CellBehaviorBase$$Lambda+0x00000257013b8218
instanceKlass  @bci com/sun/javafx/scene/control/behavior/CellBehaviorBase <init> (Ljavafx/scene/control/Cell;)V 33 <appendix> member <vmtarget> ; # com/sun/javafx/scene/control/behavior/CellBehaviorBase$$Lambda+0x00000257013b8000
instanceKlass  @bci javafx/scene/control/skin/VirtualFlow getCell (I)Ljavafx/scene/control/IndexedCell; 158 <appendix> member <vmtarget> ; # javafx/scene/control/skin/VirtualFlow$$Lambda+0x00000257013b6530
instanceKlass  @bci javafx/scene/control/skin/ListViewSkin <init> (Ljavafx/scene/control/ListView;)V 305 <appendix> member <vmtarget> ; # javafx/scene/control/skin/ListViewSkin$$Lambda+0x00000257013b6318
instanceKlass  @bci javafx/scene/control/skin/ListViewSkin <init> (Ljavafx/scene/control/ListView;)V 271 <appendix> member <vmtarget> ; # javafx/scene/control/skin/ListViewSkin$$Lambda+0x00000257013b6100
instanceKlass  @bci javafx/scene/control/skin/ListViewSkin <init> (Ljavafx/scene/control/ListView;)V 205 <appendix> member <vmtarget> ; # javafx/scene/control/skin/ListViewSkin$$Lambda+0x00000257013b5ee8
instanceKlass  @bci javafx/scene/control/skin/ListViewSkin <init> (Ljavafx/scene/control/ListView;)V 192 <appendix> member <vmtarget> ; # javafx/scene/control/skin/ListViewSkin$$Lambda+0x00000257013b5cd0
instanceKlass  @bci javafx/scene/control/skin/ListViewSkin <init> (Ljavafx/scene/control/ListView;)V 179 <appendix> member <vmtarget> ; # javafx/scene/control/skin/ListViewSkin$$Lambda+0x00000257013b5ab8
instanceKlass  @bci javafx/scene/control/skin/ListViewSkin <init> (Ljavafx/scene/control/ListView;)V 166 <appendix> member <vmtarget> ; # javafx/scene/control/skin/ListViewSkin$$Lambda+0x00000257013b58a0
instanceKlass  @bci javafx/scene/control/skin/ListViewSkin <init> (Ljavafx/scene/control/ListView;)V 153 <appendix> member <vmtarget> ; # javafx/scene/control/skin/ListViewSkin$$Lambda+0x00000257013b5688
instanceKlass  @bci javafx/scene/control/skin/ListViewSkin <init> (Ljavafx/scene/control/ListView;)V 140 <appendix> member <vmtarget> ; # javafx/scene/control/skin/ListViewSkin$$Lambda+0x00000257013b5470
instanceKlass  @bci javafx/scene/control/skin/ListViewSkin <init> (Ljavafx/scene/control/ListView;)V 127 <appendix> member <vmtarget> ; # javafx/scene/control/skin/ListViewSkin$$Lambda+0x00000257013b5258
instanceKlass  @bci javafx/scene/control/skin/ListViewSkin <init> (Ljavafx/scene/control/ListView;)V 114 <appendix> member <vmtarget> ; # javafx/scene/control/skin/ListViewSkin$$Lambda+0x00000257013b5040
instanceKlass  @bci com/sun/javafx/scene/control/behavior/ListViewBehavior <init> (Ljavafx/scene/control/ListView;)V 1737 <appendix> member <vmtarget> ; # com/sun/javafx/scene/control/behavior/ListViewBehavior$$Lambda+0x00000257013b4e28
instanceKlass  @bci com/sun/javafx/scene/control/behavior/ListViewBehavior <init> (Ljavafx/scene/control/ListView;)V 1704 <appendix> member <vmtarget> ; # com/sun/javafx/scene/control/behavior/ListViewBehavior$$Lambda+0x00000257013b4c10
instanceKlass  @bci com/sun/javafx/scene/control/behavior/ListViewBehavior <init> (Ljavafx/scene/control/ListView;)V 1671 <appendix> member <vmtarget> ; # com/sun/javafx/scene/control/behavior/ListViewBehavior$$Lambda+0x00000257013b49f8
instanceKlass  @bci com/sun/javafx/scene/control/behavior/ListViewBehavior <init> (Ljavafx/scene/control/ListView;)V 1641 <appendix> member <vmtarget> ; # com/sun/javafx/scene/control/behavior/ListViewBehavior$$Lambda+0x00000257013b47e0
instanceKlass  @bci com/sun/javafx/scene/control/behavior/ListViewBehavior <init> (Ljavafx/scene/control/ListView;)V 1611 <appendix> member <vmtarget> ; # com/sun/javafx/scene/control/behavior/ListViewBehavior$$Lambda+0x00000257013b45c8
instanceKlass  @bci com/sun/javafx/scene/control/behavior/ListViewBehavior <init> (Ljavafx/scene/control/ListView;)V 1581 <appendix> member <vmtarget> ; # com/sun/javafx/scene/control/behavior/ListViewBehavior$$Lambda+0x00000257013b43b0
instanceKlass  @bci com/sun/javafx/scene/control/behavior/ListViewBehavior <init> (Ljavafx/scene/control/ListView;)V 1551 <appendix> member <vmtarget> ; # com/sun/javafx/scene/control/behavior/ListViewBehavior$$Lambda+0x00000257013b4198
instanceKlass  @bci com/sun/javafx/scene/control/behavior/ListViewBehavior <init> (Ljavafx/scene/control/ListView;)V 1522 <appendix> member <vmtarget> ; # com/sun/javafx/scene/control/behavior/ListViewBehavior$$Lambda+0x00000257013b3f80
instanceKlass  @bci com/sun/javafx/scene/control/behavior/ListViewBehavior <init> (Ljavafx/scene/control/ListView;)V 1493 <appendix> member <vmtarget> ; # com/sun/javafx/scene/control/behavior/ListViewBehavior$$Lambda+0x00000257013b3d68
instanceKlass  @bci com/sun/javafx/scene/control/behavior/ListViewBehavior <init> (Ljavafx/scene/control/ListView;)V 1474 <appendix> member <vmtarget> ; # com/sun/javafx/scene/control/behavior/ListViewBehavior$$Lambda+0x00000257013b3b50
instanceKlass  @bci com/sun/javafx/scene/control/behavior/ListViewBehavior <init> (Ljavafx/scene/control/ListView;)V 1455 <appendix> member <vmtarget> ; # com/sun/javafx/scene/control/behavior/ListViewBehavior$$Lambda+0x00000257013b3938
instanceKlass  @bci com/sun/javafx/scene/control/behavior/ListViewBehavior <init> (Ljavafx/scene/control/ListView;)V 1436 <appendix> member <vmtarget> ; # com/sun/javafx/scene/control/behavior/ListViewBehavior$$Lambda+0x00000257013b3720
instanceKlass  @bci com/sun/javafx/scene/control/behavior/ListViewBehavior <init> (Ljavafx/scene/control/ListView;)V 1410 <appendix> member <vmtarget> ; # com/sun/javafx/scene/control/behavior/ListViewBehavior$$Lambda+0x00000257013b34d8
instanceKlass  @bci com/sun/javafx/scene/control/behavior/ListViewBehavior <init> (Ljavafx/scene/control/ListView;)V 1374 <appendix> member <vmtarget> ; # com/sun/javafx/scene/control/behavior/ListViewBehavior$$Lambda+0x00000257013b32c0
instanceKlass  @bci com/sun/javafx/scene/control/behavior/ListViewBehavior <init> (Ljavafx/scene/control/ListView;)V 1340 <appendix> member <vmtarget> ; # com/sun/javafx/scene/control/behavior/ListViewBehavior$$Lambda+0x00000257013b30a8
instanceKlass  @bci com/sun/javafx/scene/control/behavior/ListViewBehavior <init> (Ljavafx/scene/control/ListView;)V 1307 <appendix> member <vmtarget> ; # com/sun/javafx/scene/control/behavior/ListViewBehavior$$Lambda+0x00000257013b2e90
instanceKlass  @bci com/sun/javafx/scene/control/behavior/ListViewBehavior <init> (Ljavafx/scene/control/ListView;)V 1274 <appendix> member <vmtarget> ; # com/sun/javafx/scene/control/behavior/ListViewBehavior$$Lambda+0x00000257013b2c78
instanceKlass  @bci com/sun/javafx/scene/control/behavior/ListViewBehavior <init> (Ljavafx/scene/control/ListView;)V 1241 <appendix> member <vmtarget> ; # com/sun/javafx/scene/control/behavior/ListViewBehavior$$Lambda+0x00000257013b2a60
instanceKlass  @bci com/sun/javafx/scene/control/behavior/ListViewBehavior <init> (Ljavafx/scene/control/ListView;)V 1208 <appendix> member <vmtarget> ; # com/sun/javafx/scene/control/behavior/ListViewBehavior$$Lambda+0x00000257013b2848
instanceKlass  @bci com/sun/javafx/scene/control/behavior/ListViewBehavior <init> (Ljavafx/scene/control/ListView;)V 1175 <appendix> member <vmtarget> ; # com/sun/javafx/scene/control/behavior/ListViewBehavior$$Lambda+0x00000257013b2630
instanceKlass  @bci com/sun/javafx/scene/control/behavior/ListViewBehavior <init> (Ljavafx/scene/control/ListView;)V 1145 <appendix> member <vmtarget> ; # com/sun/javafx/scene/control/behavior/ListViewBehavior$$Lambda+0x00000257013b2418
instanceKlass  @bci com/sun/javafx/scene/control/behavior/ListViewBehavior <init> (Ljavafx/scene/control/ListView;)V 1115 <appendix> member <vmtarget> ; # com/sun/javafx/scene/control/behavior/ListViewBehavior$$Lambda+0x00000257013b2200
instanceKlass  @bci com/sun/javafx/scene/control/behavior/ListViewBehavior <init> (Ljavafx/scene/control/ListView;)V 1085 <appendix> member <vmtarget> ; # com/sun/javafx/scene/control/behavior/ListViewBehavior$$Lambda+0x00000257013b1fe8
instanceKlass  @bci com/sun/javafx/scene/control/behavior/ListViewBehavior <init> (Ljavafx/scene/control/ListView;)V 1055 <appendix> member <vmtarget> ; # com/sun/javafx/scene/control/behavior/ListViewBehavior$$Lambda+0x00000257013b1dd0
instanceKlass  @bci com/sun/javafx/scene/control/behavior/ListViewBehavior <init> (Ljavafx/scene/control/ListView;)V 1026 <appendix> member <vmtarget> ; # com/sun/javafx/scene/control/behavior/ListViewBehavior$$Lambda+0x00000257013b1bb8
instanceKlass  @bci com/sun/javafx/scene/control/behavior/ListViewBehavior <init> (Ljavafx/scene/control/ListView;)V 997 <appendix> member <vmtarget> ; # com/sun/javafx/scene/control/behavior/ListViewBehavior$$Lambda+0x00000257013b19a0
instanceKlass  @bci com/sun/javafx/scene/control/behavior/ListViewBehavior <init> (Ljavafx/scene/control/ListView;)V 978 <appendix> member <vmtarget> ; # com/sun/javafx/scene/control/behavior/ListViewBehavior$$Lambda+0x00000257013b1788
instanceKlass  @bci com/sun/javafx/scene/control/behavior/ListViewBehavior <init> (Ljavafx/scene/control/ListView;)V 959 <appendix> member <vmtarget> ; # com/sun/javafx/scene/control/behavior/ListViewBehavior$$Lambda+0x00000257013b1570
instanceKlass  @bci com/sun/javafx/scene/control/behavior/ListViewBehavior <init> (Ljavafx/scene/control/ListView;)V 940 <appendix> member <vmtarget> ; # com/sun/javafx/scene/control/behavior/ListViewBehavior$$Lambda+0x00000257013b1358
instanceKlass  @bci com/sun/javafx/scene/control/behavior/ListViewBehavior <init> (Ljavafx/scene/control/ListView;)V 914 <appendix> member <vmtarget> ; # com/sun/javafx/scene/control/behavior/ListViewBehavior$$Lambda+0x00000257013b1110
instanceKlass  @bci com/sun/javafx/scene/control/behavior/ListViewBehavior <init> (Ljavafx/scene/control/ListView;)V 879 <appendix> member <vmtarget> ; # com/sun/javafx/scene/control/behavior/ListViewBehavior$$Lambda+0x00000257013b0ef8
instanceKlass  @bci com/sun/javafx/scene/control/behavior/ListViewBehavior <init> (Ljavafx/scene/control/ListView;)V 844 <appendix> argL0 ; # com/sun/javafx/scene/control/behavior/ListViewBehavior$$Lambda+0x00000257013b0cb8
instanceKlass  @bci com/sun/javafx/scene/control/behavior/ListViewBehavior <init> (Ljavafx/scene/control/ListView;)V 810 <appendix> member <vmtarget> ; # com/sun/javafx/scene/control/behavior/ListViewBehavior$$Lambda+0x00000257013b0aa0
instanceKlass  @bci com/sun/javafx/scene/control/behavior/ListViewBehavior <init> (Ljavafx/scene/control/ListView;)V 772 <appendix> argL0 ; # com/sun/javafx/scene/control/behavior/ListViewBehavior$$Lambda+0x00000257013b0860
instanceKlass  @bci com/sun/javafx/scene/control/behavior/ListViewBehavior <init> (Ljavafx/scene/control/ListView;)V 748 <appendix> member <vmtarget> ; # com/sun/javafx/scene/control/behavior/ListViewBehavior$$Lambda+0x00000257013b0648
instanceKlass  @bci com/sun/javafx/scene/control/behavior/ListViewBehavior <init> (Ljavafx/scene/control/ListView;)V 728 <appendix> member <vmtarget> ; # com/sun/javafx/scene/control/behavior/ListViewBehavior$$Lambda+0x00000257013b0430
instanceKlass  @bci com/sun/javafx/scene/control/behavior/ListViewBehavior <init> (Ljavafx/scene/control/ListView;)V 698 <appendix> member <vmtarget> ; # com/sun/javafx/scene/control/behavior/ListViewBehavior$$Lambda+0x00000257013b0218
instanceKlass  @bci com/sun/javafx/scene/control/behavior/ListViewBehavior <init> (Ljavafx/scene/control/ListView;)V 668 <appendix> member <vmtarget> ; # com/sun/javafx/scene/control/behavior/ListViewBehavior$$Lambda+0x00000257013b0000
instanceKlass  @bci com/sun/javafx/scene/control/behavior/ListViewBehavior <init> (Ljavafx/scene/control/ListView;)V 637 <appendix> member <vmtarget> ; # com/sun/javafx/scene/control/behavior/ListViewBehavior$$Lambda+0x00000257013afdc8
instanceKlass  @bci com/sun/javafx/scene/control/behavior/ListViewBehavior <init> (Ljavafx/scene/control/ListView;)V 606 <appendix> member <vmtarget> ; # com/sun/javafx/scene/control/behavior/ListViewBehavior$$Lambda+0x00000257013afbb0
instanceKlass  @bci com/sun/javafx/scene/control/behavior/ListViewBehavior <init> (Ljavafx/scene/control/ListView;)V 575 <appendix> member <vmtarget> ; # com/sun/javafx/scene/control/behavior/ListViewBehavior$$Lambda+0x00000257013af998
instanceKlass  @bci com/sun/javafx/scene/control/behavior/ListViewBehavior <init> (Ljavafx/scene/control/ListView;)V 545 <appendix> member <vmtarget> ; # com/sun/javafx/scene/control/behavior/ListViewBehavior$$Lambda+0x00000257013af780
instanceKlass  @bci com/sun/javafx/scene/control/behavior/ListViewBehavior <init> (Ljavafx/scene/control/ListView;)V 525 <appendix> member <vmtarget> ; # com/sun/javafx/scene/control/behavior/ListViewBehavior$$Lambda+0x00000257013af568
instanceKlass  @bci com/sun/javafx/scene/control/behavior/ListViewBehavior <init> (Ljavafx/scene/control/ListView;)V 505 <appendix> member <vmtarget> ; # com/sun/javafx/scene/control/behavior/ListViewBehavior$$Lambda+0x00000257013af350
instanceKlass  @bci com/sun/javafx/scene/control/behavior/ListViewBehavior <init> (Ljavafx/scene/control/ListView;)V 485 <appendix> member <vmtarget> ; # com/sun/javafx/scene/control/behavior/ListViewBehavior$$Lambda+0x00000257013af138
instanceKlass  @bci com/sun/javafx/scene/control/behavior/ListViewBehavior <init> (Ljavafx/scene/control/ListView;)V 465 <appendix> member <vmtarget> ; # com/sun/javafx/scene/control/behavior/ListViewBehavior$$Lambda+0x00000257013aef20
instanceKlass  @bci com/sun/javafx/scene/control/behavior/ListViewBehavior <init> (Ljavafx/scene/control/ListView;)V 445 <appendix> member <vmtarget> ; # com/sun/javafx/scene/control/behavior/ListViewBehavior$$Lambda+0x00000257013aed08
instanceKlass  @bci com/sun/javafx/scene/control/behavior/ListViewBehavior <init> (Ljavafx/scene/control/ListView;)V 425 <appendix> member <vmtarget> ; # com/sun/javafx/scene/control/behavior/ListViewBehavior$$Lambda+0x00000257013aeaf0
instanceKlass  @bci com/sun/javafx/scene/control/behavior/ListViewBehavior <init> (Ljavafx/scene/control/ListView;)V 392 <appendix> member <vmtarget> ; # com/sun/javafx/scene/control/behavior/ListViewBehavior$$Lambda+0x00000257013ae8d8
instanceKlass  @bci com/sun/javafx/scene/control/behavior/ListViewBehavior <init> (Ljavafx/scene/control/ListView;)V 362 <appendix> member <vmtarget> ; # com/sun/javafx/scene/control/behavior/ListViewBehavior$$Lambda+0x00000257013ae6c0
instanceKlass  @bci com/sun/javafx/scene/control/behavior/ListViewBehavior <init> (Ljavafx/scene/control/ListView;)V 333 <appendix> member <vmtarget> ; # com/sun/javafx/scene/control/behavior/ListViewBehavior$$Lambda+0x00000257013ae4a8
instanceKlass  @bci com/sun/javafx/scene/control/behavior/ListViewBehavior <init> (Ljavafx/scene/control/ListView;)V 303 <appendix> member <vmtarget> ; # com/sun/javafx/scene/control/behavior/ListViewBehavior$$Lambda+0x00000257013ae290
instanceKlass  @bci com/sun/javafx/scene/control/behavior/ListViewBehavior <init> (Ljavafx/scene/control/ListView;)V 273 <appendix> member <vmtarget> ; # com/sun/javafx/scene/control/behavior/ListViewBehavior$$Lambda+0x00000257013ae078
instanceKlass  @bci com/sun/javafx/scene/control/behavior/ListViewBehavior <init> (Ljavafx/scene/control/ListView;)V 242 <appendix> member <vmtarget> ; # com/sun/javafx/scene/control/behavior/ListViewBehavior$$Lambda+0x00000257013ade60
instanceKlass  @bci com/sun/javafx/scene/control/behavior/ListViewBehavior <init> (Ljavafx/scene/control/ListView;)V 214 <appendix> member <vmtarget> ; # com/sun/javafx/scene/control/behavior/ListViewBehavior$$Lambda+0x00000257013adc48
instanceKlass  @bci com/sun/javafx/scene/control/behavior/ListViewBehavior <init> (Ljavafx/scene/control/ListView;)V 165 <appendix> member <vmtarget> ; # com/sun/javafx/scene/control/behavior/ListViewBehavior$$Lambda+0x00000257013ada00
instanceKlass  @bci com/sun/javafx/scene/control/behavior/ListViewBehavior <init> (Ljavafx/scene/control/ListView;)V 158 <appendix> member <vmtarget> ; # com/sun/javafx/scene/control/behavior/ListViewBehavior$$Lambda+0x00000257013ad7b8
instanceKlass com/sun/javafx/scene/control/behavior/ListViewBehavior$2
instanceKlass com/sun/javafx/scene/control/behavior/ListViewBehavior$1
instanceKlass  @bci com/sun/javafx/scene/control/behavior/ListViewBehavior <init> (Ljavafx/scene/control/ListView;)V 42 <appendix> member <vmtarget> ; # com/sun/javafx/scene/control/behavior/ListViewBehavior$$Lambda+0x00000257013ad150
instanceKlass  @bci com/sun/javafx/scene/control/behavior/ListViewBehavior <init> (Ljavafx/scene/control/ListView;)V 32 <appendix> member <vmtarget> ; # com/sun/javafx/scene/control/behavior/ListViewBehavior$$Lambda+0x00000257013acf38
instanceKlass  @bci com/sun/javafx/scene/control/behavior/ListViewBehavior <init> (Ljavafx/scene/control/ListView;)V 7 <appendix> member <vmtarget> ; # com/sun/javafx/scene/control/behavior/ListViewBehavior$$Lambda+0x00000257013acd20
instanceKlass  @bci javafx/scene/control/skin/ListViewSkin <init> (Ljavafx/scene/control/ListView;)V 74 <appendix> member <vmtarget> ; # javafx/scene/control/skin/ListViewSkin$$Lambda+0x00000257013ac868
instanceKlass javafx/scene/control/skin/ListViewSkin$1
instanceKlass javafx/collections/WeakMapChangeListener
instanceKlass  @bci javafx/scene/control/skin/ListViewSkin <init> (Ljavafx/scene/control/ListView;)V 22 <appendix> member <vmtarget> ; # javafx/scene/control/skin/ListViewSkin$$Lambda+0x00000257013ac200
instanceKlass  @bci javafx/scene/control/skin/VirtualContainerBase <init> (Ljavafx/scene/control/Control;)V 22 <appendix> member <vmtarget> ; # javafx/scene/control/skin/VirtualContainerBase$$Lambda+0x00000257013abfe8
instanceKlass javafx/scene/control/skin/VirtualFlow$3
instanceKlass  @bci javafx/scene/control/skin/VirtualFlow <init> ()V 710 <appendix> member <vmtarget> ; # javafx/scene/control/skin/VirtualFlow$$Lambda+0x00000257013ab940
instanceKlass  @bci javafx/scene/control/skin/VirtualFlow <init> ()V 700 <appendix> member <vmtarget> ; # javafx/scene/control/skin/VirtualFlow$$Lambda+0x00000257013ab728
instanceKlass  @bci javafx/scene/control/skin/VirtualFlow <init> ()V 690 <appendix> member <vmtarget> ; # javafx/scene/control/skin/VirtualFlow$$Lambda+0x00000257013ab510
instanceKlass  @bci javafx/scene/control/skin/VirtualFlow <init> ()V 666 <appendix> member <vmtarget> ; # javafx/scene/control/skin/VirtualFlow$$Lambda+0x00000257013ab2f8
instanceKlass  @bci javafx/scene/control/skin/VirtualFlow <init> ()V 607 <appendix> member <vmtarget> ; # javafx/scene/control/skin/VirtualFlow$$Lambda+0x00000257013ab0e0
instanceKlass  @bci javafx/scene/control/skin/VirtualFlow <init> ()V 536 <appendix> argL0 ; # javafx/scene/control/skin/VirtualFlow$$Lambda+0x00000257013aaed0
instanceKlass  @bci javafx/scene/control/skin/VirtualFlow <init> ()V 497 <appendix> argL0 ; # javafx/scene/control/skin/VirtualFlow$$Lambda+0x00000257013aacc0
instanceKlass  @bci javafx/scene/control/skin/VirtualFlow <init> ()V 472 <appendix> member <vmtarget> ; # javafx/scene/control/skin/VirtualFlow$$Lambda+0x00000257013aaaa8
instanceKlass  @bci javafx/scene/control/skin/VirtualFlow <init> ()V 459 <appendix> member <vmtarget> ; # javafx/scene/control/skin/VirtualFlow$$Lambda+0x00000257013aa890
instanceKlass javafx/scene/control/skin/VirtualFlow$2
instanceKlass javafx/scene/control/skin/VirtualFlow$1
instanceKlass  @bci javafx/scene/control/skin/VirtualFlow <init> ()V 419 <appendix> member <vmtarget> ; # javafx/scene/control/skin/VirtualFlow$$Lambda+0x00000257013aa228
instanceKlass  @bci javafx/scene/control/skin/VirtualFlow <init> ()V 397 <appendix> member <vmtarget> ; # javafx/scene/control/skin/VirtualFlow$$Lambda+0x00000257013aa010
instanceKlass  @bci javafx/scene/control/skin/VirtualFlow <init> ()V 377 <appendix> argL0 ; # javafx/scene/control/skin/VirtualFlow$$Lambda+0x00000257013a9e00
instanceKlass  @bci javafx/scene/control/skin/VirtualFlow$ClippedContainer <init> (Ljavafx/scene/control/skin/VirtualFlow;)V 75 <appendix> member <vmtarget> ; # javafx/scene/control/skin/VirtualFlow$ClippedContainer$$Lambda+0x00000257013a9be8
instanceKlass  @bci javafx/scene/control/skin/VirtualFlow$ClippedContainer <init> (Ljavafx/scene/control/skin/VirtualFlow;)V 62 <appendix> member <vmtarget> ; # javafx/scene/control/skin/VirtualFlow$ClippedContainer$$Lambda+0x00000257013a99d0
instanceKlass  @bci com/sun/javafx/scene/control/VirtualScrollBar <init> (Ljavafx/scene/control/skin/VirtualFlow;)V 29 <appendix> member <vmtarget> ; # com/sun/javafx/scene/control/VirtualScrollBar$$Lambda+0x00000257013a8ef8
instanceKlass  @bci javafx/scene/control/skin/ListViewSkin <clinit> ()V 0 <appendix> argL0 ; # javafx/scene/control/skin/ListViewSkin$$Lambda+0x00000257013a4ac0
instanceKlass javafx/scene/control/skin/ComboBoxPopupControl$1
instanceKlass  @bci javafx/scene/control/skin/ComboBoxPopupControl install ()V 12 <appendix> member <vmtarget> ; # javafx/scene/control/skin/ComboBoxPopupControl$$Lambda+0x00000257013a3620
instanceKlass  @bci javafx/scene/control/skin/ComboBoxListViewSkin <init> (Ljavafx/scene/control/ComboBox;)V 288 <appendix> member <vmtarget> ; # javafx/scene/control/skin/ComboBoxListViewSkin$$Lambda+0x00000257013a3408
instanceKlass  @bci javafx/scene/control/skin/ComboBoxListViewSkin <init> (Ljavafx/scene/control/ComboBox;)V 256 <appendix> member <vmtarget> ; # javafx/scene/control/skin/ComboBoxListViewSkin$$Lambda+0x00000257013a31e0
instanceKlass  @bci javafx/scene/control/skin/ComboBoxListViewSkin <init> (Ljavafx/scene/control/ComboBox;)V 241 <appendix> member <vmtarget> ; # javafx/scene/control/skin/ComboBoxListViewSkin$$Lambda+0x00000257013a2fb8
instanceKlass  @bci javafx/scene/control/skin/ComboBoxListViewSkin <init> (Ljavafx/scene/control/ComboBox;)V 225 <appendix> member <vmtarget> ; # javafx/scene/control/skin/ComboBoxListViewSkin$$Lambda+0x00000257013a2d90
instanceKlass  @bci javafx/scene/control/skin/ComboBoxListViewSkin <init> (Ljavafx/scene/control/ComboBox;)V 210 <appendix> member <vmtarget> ; # javafx/scene/control/skin/ComboBoxListViewSkin$$Lambda+0x00000257013a2b68
instanceKlass  @bci javafx/scene/control/skin/ComboBoxListViewSkin <init> (Ljavafx/scene/control/ComboBox;)V 195 <appendix> member <vmtarget> ; # javafx/scene/control/skin/ComboBoxListViewSkin$$Lambda+0x00000257013a2940
instanceKlass  @bci javafx/scene/control/skin/ComboBoxListViewSkin <init> (Ljavafx/scene/control/ComboBox;)V 180 <appendix> member <vmtarget> ; # javafx/scene/control/skin/ComboBoxListViewSkin$$Lambda+0x00000257013a2718
instanceKlass  @bci javafx/scene/control/skin/ComboBoxListViewSkin <init> (Ljavafx/scene/control/ComboBox;)V 165 <appendix> member <vmtarget> ; # javafx/scene/control/skin/ComboBoxListViewSkin$$Lambda+0x00000257013a24f0
instanceKlass  @bci javafx/scene/control/skin/ComboBoxListViewSkin <init> (Ljavafx/scene/control/ComboBox;)V 150 <appendix> member <vmtarget> ; # javafx/scene/control/skin/ComboBoxListViewSkin$$Lambda+0x00000257013a22c8
instanceKlass com/sun/javafx/scene/control/ReadOnlyUnbackedObservableList$SelectionListIterator
instanceKlass javafx/scene/control/ListCell$3
instanceKlass  @bci javafx/scene/control/ListCell <init> ()V 65 <appendix> member <vmtarget> ; # javafx/scene/control/ListCell$$Lambda+0x00000257013a1bb0
instanceKlass javafx/scene/control/ListCell$2
instanceKlass  @bci javafx/scene/control/ListCell <init> ()V 43 <appendix> member <vmtarget> ; # javafx/scene/control/ListCell$$Lambda+0x00000257013a1778
instanceKlass javafx/scene/control/ListCell$1
instanceKlass  @bci javafx/scene/control/ListCell <init> ()V 21 <appendix> member <vmtarget> ; # javafx/scene/control/ListCell$$Lambda+0x00000257013a1338
instanceKlass  @bci javafx/scene/control/ListCell <init> ()V 6 <appendix> member <vmtarget> ; # javafx/scene/control/ListCell$$Lambda+0x00000257013a1120
instanceKlass javafx/scene/control/Cell$1
instanceKlass javafx/scene/control/skin/ComboBoxListViewSkin$2
instanceKlass javafx/scene/control/ListView$StyleableProperties
instanceKlass  @bci javafx/scene/control/skin/ComboBoxListViewSkin createListView ()Ljavafx/scene/control/ListView; 101 <appendix> member <vmtarget> ; # javafx/scene/control/skin/ComboBoxListViewSkin$$Lambda+0x000002570139e0d0
instanceKlass  @bci javafx/scene/control/skin/ComboBoxListViewSkin createListView ()Ljavafx/scene/control/ListView; 91 <appendix> member <vmtarget> ; # javafx/scene/control/skin/ComboBoxListViewSkin$$Lambda+0x000002570139deb8
instanceKlass  @bci javafx/scene/control/skin/ComboBoxListViewSkin lambda$createListView$12 (Lcom/sun/javafx/scene/control/ListenerHelper;Ljavafx/beans/value/ObservableValue;Ljavafx/scene/control/SingleSelectionModel;Ljavafx/scene/control/SingleSelectionModel;)V 29 <appendix> member <vmtarget> ; # javafx/scene/control/skin/ComboBoxListViewSkin$$Lambda+0x000002570139dca0
instanceKlass  @bci javafx/scene/control/skin/ComboBoxListViewSkin createListView ()Ljavafx/scene/control/ListView; 77 <appendix> member <vmtarget> ; # javafx/scene/control/skin/ComboBoxListViewSkin$$Lambda+0x000002570139da88
instanceKlass  @bci javafx/scene/control/skin/ComboBoxListViewSkin createListView ()Ljavafx/scene/control/ListView; 53 <appendix> member <vmtarget> ; # javafx/scene/control/skin/ComboBoxListViewSkin$$Lambda+0x000002570139d870
instanceKlass  @bci javafx/scene/control/skin/ComboBoxListViewSkin$3 <init> (Ljavafx/scene/control/skin/ComboBoxListViewSkin;)V 32 <appendix> member <vmtarget> ; # javafx/scene/control/skin/ComboBoxListViewSkin$3$$Lambda+0x000002570139d238
instanceKlass  @bci javafx/scene/control/ListView <init> (Ljavafx/collections/ObservableList;)V 101 <appendix> member <vmtarget> ; # javafx/scene/control/ListView$$Lambda+0x000002570139d020
instanceKlass  @bci javafx/scene/control/ListView$ListViewFocusModel <init> (Ljavafx/scene/control/ListView;)V 123 <appendix> member <vmtarget> ; # javafx/scene/control/ListView$ListViewFocusModel$$Lambda+0x000002570139ce08
instanceKlass javafx/scene/control/ListView$ListViewFocusModel$1
instanceKlass  @bci javafx/scene/control/ListView$ListViewFocusModel <init> (Ljavafx/scene/control/ListView;)V 11 <appendix> member <vmtarget> ; # javafx/scene/control/ListView$ListViewFocusModel$$Lambda+0x000002570139c9d0
instanceKlass  @bci java/util/stream/IntPipeline boxed ()Ljava/util/stream/Stream; 1 <appendix> argL0 ; # java/util/stream/IntPipeline$$Lambda+0x00000257012f62f8
instanceKlass java/util/BitSet$1BitSetSpliterator
instanceKlass javafx/scene/control/ListView$ListViewBitSetSelectionModel$1
instanceKlass javafx/scene/control/ListView$ListViewBitSetSelectionModel$2
instanceKlass  @bci javafx/scene/control/ListView <init> (Ljavafx/collections/ObservableList;)V 11 <appendix> member <vmtarget> ; # javafx/scene/control/ListView$$Lambda+0x000002570139c378
instanceKlass  @bci javafx/scene/control/skin/ComboBoxListViewSkin <init> (Ljavafx/scene/control/ComboBox;)V 89 <appendix> member <vmtarget> ; # javafx/scene/control/skin/ComboBoxListViewSkin$$Lambda+0x0000025701399708
instanceKlass  @bci com/sun/javafx/scene/control/behavior/ComboBoxListViewBehavior <init> (Ljavafx/scene/control/ComboBox;)V 51 <appendix> member <vmtarget> ; # com/sun/javafx/scene/control/behavior/ComboBoxListViewBehavior$$Lambda+0x00000257013994f0
instanceKlass  @bci com/sun/javafx/scene/control/behavior/ComboBoxListViewBehavior <init> (Ljavafx/scene/control/ComboBox;)V 32 <appendix> member <vmtarget> ; # com/sun/javafx/scene/control/behavior/ComboBoxListViewBehavior$$Lambda+0x00000257013992d8
instanceKlass  @bci com/sun/javafx/scene/control/behavior/ComboBoxBaseBehavior <init> (Ljavafx/scene/control/ComboBoxBase;)V 326 <appendix> member <vmtarget> ; # com/sun/javafx/scene/control/behavior/ComboBoxBaseBehavior$$Lambda+0x00000257013990c0
instanceKlass  @bci com/sun/javafx/scene/control/behavior/ComboBoxBaseBehavior <init> (Ljavafx/scene/control/ComboBoxBase;)V 306 <appendix> member <vmtarget> ; # com/sun/javafx/scene/control/behavior/ComboBoxBaseBehavior$$Lambda+0x0000025701398ea8
instanceKlass  @bci com/sun/javafx/scene/control/behavior/ComboBoxBaseBehavior <init> (Ljavafx/scene/control/ComboBoxBase;)V 286 <appendix> member <vmtarget> ; # com/sun/javafx/scene/control/behavior/ComboBoxBaseBehavior$$Lambda+0x0000025701398c90
instanceKlass  @bci com/sun/javafx/scene/control/behavior/ComboBoxBaseBehavior <init> (Ljavafx/scene/control/ComboBoxBase;)V 266 <appendix> member <vmtarget> ; # com/sun/javafx/scene/control/behavior/ComboBoxBaseBehavior$$Lambda+0x0000025701398a78
instanceKlass  @bci com/sun/javafx/scene/control/behavior/ComboBoxBaseBehavior <init> (Ljavafx/scene/control/ComboBoxBase;)V 246 <appendix> member <vmtarget> ; # com/sun/javafx/scene/control/behavior/ComboBoxBaseBehavior$$Lambda+0x0000025701398860
instanceKlass  @bci com/sun/javafx/scene/control/behavior/ComboBoxBaseBehavior <init> (Ljavafx/scene/control/ComboBoxBase;)V 223 <appendix> member <vmtarget> ; # com/sun/javafx/scene/control/behavior/ComboBoxBaseBehavior$$Lambda+0x0000025701398648
instanceKlass  @bci com/sun/javafx/scene/control/behavior/ComboBoxBaseBehavior <init> (Ljavafx/scene/control/ComboBoxBase;)V 197 <appendix> member <vmtarget> ; # com/sun/javafx/scene/control/behavior/ComboBoxBaseBehavior$$Lambda+0x0000025701398430
instanceKlass  @bci com/sun/javafx/scene/control/behavior/ComboBoxBaseBehavior <init> (Ljavafx/scene/control/ComboBoxBase;)V 172 <appendix> member <vmtarget> ; # com/sun/javafx/scene/control/behavior/ComboBoxBaseBehavior$$Lambda+0x0000025701398218
instanceKlass  @bci com/sun/javafx/scene/control/behavior/ComboBoxBaseBehavior <init> (Ljavafx/scene/control/ComboBoxBase;)V 150 <appendix> member <vmtarget> ; # com/sun/javafx/scene/control/behavior/ComboBoxBaseBehavior$$Lambda+0x0000025701398000
instanceKlass  @bci com/sun/javafx/scene/control/behavior/ComboBoxBaseBehavior <init> (Ljavafx/scene/control/ComboBoxBase;)V 128 <appendix> member <vmtarget> ; # com/sun/javafx/scene/control/behavior/ComboBoxBaseBehavior$$Lambda+0x0000025701397cf0
instanceKlass  @bci com/sun/javafx/scene/control/behavior/ComboBoxBaseBehavior <init> (Ljavafx/scene/control/ComboBoxBase;)V 34 <appendix> member <vmtarget> ; # com/sun/javafx/scene/control/behavior/ComboBoxBaseBehavior$$Lambda+0x0000025701397ad8
instanceKlass  @bci com/sun/javafx/scene/control/behavior/ComboBoxBaseBehavior <init> (Ljavafx/scene/control/ComboBoxBase;)V 7 <appendix> member <vmtarget> ; # com/sun/javafx/scene/control/behavior/ComboBoxBaseBehavior$$Lambda+0x00000257013978c0
instanceKlass javafx/scene/control/skin/ComboBoxListViewSkin$1
instanceKlass  @bci javafx/scene/control/skin/ComboBoxPopupControl <init> (Ljavafx/scene/control/ComboBoxBase;)V 112 <appendix> member <vmtarget> ; # javafx/scene/control/skin/ComboBoxPopupControl$$Lambda+0x0000025701397488
instanceKlass  @bci javafx/scene/control/skin/ComboBoxPopupControl <init> (Ljavafx/scene/control/ComboBoxBase;)V 94 <appendix> member <vmtarget> ; # javafx/scene/control/skin/ComboBoxPopupControl$$Lambda+0x0000025701397270
instanceKlass  @bci javafx/scene/control/skin/ComboBoxPopupControl <init> (Ljavafx/scene/control/ComboBoxBase;)V 27 <appendix> member <vmtarget> ; # javafx/scene/control/skin/ComboBoxPopupControl$$Lambda+0x0000025701397058
instanceKlass  @bci javafx/scene/control/skin/ComboBoxPopupControl <init> (Ljavafx/scene/control/ComboBoxBase;)V 17 <appendix> member <vmtarget> ; # javafx/scene/control/skin/ComboBoxPopupControl$$Lambda+0x0000025701396e40
instanceKlass  @bci javafx/scene/control/skin/ComboBoxBaseSkin <init> (Ljavafx/scene/control/ComboBoxBase;)V 286 <appendix> member <vmtarget> ; # javafx/scene/control/skin/ComboBoxBaseSkin$$Lambda+0x0000025701396c18
instanceKlass  @bci javafx/scene/control/skin/ComboBoxBaseSkin <init> (Ljavafx/scene/control/ComboBoxBase;)V 271 <appendix> member <vmtarget> ; # javafx/scene/control/skin/ComboBoxBaseSkin$$Lambda+0x00000257013969f0
instanceKlass  @bci javafx/scene/control/skin/ComboBoxBaseSkin <init> (Ljavafx/scene/control/ComboBoxBase;)V 256 <appendix> member <vmtarget> ; # javafx/scene/control/skin/ComboBoxBaseSkin$$Lambda+0x00000257013967c8
instanceKlass  @bci javafx/scene/control/skin/ComboBoxBaseSkin <init> (Ljavafx/scene/control/ComboBoxBase;)V 237 <appendix> member <vmtarget> ; # javafx/scene/control/skin/ComboBoxBaseSkin$$Lambda+0x00000257013965b0
instanceKlass  @bci javafx/scene/control/skin/ComboBoxBaseSkin <init> (Ljavafx/scene/control/ComboBoxBase;)V 44 <appendix> member <vmtarget> ; # javafx/scene/control/skin/ComboBoxBaseSkin$$Lambda+0x0000025701396398
instanceKlass  @bci javafx/scene/control/skin/ComboBoxBaseSkin <init> (Ljavafx/scene/control/ComboBoxBase;)V 34 <appendix> member <vmtarget> ; # javafx/scene/control/skin/ComboBoxBaseSkin$$Lambda+0x0000025701396180
instanceKlass  @bci javafx/scene/control/skin/ComboBoxBaseSkin <init> (Ljavafx/scene/control/ComboBoxBase;)V 24 <appendix> member <vmtarget> ; # javafx/scene/control/skin/ComboBoxBaseSkin$$Lambda+0x0000025701395f68
instanceKlass  @bci javafx/scene/control/skin/ComboBoxBaseSkin <init> (Ljavafx/scene/control/ComboBoxBase;)V 14 <appendix> member <vmtarget> ; # javafx/scene/control/skin/ComboBoxBaseSkin$$Lambda+0x0000025701395d50
instanceKlass javafx/scene/control/skin/TabPaneSkin$StyleableProperties
instanceKlass javafx/scene/layout/GridPane$StyleableProperties
instanceKlass  @bci javafx/scene/control/skin/TabPaneSkin <init> (Ljavafx/scene/control/TabPane;)V 380 <appendix> member <vmtarget> ; # javafx/scene/control/skin/TabPaneSkin$$Lambda+0x0000025701391f68
instanceKlass  @bci javafx/scene/control/skin/TabPaneSkin <init> (Ljavafx/scene/control/TabPane;)V 366 <appendix> member <vmtarget> ; # javafx/scene/control/skin/TabPaneSkin$$Lambda+0x0000025701391d40
instanceKlass  @bci javafx/scene/control/skin/TabPaneSkin <init> (Ljavafx/scene/control/TabPane;)V 352 <appendix> member <vmtarget> ; # javafx/scene/control/skin/TabPaneSkin$$Lambda+0x0000025701391b18
instanceKlass  @bci javafx/scene/control/skin/TabPaneSkin <init> (Ljavafx/scene/control/TabPane;)V 338 <appendix> member <vmtarget> ; # javafx/scene/control/skin/TabPaneSkin$$Lambda+0x00000257013918f0
instanceKlass  @bci javafx/scene/control/skin/TabPaneSkin initializeTabListener ()V 2 <appendix> member <vmtarget> ; # javafx/scene/control/skin/TabPaneSkin$$Lambda+0x00000257013916d8
instanceKlass  @bci javafx/scene/control/skin/TabPaneSkin$TabHeaderArea <init> (Ljavafx/scene/control/skin/TabPaneSkin;)V 275 <appendix> member <vmtarget> ; # javafx/scene/control/skin/TabPaneSkin$TabHeaderArea$$Lambda+0x00000257013914c0
instanceKlass  @bci javafx/scene/control/skin/TabPaneSkin$TabControlButtons setupPopupMenu ()V 95 <appendix> member <vmtarget> ; # javafx/scene/control/skin/TabPaneSkin$TabControlButtons$$Lambda+0x00000257013912a8
instanceKlass javafx/scene/control/skin/TabPaneSkin$TabMenuItem$1
instanceKlass javafx/scene/control/Toggle
instanceKlass javafx/scene/control/ToggleGroup
instanceKlass  @bci javafx/scene/control/skin/TabPaneSkin$TabControlButtons <init> (Ljavafx/scene/control/skin/TabPaneSkin;)V 225 <appendix> member <vmtarget> ; # javafx/scene/control/skin/TabPaneSkin$TabControlButtons$$Lambda+0x000002570138e418
instanceKlass  @bci javafx/scene/control/skin/TabPaneSkin$TabControlButtons <init> (Ljavafx/scene/control/skin/TabPaneSkin;)V 21 <appendix> member <vmtarget> ; # javafx/scene/control/skin/TabPaneSkin$TabControlButtons$$Lambda+0x000002570138e200
instanceKlass  @bci javafx/scene/control/skin/TabPaneSkin$TabControlButtons <init> (Ljavafx/scene/control/skin/TabPaneSkin;)V 11 <appendix> member <vmtarget> ; # javafx/scene/control/skin/TabPaneSkin$TabControlButtons$$Lambda+0x000002570138dfe8
instanceKlass javafx/scene/control/skin/TabPaneSkin$TabHeaderSkin$5
instanceKlass  @bci javafx/scene/control/skin/TabPaneSkin$TabHeaderSkin <init> (Ljavafx/scene/control/skin/TabPaneSkin;Ljavafx/scene/control/Tab;)V 781 <appendix> member <vmtarget> ; # javafx/scene/control/skin/TabPaneSkin$TabHeaderSkin$$Lambda+0x000002570138d308
instanceKlass  @bci javafx/scene/control/skin/TabPaneSkin$TabHeaderSkin <init> (Ljavafx/scene/control/skin/TabPaneSkin;Ljavafx/scene/control/Tab;)V 741 <appendix> member <vmtarget> ; # javafx/scene/control/skin/TabPaneSkin$TabHeaderSkin$$Lambda+0x000002570138d0e0
instanceKlass  @bci javafx/scene/control/skin/TabPaneSkin$TabHeaderSkin <init> (Ljavafx/scene/control/skin/TabPaneSkin;Ljavafx/scene/control/Tab;)V 718 <appendix> member <vmtarget> ; # javafx/scene/control/skin/TabPaneSkin$TabHeaderSkin$$Lambda+0x000002570138ceb8
instanceKlass  @bci javafx/scene/control/skin/TabPaneSkin$TabHeaderSkin <init> (Ljavafx/scene/control/skin/TabPaneSkin;Ljavafx/scene/control/Tab;)V 695 <appendix> member <vmtarget> ; # javafx/scene/control/skin/TabPaneSkin$TabHeaderSkin$$Lambda+0x000002570138cc90
instanceKlass  @bci javafx/scene/control/skin/TabPaneSkin$TabHeaderSkin <init> (Ljavafx/scene/control/skin/TabPaneSkin;Ljavafx/scene/control/Tab;)V 672 <appendix> member <vmtarget> ; # javafx/scene/control/skin/TabPaneSkin$TabHeaderSkin$$Lambda+0x000002570138ca68
instanceKlass  @bci javafx/scene/control/skin/TabPaneSkin$TabHeaderSkin <init> (Ljavafx/scene/control/skin/TabPaneSkin;Ljavafx/scene/control/Tab;)V 649 <appendix> member <vmtarget> ; # javafx/scene/control/skin/TabPaneSkin$TabHeaderSkin$$Lambda+0x000002570138c840
instanceKlass  @bci javafx/scene/control/skin/TabPaneSkin$TabHeaderSkin <init> (Ljavafx/scene/control/skin/TabPaneSkin;Ljavafx/scene/control/Tab;)V 626 <appendix> member <vmtarget> ; # javafx/scene/control/skin/TabPaneSkin$TabHeaderSkin$$Lambda+0x000002570138c618
instanceKlass  @bci javafx/scene/control/skin/TabPaneSkin$TabHeaderSkin <init> (Ljavafx/scene/control/skin/TabPaneSkin;Ljavafx/scene/control/Tab;)V 603 <appendix> member <vmtarget> ; # javafx/scene/control/skin/TabPaneSkin$TabHeaderSkin$$Lambda+0x000002570138c3f0
instanceKlass  @bci javafx/scene/control/skin/TabPaneSkin$TabHeaderSkin <init> (Ljavafx/scene/control/skin/TabPaneSkin;Ljavafx/scene/control/Tab;)V 567 <appendix> member <vmtarget> ; # javafx/scene/control/skin/TabPaneSkin$TabHeaderSkin$$Lambda+0x000002570138c1c8
instanceKlass  @bci javafx/scene/control/skin/TabPaneSkin$TabHeaderSkin <init> (Ljavafx/scene/control/skin/TabPaneSkin;Ljavafx/scene/control/Tab;)V 549 <appendix> member <vmtarget> ; # javafx/scene/control/skin/TabPaneSkin$TabHeaderSkin$$Lambda+0x000002570138bfa0
instanceKlass  @bci javafx/scene/control/skin/TabPaneSkin$TabHeaderSkin <init> (Ljavafx/scene/control/skin/TabPaneSkin;Ljavafx/scene/control/Tab;)V 529 <appendix> member <vmtarget> ; # javafx/scene/control/skin/TabPaneSkin$TabHeaderSkin$$Lambda+0x000002570138bd78
instanceKlass  @bci javafx/scene/control/skin/TabPaneSkin$TabHeaderSkin <init> (Ljavafx/scene/control/skin/TabPaneSkin;Ljavafx/scene/control/Tab;)V 512 <appendix> member <vmtarget> ; # javafx/scene/control/skin/TabPaneSkin$TabHeaderSkin$$Lambda+0x000002570138bb50
instanceKlass  @bci javafx/scene/control/skin/TabPaneSkin$TabHeaderSkin <init> (Ljavafx/scene/control/skin/TabPaneSkin;Ljavafx/scene/control/Tab;)V 494 <appendix> member <vmtarget> ; # javafx/scene/control/skin/TabPaneSkin$TabHeaderSkin$$Lambda+0x000002570138b928
instanceKlass  @bci javafx/scene/control/skin/TabPaneSkin$TabHeaderSkin <init> (Ljavafx/scene/control/skin/TabPaneSkin;Ljavafx/scene/control/Tab;)V 477 <appendix> member <vmtarget> ; # javafx/scene/control/skin/TabPaneSkin$TabHeaderSkin$$Lambda+0x000002570138b700
instanceKlass  @bci javafx/scene/control/skin/TabPaneSkin$TabHeaderSkin <init> (Ljavafx/scene/control/skin/TabPaneSkin;Ljavafx/scene/control/Tab;)V 460 <appendix> member <vmtarget> ; # javafx/scene/control/skin/TabPaneSkin$TabHeaderSkin$$Lambda+0x000002570138b4d8
instanceKlass  @bci javafx/scene/control/skin/TabPaneSkin$TabHeaderSkin <init> (Ljavafx/scene/control/skin/TabPaneSkin;Ljavafx/scene/control/Tab;)V 442 <appendix> member <vmtarget> ; # javafx/scene/control/skin/TabPaneSkin$TabHeaderSkin$$Lambda+0x000002570138b2b0
instanceKlass javafx/scene/control/skin/TabPaneSkin$TabHeaderSkin$3
instanceKlass  @bci javafx/scene/control/Label <init> (Ljava/lang/String;Ljavafx/scene/Node;)V 8 <appendix> member <vmtarget> ; # javafx/scene/control/Label$$Lambda+0x000002570138ae70
instanceKlass javafx/scene/control/skin/TabPaneSkin$TabHeaderSkin$1
instanceKlass  @bci javafx/scene/control/skin/TabPaneSkin setupReordering (Ljavafx/scene/layout/StackPane;)V 28 <appendix> member <vmtarget> ; # javafx/scene/control/skin/TabPaneSkin$$Lambda+0x00000257013881e8
instanceKlass javafx/scene/control/TableView$StyleableProperties
instanceKlass javafx/scene/control/DatePicker$StyleableProperties
instanceKlass javafx/scene/control/TextArea$StyleableProperties
instanceKlass javafx/scene/control/skin/TabPaneSkin$TabContentRegion$1
instanceKlass  @bci javafx/scene/control/skin/TabPaneSkin$TabContentRegion <init> (Ljavafx/scene/control/Tab;)V 6 <appendix> member <vmtarget> ; # javafx/scene/control/skin/TabPaneSkin$TabContentRegion$$Lambda+0x00000257013848b0
instanceKlass  @bci com/sun/javafx/scene/control/behavior/TabPaneBehavior <init> (Ljavafx/scene/control/TabPane;)V 273 <appendix> member <vmtarget> ; # com/sun/javafx/scene/control/behavior/TabPaneBehavior$$Lambda+0x0000025701383de8
instanceKlass  @bci com/sun/javafx/scene/control/behavior/TabPaneBehavior <init> (Ljavafx/scene/control/TabPane;)V 253 <appendix> member <vmtarget> ; # com/sun/javafx/scene/control/behavior/TabPaneBehavior$$Lambda+0x0000025701383bd0
instanceKlass  @bci com/sun/javafx/scene/control/behavior/TabPaneBehavior <init> (Ljavafx/scene/control/TabPane;)V 220 <appendix> member <vmtarget> ; # com/sun/javafx/scene/control/behavior/TabPaneBehavior$$Lambda+0x00000257013839b8
instanceKlass  @bci com/sun/javafx/scene/control/behavior/TabPaneBehavior <init> (Ljavafx/scene/control/TabPane;)V 190 <appendix> member <vmtarget> ; # com/sun/javafx/scene/control/behavior/TabPaneBehavior$$Lambda+0x00000257013837a0
instanceKlass  @bci com/sun/javafx/scene/control/behavior/TabPaneBehavior <init> (Ljavafx/scene/control/TabPane;)V 160 <appendix> member <vmtarget> ; # com/sun/javafx/scene/control/behavior/TabPaneBehavior$$Lambda+0x0000025701383588
instanceKlass  @bci com/sun/javafx/scene/control/behavior/TabPaneBehavior <init> (Ljavafx/scene/control/TabPane;)V 130 <appendix> member <vmtarget> ; # com/sun/javafx/scene/control/behavior/TabPaneBehavior$$Lambda+0x0000025701383370
instanceKlass  @bci com/sun/javafx/scene/control/behavior/TabPaneBehavior <init> (Ljavafx/scene/control/TabPane;)V 111 <appendix> member <vmtarget> ; # com/sun/javafx/scene/control/behavior/TabPaneBehavior$$Lambda+0x0000025701383158
instanceKlass  @bci com/sun/javafx/scene/control/behavior/TabPaneBehavior <init> (Ljavafx/scene/control/TabPane;)V 92 <appendix> member <vmtarget> ; # com/sun/javafx/scene/control/behavior/TabPaneBehavior$$Lambda+0x0000025701382f40
instanceKlass  @bci com/sun/javafx/scene/control/behavior/TabPaneBehavior <init> (Ljavafx/scene/control/TabPane;)V 72 <appendix> member <vmtarget> ; # com/sun/javafx/scene/control/behavior/TabPaneBehavior$$Lambda+0x0000025701382d28
instanceKlass  @bci com/sun/javafx/scene/control/behavior/TabPaneBehavior <init> (Ljavafx/scene/control/TabPane;)V 52 <appendix> member <vmtarget> ; # com/sun/javafx/scene/control/behavior/TabPaneBehavior$$Lambda+0x0000025701382b10
instanceKlass  @bci com/sun/javafx/scene/control/behavior/TabPaneBehavior <init> (Ljavafx/scene/control/TabPane;)V 33 <appendix> member <vmtarget> ; # com/sun/javafx/scene/control/behavior/TabPaneBehavior$$Lambda+0x00000257013828f8
instanceKlass javafx/scene/control/skin/TabPaneSkin$5
instanceKlass  @bci javafx/scene/control/skin/TabPaneSkin$4 <init> (Ljavafx/scene/control/skin/TabPaneSkin;)V 28 <appendix> member <vmtarget> ; # javafx/scene/control/skin/TabPaneSkin$4$$Lambda+0x0000025701382240
instanceKlass  @bci javafx/scene/control/skin/TabPaneSkin$3 <init> (Ljavafx/scene/control/skin/TabPaneSkin;)V 28 <appendix> member <vmtarget> ; # javafx/scene/control/skin/TabPaneSkin$3$$Lambda+0x0000025701382028
instanceKlass  @bci javafx/scene/control/skin/TabPaneSkin <init> (Ljavafx/scene/control/TabPane;)V 82 <appendix> member <vmtarget> ; # javafx/scene/control/skin/TabPaneSkin$$Lambda+0x0000025701381e10
instanceKlass  @bci javafx/scene/control/skin/TabPaneSkin <init> (Ljavafx/scene/control/TabPane;)V 72 <appendix> member <vmtarget> ; # javafx/scene/control/skin/TabPaneSkin$$Lambda+0x0000025701381bf8
instanceKlass  @bci javafx/scene/control/skin/TabPaneSkin <init> (Ljavafx/scene/control/TabPane;)V 62 <appendix> member <vmtarget> ; # javafx/scene/control/skin/TabPaneSkin$$Lambda+0x00000257013819e0
instanceKlass  @bci javafx/scene/control/skin/TabPaneSkin <init> (Ljavafx/scene/control/TabPane;)V 37 <appendix> member <vmtarget> ; # javafx/scene/control/skin/TabPaneSkin$$Lambda+0x00000257013817c8
instanceKlass javafx/scene/control/TabPane$StyleableProperties
instanceKlass  @bci javafx/scene/control/TabPane <init> ([Ljavafx/scene/control/Tab;)V 79 <appendix> member <vmtarget> ; # javafx/scene/control/TabPane$$Lambda+0x000002570137f9d8
instanceKlass  @bci javafx/scene/control/TabPane$TabPaneSelectionModel <init> (Ljavafx/scene/control/TabPane;)V 25 <appendix> member <vmtarget> ; # javafx/scene/control/TabPane$TabPaneSelectionModel$$Lambda+0x000002570137bd20
instanceKlass  @bci com/example/App createAnnouncementManagementPanel ()Ljavafx/scene/layout/VBox; 509 <appendix> member <vmtarget> ; # com/example/App$$Lambda+0x000002570137a1a8
instanceKlass  @bci com/example/App createAnnouncementManagementPanel ()Ljavafx/scene/layout/VBox; 434 <appendix> member <vmtarget> ; # com/example/App$$Lambda+0x0000025701379f90
instanceKlass  @bci com/example/App createAnnouncementManagementPanel ()Ljavafx/scene/layout/VBox; 369 <appendix> member <vmtarget> ; # com/example/App$$Lambda+0x0000025701379d78
instanceKlass  @bci com/example/App createAnnouncementManagementPanel ()Ljavafx/scene/layout/VBox; 304 <appendix> member <vmtarget> ; # com/example/App$$Lambda+0x0000025701379b60
instanceKlass  @bci com/example/App createAnnouncementManagementPanel ()Ljavafx/scene/layout/VBox; 239 <appendix> member <vmtarget> ; # com/example/App$$Lambda+0x0000025701379948
instanceKlass  @bci com/example/App createAnnouncementManagementPanel ()Ljavafx/scene/layout/VBox; 113 <appendix> member <vmtarget> ; # com/example/App$$Lambda+0x0000025701379730
instanceKlass  @bci javafx/scene/control/Tab <init> (Ljava/lang/String;Ljavafx/scene/Node;)V 6 <appendix> member <vmtarget> ; # javafx/scene/control/Tab$$Lambda+0x0000025701379518
instanceKlass  @bci com/example/App createAnnouncementPostingPanel ()Ljavafx/scene/layout/VBox; 439 <appendix> form vmentry <vmtarget> ; # java/lang/invoke/LambdaForm$DMH+0x000002570137c400
instanceKlass  @bci com/example/App createAnnouncementPostingPanel ()Ljavafx/scene/layout/VBox; 439 <appendix> member <vmtarget> ; # com/example/App$$Lambda+0x0000025701379300
instanceKlass  @cpi com/example/App 7044 form vmentry <vmtarget> ; # java/lang/invoke/LambdaForm$DMH+0x000002570137c000
instanceKlass  @bci javafx/scene/control/DatePicker <init> (Ljava/time/LocalDate;)V 125 <appendix> member <vmtarget> ; # javafx/scene/control/DatePicker$$Lambda+0x00000257013790e8
instanceKlass  @bci javafx/scene/control/DatePicker <init> (Ljava/time/LocalDate;)V 83 <appendix> member <vmtarget> ; # javafx/scene/control/DatePicker$$Lambda+0x0000025701378ed0
instanceKlass  @bci javafx/scene/control/DatePicker <init> (Ljava/time/LocalDate;)V 70 <appendix> member <vmtarget> ; # javafx/scene/control/DatePicker$$Lambda+0x0000025701378cb8
instanceKlass  @bci javafx/scene/control/ComboBox <init> (Ljavafx/collections/ObservableList;)V 183 <appendix> member <vmtarget> ; # javafx/scene/control/ComboBox$$Lambda+0x0000025701375798
instanceKlass  @bci javafx/scene/control/ComboBox <init> (Ljavafx/collections/ObservableList;)V 170 <appendix> member <vmtarget> ; # javafx/scene/control/ComboBox$$Lambda+0x0000025701375580
instanceKlass  @bci javafx/scene/control/ComboBox <init> (Ljavafx/collections/ObservableList;)V 157 <appendix> member <vmtarget> ; # javafx/scene/control/ComboBox$$Lambda+0x0000025701375368
instanceKlass javafx/scene/control/ComboBox$ComboBoxSelectionModel$1
instanceKlass  @bci javafx/scene/control/ComboBox$ComboBoxSelectionModel <init> (Ljavafx/scene/control/ComboBox;)V 71 <appendix> member <vmtarget> ; # javafx/scene/control/ComboBox$ComboBoxSelectionModel$$Lambda+0x0000025701374f30
instanceKlass javafx/scene/control/ComboBox$ComboBoxSelectionModel$2
instanceKlass javafx/scene/control/ComboBox$3
instanceKlass  @bci javafx/scene/control/ComboBoxBase <init> ()V 143 <appendix> member <vmtarget> ; # javafx/scene/control/ComboBoxBase$$Lambda+0x00000257013748d8
instanceKlass javafx/util/StringConverter
instanceKlass  @bci javafx/scene/layout/GridPane <init> ()V 53 <appendix> member <vmtarget> ; # javafx/scene/layout/GridPane$$Lambda+0x000002570136f748
instanceKlass  @bci javafx/scene/layout/GridPane <clinit> ()V 16 <appendix> argL0 ; # javafx/scene/layout/GridPane$$Lambda+0x000002570136ec48
instanceKlass javafx/scene/control/Tab
instanceKlass  @bci com/example/App refreshAnnouncementsTable ()V 17 <appendix> member <vmtarget> ; # com/example/App$$Lambda+0x0000025701369bb0
instanceKlass javafx/scene/control/TableUtil
instanceKlass javafx/scene/control/cell/PropertyValueFactory
instanceKlass  @bci javafx/scene/control/TableColumn <init> ()V 116 <appendix> member <vmtarget> ; # javafx/scene/control/TableColumn$$Lambda+0x0000025701368d88
instanceKlass  @bci javafx/scene/control/TableColumn <init> ()V 16 <appendix> member <vmtarget> ; # javafx/scene/control/TableColumn$$Lambda+0x0000025701368b70
instanceKlass  @bci javafx/scene/control/TableColumn <init> ()V 6 <appendix> member <vmtarget> ; # javafx/scene/control/TableColumn$$Lambda+0x0000025701368958
instanceKlass javafx/scene/control/TableColumn$1
instanceKlass  @bci javafx/scene/control/TableColumnBase <clinit> ()V 10 <appendix> argL0 ; # javafx/scene/control/TableColumnBase$$Lambda+0x0000025701367880
instanceKlass com/sun/javafx/scene/control/TableColumnBaseHelper
instanceKlass javafx/scene/control/TableColumnBase$1
instanceKlass com/sun/javafx/scene/control/TableColumnBaseHelper$TableColumnBaseAccessor
instanceKlass javafx/scene/control/TableView$3
instanceKlass  @bci javafx/scene/control/TableView <init> (Ljavafx/collections/ObservableList;)V 322 <appendix> member <vmtarget> ; # javafx/scene/control/TableView$$Lambda+0x0000025701361d78
instanceKlass  @bci javafx/scene/control/TableView$TableViewFocusModel <init> (Ljavafx/scene/control/TableView;)V 128 <appendix> member <vmtarget> ; # javafx/scene/control/TableView$TableViewFocusModel$$Lambda+0x0000025701361b60
instanceKlass javafx/scene/control/TableView$TableViewFocusModel$1
instanceKlass  @bci javafx/scene/control/TableView$TableViewFocusModel <init> (Ljavafx/scene/control/TableView;)V 6 <appendix> member <vmtarget> ; # javafx/scene/control/TableView$TableViewFocusModel$$Lambda+0x0000025701361728
instanceKlass  @bci javafx/scene/control/FocusModel <init> ()V 38 <appendix> member <vmtarget> ; # javafx/scene/control/FocusModel$$Lambda+0x0000025701361510
instanceKlass javafx/scene/control/FocusModel
instanceKlass  @bci javafx/scene/control/TableView$TableViewArrayListSelectionModel <init> (Ljavafx/scene/control/TableView;)V 138 <appendix> member <vmtarget> ; # javafx/scene/control/TableView$TableViewArrayListSelectionModel$$Lambda+0x0000025701360710
instanceKlass  @bci com/sun/javafx/scene/control/SelectedCellsMap <init> (Ljavafx/collections/ListChangeListener;)V 46 <appendix> argL0 ; # com/sun/javafx/scene/control/SelectedCellsMap$$Lambda+0x0000025701360488
instanceKlass javafx/collections/transformation/SortedList$ElementComparator
instanceKlass javafx/collections/transformation/SortedList$Element
instanceKlass com/sun/javafx/collections/SortHelper
instanceKlass  @bci javafx/collections/transformation/TransformationList getListener ()Ljavafx/collections/ListChangeListener; 9 <appendix> member <vmtarget> ; # javafx/collections/transformation/TransformationList$$Lambda+0x000002570135f870
instanceKlass  @bci com/sun/javafx/scene/control/SelectedCellsMap <init> (Ljavafx/collections/ListChangeListener;)V 20 <appendix> argL0 ; # com/sun/javafx/scene/control/SelectedCellsMap$$Lambda+0x000002570135f5e8
instanceKlass  @bci javafx/scene/control/TableView$TableViewArrayListSelectionModel <init> (Ljavafx/scene/control/TableView;)V 79 <appendix> member <vmtarget> ; # javafx/scene/control/TableView$TableViewArrayListSelectionModel$$Lambda+0x000002570135eef8
instanceKlass javafx/scene/control/TableView$TableViewArrayListSelectionModel$1
instanceKlass  @bci javafx/scene/control/TableView$TableViewArrayListSelectionModel <init> (Ljavafx/scene/control/TableView;)V 12 <appendix> member <vmtarget> ; # javafx/scene/control/TableView$TableViewArrayListSelectionModel$$Lambda+0x000002570135eac0
instanceKlass  @bci com/sun/javafx/scene/control/SelectedItemsReadOnlyObservableList <init> (Ljavafx/collections/ObservableList;Ljava/util/function/Supplier;)V 28 <appendix> member <vmtarget> ; # com/sun/javafx/scene/control/SelectedItemsReadOnlyObservableList$$Lambda+0x000002570135e8a8
instanceKlass  @bci javafx/scene/control/MultipleSelectionModelBase <init> ()V 40 <appendix> member <vmtarget> ; # javafx/scene/control/MultipleSelectionModelBase$$Lambda+0x000002570135e690
instanceKlass  @bci javafx/scene/control/MultipleSelectionModelBase <init> ()V 9 <appendix> member <vmtarget> ; # javafx/scene/control/MultipleSelectionModelBase$$Lambda+0x000002570135dc08
instanceKlass javafx/scene/control/TablePositionBase
instanceKlass com/sun/javafx/scene/control/SelectedCellsMap
instanceKlass  @bci javafx/scene/control/TableView <init> (Ljavafx/collections/ObservableList;)V 106 <appendix> member <vmtarget> ; # javafx/scene/control/TableView$$Lambda+0x0000025701359330
instanceKlass  @bci javafx/scene/control/TableView <init> (Ljavafx/collections/ObservableList;)V 96 <appendix> member <vmtarget> ; # javafx/scene/control/TableView$$Lambda+0x0000025701359118
instanceKlass  @bci javafx/scene/control/TableView <init> (Ljavafx/collections/ObservableList;)V 86 <appendix> member <vmtarget> ; # javafx/scene/control/TableView$$Lambda+0x0000025701358f00
instanceKlass  @bci javafx/scene/control/TableView <init> (Ljavafx/collections/ObservableList;)V 76 <appendix> member <vmtarget> ; # javafx/scene/control/TableView$$Lambda+0x0000025701358ce8
instanceKlass  @bci javafx/scene/control/TableView <init> (Ljavafx/collections/ObservableList;)V 66 <appendix> member <vmtarget> ; # javafx/scene/control/TableView$$Lambda+0x0000025701358ad0
instanceKlass javafx/scene/control/TableView$4
instanceKlass javafx/scene/control/TableView$2
instanceKlass javafx/scene/control/ResizeFeaturesBase
instanceKlass javafx/scene/control/ConstrainedColumnResizeBase
instanceKlass javafx/scene/control/TableView$1
instanceKlass javafx/scene/control/TableColumnBase
instanceKlass javafx/scene/control/SelectionModel
instanceKlass  @bci javafx/scene/Scene$ClickCounter start (DD)V 67 <appendix> member <vmtarget> ; # javafx/scene/Scene$ClickCounter$$Lambda+0x0000025701352350
instanceKlass com/sun/javafx/tk/TKDragSourceListener
instanceKlass javafx/scene/input/Clipboard
instanceKlass javafx/scene/Scene$DnDGesture
instanceKlass com/sun/glass/ui/win/WinClipboardDelegate
instanceKlass com/sun/glass/ui/Clipboard
# instanceKlass java/lang/invoke/LambdaForm$MH+0x0000025701354000
instanceKlass com/sun/prism/shader/Solid_Color_Loader
instanceKlass com/sun/prism/shader/FillRoundRect_RadialGradient_PAD_Loader
instanceKlass com/sun/javafx/geom/AreaIterator
instanceKlass com/sun/javafx/geom/Edge
instanceKlass java/util/Vector$1
instanceKlass com/sun/javafx/geom/ChainEnd
instanceKlass com/sun/javafx/geom/CurveLink
instanceKlass  @bci com/sun/javafx/geom/AreaOp <clinit> ()V 0 <appendix> argL0 ; # com/sun/javafx/geom/AreaOp$$Lambda+0x000002570134f198
instanceKlass com/sun/javafx/geom/Curve
instanceKlass com/sun/javafx/geom/AreaOp
instanceKlass java/lang/FdLibm$Cbrt
instanceKlass com/sun/javafx/sg/prism/NGRegion$1
instanceKlass com/sun/prism/shader/Texture_RadialGradient_PAD_Loader
instanceKlass com/sun/prism/impl/shape/BasicShapeRep
instanceKlass com/sun/javafx/font/directwrite/D2D1_POINT_2F
instanceKlass com/sun/javafx/font/directwrite/D2D1_PIXEL_FORMAT
instanceKlass com/sun/javafx/font/directwrite/D2D1_RENDER_TARGET_PROPERTIES
instanceKlass  @bci com/sun/javafx/font/directwrite/DWFactory getWICFactory ()Lcom/sun/javafx/font/directwrite/IWICImagingFactory; 36 <appendix> argL0 ; # com/sun/javafx/font/directwrite/DWFactory$$Lambda+0x000002570134be18
instanceKlass com/sun/prism/shader/Mask_TextureSuper_Loader
instanceKlass com/sun/javafx/font/directwrite/DWRITE_MATRIX
instanceKlass java/lang/FdLibm$Acos
instanceKlass com/sun/prism/shader/FillPgram_LinearGradient_PAD_Loader
instanceKlass  @bci com/sun/javafx/tk/quantum/PaintCollector lambda$liveRepaintRenderJob$2 (Lcom/sun/javafx/tk/quantum/QuantumToolkit;Lcom/sun/javafx/tk/quantum/ViewPainter;Ljava/util/concurrent/CountDownLatch;)Ljava/lang/Object; 7 <appendix> member <vmtarget> ; # com/sun/javafx/tk/quantum/PaintCollector$$Lambda+0x000002570134b408
instanceKlass  @bci com/sun/javafx/tk/quantum/PaintCollector liveRepaintRenderJob (Lcom/sun/javafx/tk/quantum/ViewScene;)V 31 <appendix> member <vmtarget> ; # com/sun/javafx/tk/quantum/PaintCollector$$Lambda+0x000002570134b1f0
instanceKlass com/sun/javafx/sg/prism/CacheFilter
instanceKlass com/sun/javafx/geom/ArcIterator
instanceKlass javafx/scene/shape/Arc$9
instanceKlass javafx/scene/text/HitInfo
instanceKlass com/sun/javafx/scene/text/TextLayout$Hit
instanceKlass javafx/scene/shape/Arc$1
instanceKlass com/sun/javafx/scene/shape/ArcHelper$ArcAccessor
instanceKlass jdk/internal/icu/util/VersionInfo
instanceKlass jdk/internal/icu/impl/UCharacterProperty$IsAcceptable
instanceKlass jdk/internal/icu/impl/UCharacterProperty$IntProperty
instanceKlass jdk/internal/icu/impl/UCharacterProperty
instanceKlass javafx/scene/layout/TilePane$StyleableProperties
instanceKlass javafx/scene/chart/Chart$StyleableProperties
instanceKlass javafx/scene/chart/PieChart$StyleableProperties
instanceKlass  @bci javafx/scene/control/skin/ScrollBarSkin <init> (Ljavafx/scene/control/ScrollBar;)V 93 <appendix> member <vmtarget> ; # javafx/scene/control/skin/ScrollBarSkin$$Lambda+0x0000025701341718
instanceKlass  @bci javafx/scene/control/skin/ScrollBarSkin <init> (Ljavafx/scene/control/ScrollBar;)V 78 <appendix> member <vmtarget> ; # javafx/scene/control/skin/ScrollBarSkin$$Lambda+0x00000257013414f0
instanceKlass  @bci javafx/scene/control/skin/ScrollBarSkin <init> (Ljavafx/scene/control/ScrollBar;)V 38 <appendix> member <vmtarget> ; # javafx/scene/control/skin/ScrollBarSkin$$Lambda+0x00000257013412d8
instanceKlass  @bci javafx/scene/control/skin/ScrollBarSkin initialize ()V 314 <appendix> member <vmtarget> ; # javafx/scene/control/skin/ScrollBarSkin$$Lambda+0x00000257013410c0
instanceKlass  @bci javafx/scene/control/skin/ScrollBarSkin initialize ()V 294 <appendix> member <vmtarget> ; # javafx/scene/control/skin/ScrollBarSkin$$Lambda+0x0000025701340ea8
instanceKlass  @bci javafx/scene/control/skin/ScrollBarSkin initialize ()V 281 <appendix> member <vmtarget> ; # javafx/scene/control/skin/ScrollBarSkin$$Lambda+0x0000025701340c90
instanceKlass  @bci javafx/scene/control/skin/ScrollBarSkin initialize ()V 268 <appendix> member <vmtarget> ; # javafx/scene/control/skin/ScrollBarSkin$$Lambda+0x0000025701340a78
instanceKlass  @bci javafx/scene/control/skin/ScrollBarSkin initialize ()V 255 <appendix> member <vmtarget> ; # javafx/scene/control/skin/ScrollBarSkin$$Lambda+0x0000025701340860
instanceKlass  @bci javafx/scene/control/skin/ScrollBarSkin initialize ()V 242 <appendix> member <vmtarget> ; # javafx/scene/control/skin/ScrollBarSkin$$Lambda+0x0000025701340648
instanceKlass  @bci javafx/scene/control/skin/ScrollBarSkin initialize ()V 229 <appendix> member <vmtarget> ; # javafx/scene/control/skin/ScrollBarSkin$$Lambda+0x0000025701340430
instanceKlass  @bci javafx/scene/control/skin/ScrollBarSkin initialize ()V 216 <appendix> member <vmtarget> ; # javafx/scene/control/skin/ScrollBarSkin$$Lambda+0x0000025701340218
instanceKlass  @bci javafx/scene/control/skin/ScrollBarSkin initialize ()V 203 <appendix> member <vmtarget> ; # javafx/scene/control/skin/ScrollBarSkin$$Lambda+0x0000025701340000
instanceKlass  @bci javafx/scene/control/skin/ScrollBarSkin initialize ()V 162 <appendix> member <vmtarget> ; # javafx/scene/control/skin/ScrollBarSkin$$Lambda+0x000002570133fd08
instanceKlass  @bci javafx/scene/control/skin/ScrollBarSkin initialize ()V 149 <appendix> member <vmtarget> ; # javafx/scene/control/skin/ScrollBarSkin$$Lambda+0x000002570133faf0
instanceKlass  @bci com/sun/javafx/scene/control/behavior/ScrollBarBehavior <init> (Ljavafx/scene/control/ScrollBar;)V 285 <appendix> member <vmtarget> ; # com/sun/javafx/scene/control/behavior/ScrollBarBehavior$$Lambda+0x000002570133f8d8
instanceKlass  @bci com/sun/javafx/scene/control/behavior/ScrollBarBehavior <init> (Ljavafx/scene/control/ScrollBar;)V 266 <appendix> member <vmtarget> ; # com/sun/javafx/scene/control/behavior/ScrollBarBehavior$$Lambda+0x000002570133f6c0
instanceKlass  @bci com/sun/javafx/scene/control/behavior/ScrollBarBehavior <init> (Ljavafx/scene/control/ScrollBar;)V 247 <appendix> member <vmtarget> ; # com/sun/javafx/scene/control/behavior/ScrollBarBehavior$$Lambda+0x000002570133f4a8
instanceKlass  @bci com/sun/javafx/scene/control/behavior/ScrollBarBehavior <init> (Ljavafx/scene/control/ScrollBar;)V 228 <appendix> member <vmtarget> ; # com/sun/javafx/scene/control/behavior/ScrollBarBehavior$$Lambda+0x000002570133f290
instanceKlass  @bci com/sun/javafx/scene/control/behavior/ScrollBarBehavior <init> (Ljavafx/scene/control/ScrollBar;)V 202 <appendix> member <vmtarget> ; # com/sun/javafx/scene/control/behavior/ScrollBarBehavior$$Lambda+0x000002570133f048
instanceKlass  @bci com/sun/javafx/scene/control/behavior/ScrollBarBehavior <init> (Ljavafx/scene/control/ScrollBar;)V 167 <appendix> member <vmtarget> ; # com/sun/javafx/scene/control/behavior/ScrollBarBehavior$$Lambda+0x000002570133ee30
instanceKlass  @bci com/sun/javafx/scene/control/behavior/ScrollBarBehavior <init> (Ljavafx/scene/control/ScrollBar;)V 147 <appendix> member <vmtarget> ; # com/sun/javafx/scene/control/behavior/ScrollBarBehavior$$Lambda+0x000002570133ec18
instanceKlass  @bci com/sun/javafx/scene/control/behavior/ScrollBarBehavior <init> (Ljavafx/scene/control/ScrollBar;)V 127 <appendix> member <vmtarget> ; # com/sun/javafx/scene/control/behavior/ScrollBarBehavior$$Lambda+0x000002570133ea00
instanceKlass  @bci com/sun/javafx/scene/control/behavior/ScrollBarBehavior <init> (Ljavafx/scene/control/ScrollBar;)V 107 <appendix> member <vmtarget> ; # com/sun/javafx/scene/control/behavior/ScrollBarBehavior$$Lambda+0x000002570133e7e8
instanceKlass  @bci com/sun/javafx/scene/control/behavior/ScrollBarBehavior <init> (Ljavafx/scene/control/ScrollBar;)V 80 <appendix> member <vmtarget> ; # com/sun/javafx/scene/control/behavior/ScrollBarBehavior$$Lambda+0x000002570133e5a0
instanceKlass  @bci com/sun/javafx/scene/control/behavior/ScrollBarBehavior <init> (Ljavafx/scene/control/ScrollBar;)V 57 <appendix> member <vmtarget> ; # com/sun/javafx/scene/control/behavior/ScrollBarBehavior$$Lambda+0x000002570133e388
instanceKlass  @bci com/sun/javafx/scene/control/behavior/ScrollBarBehavior <init> (Ljavafx/scene/control/ScrollBar;)V 35 <appendix> member <vmtarget> ; # com/sun/javafx/scene/control/behavior/ScrollBarBehavior$$Lambda+0x000002570133e170
instanceKlass com/sun/javafx/font/FallbackResource
instanceKlass  @bci javafx/scene/control/skin/ScrollPaneSkin <init> (Ljavafx/scene/control/ScrollPane;)V 241 <appendix> member <vmtarget> ; # javafx/scene/control/skin/ScrollPaneSkin$$Lambda+0x000002570133b090
instanceKlass  @bci javafx/scene/control/skin/ScrollPaneSkin <init> (Ljavafx/scene/control/ScrollPane;)V 230 <appendix> member <vmtarget> ; # javafx/scene/control/skin/ScrollPaneSkin$$Lambda+0x000002570133ae68
instanceKlass  @bci javafx/scene/control/skin/ScrollPaneSkin <init> (Ljavafx/scene/control/ScrollPane;)V 215 <appendix> member <vmtarget> ; # javafx/scene/control/skin/ScrollPaneSkin$$Lambda+0x000002570133ac40
instanceKlass  @bci javafx/scene/control/skin/ScrollPaneSkin <init> (Ljavafx/scene/control/ScrollPane;)V 200 <appendix> member <vmtarget> ; # javafx/scene/control/skin/ScrollPaneSkin$$Lambda+0x000002570133aa18
instanceKlass  @bci javafx/scene/control/skin/ScrollPaneSkin <init> (Ljavafx/scene/control/ScrollPane;)V 185 <appendix> member <vmtarget> ; # javafx/scene/control/skin/ScrollPaneSkin$$Lambda+0x000002570133a7f0
instanceKlass  @bci javafx/scene/control/skin/ScrollPaneSkin <init> (Ljavafx/scene/control/ScrollPane;)V 170 <appendix> member <vmtarget> ; # javafx/scene/control/skin/ScrollPaneSkin$$Lambda+0x000002570133a5c8
instanceKlass  @bci javafx/scene/control/skin/ScrollPaneSkin <init> (Ljavafx/scene/control/ScrollPane;)V 155 <appendix> member <vmtarget> ; # javafx/scene/control/skin/ScrollPaneSkin$$Lambda+0x000002570133a3a0
instanceKlass  @bci javafx/scene/control/skin/ScrollPaneSkin <init> (Ljavafx/scene/control/ScrollPane;)V 122 <appendix> member <vmtarget> ; # javafx/scene/control/skin/ScrollPaneSkin$$Lambda+0x0000025701339fa0
instanceKlass  @bci javafx/scene/control/skin/ScrollPaneSkin <init> (Ljavafx/scene/control/ScrollPane;)V 111 <appendix> member <vmtarget> ; # javafx/scene/control/skin/ScrollPaneSkin$$Lambda+0x0000025701339d78
instanceKlass  @bci javafx/scene/control/skin/ScrollPaneSkin initialize ()V 570 <appendix> member <vmtarget> ; # javafx/scene/control/skin/ScrollPaneSkin$$Lambda+0x0000025701339b60
instanceKlass  @bci javafx/scene/control/skin/ScrollPaneSkin initialize ()V 551 <appendix> member <vmtarget> ; # javafx/scene/control/skin/ScrollPaneSkin$$Lambda+0x0000025701339948
instanceKlass  @bci javafx/scene/control/skin/ScrollPaneSkin initialize ()V 533 <appendix> member <vmtarget> ; # javafx/scene/control/skin/ScrollPaneSkin$$Lambda+0x0000025701339730
instanceKlass  @bci javafx/scene/control/skin/ScrollPaneSkin initialize ()V 517 <appendix> member <vmtarget> ; # javafx/scene/control/skin/ScrollPaneSkin$$Lambda+0x0000025701339518
instanceKlass  @bci javafx/scene/control/skin/ScrollPaneSkin initialize ()V 492 <appendix> member <vmtarget> ; # javafx/scene/control/skin/ScrollPaneSkin$$Lambda+0x0000025701339300
instanceKlass  @bci javafx/scene/control/skin/ScrollPaneSkin initialize ()V 468 <appendix> argL0 ; # javafx/scene/control/skin/ScrollPaneSkin$$Lambda+0x00000257013390f0
instanceKlass  @bci javafx/scene/control/skin/ScrollPaneSkin initialize ()V 460 <appendix> member <vmtarget> ; # javafx/scene/control/skin/ScrollPaneSkin$$Lambda+0x0000025701338ed8
instanceKlass  @bci javafx/scene/control/skin/ScrollPaneSkin initialize ()V 447 <appendix> member <vmtarget> ; # javafx/scene/control/skin/ScrollPaneSkin$$Lambda+0x0000025701338cc0
instanceKlass  @bci javafx/scene/control/skin/ScrollPaneSkin initialize ()V 431 <appendix> member <vmtarget> ; # javafx/scene/control/skin/ScrollPaneSkin$$Lambda+0x0000025701338aa8
instanceKlass  @bci javafx/scene/control/skin/ScrollPaneSkin initialize ()V 418 <appendix> member <vmtarget> ; # javafx/scene/control/skin/ScrollPaneSkin$$Lambda+0x0000025701338890
instanceKlass  @bci javafx/scene/control/skin/ScrollPaneSkin initialize ()V 404 <appendix> member <vmtarget> ; # javafx/scene/control/skin/ScrollPaneSkin$$Lambda+0x0000025701338678
instanceKlass  @bci javafx/scene/control/skin/ScrollPaneSkin initialize ()V 385 <appendix> member <vmtarget> ; # javafx/scene/control/skin/ScrollPaneSkin$$Lambda+0x0000025701338460
instanceKlass javafx/scene/control/ScrollBar$StyleableProperties
instanceKlass  @bci javafx/scene/control/skin/ScrollPaneSkin initialize ()V 180 <appendix> member <vmtarget> ; # javafx/scene/control/skin/ScrollPaneSkin$$Lambda+0x0000025701337868
instanceKlass  @bci javafx/scene/control/skin/ScrollPaneSkin initialize ()V 30 <appendix> member <vmtarget> ; # javafx/scene/control/skin/ScrollPaneSkin$$Lambda+0x0000025701335338
instanceKlass com/sun/javafx/scene/traversal/TraverseListener
instanceKlass  @bci com/sun/javafx/scene/control/behavior/ScrollPaneBehavior <init> (Ljavafx/scene/control/ScrollPane;)V 210 <appendix> member <vmtarget> ; # com/sun/javafx/scene/control/behavior/ScrollPaneBehavior$$Lambda+0x0000025701334d28
instanceKlass  @bci com/sun/javafx/scene/control/behavior/ScrollPaneBehavior <init> (Ljavafx/scene/control/ScrollPane;)V 190 <appendix> member <vmtarget> ; # com/sun/javafx/scene/control/behavior/ScrollPaneBehavior$$Lambda+0x0000025701334b10
instanceKlass  @bci com/sun/javafx/scene/control/behavior/ScrollPaneBehavior <init> (Ljavafx/scene/control/ScrollPane;)V 170 <appendix> member <vmtarget> ; # com/sun/javafx/scene/control/behavior/ScrollPaneBehavior$$Lambda+0x00000257013348f8
instanceKlass  @bci com/sun/javafx/scene/control/behavior/ScrollPaneBehavior <init> (Ljavafx/scene/control/ScrollPane;)V 150 <appendix> member <vmtarget> ; # com/sun/javafx/scene/control/behavior/ScrollPaneBehavior$$Lambda+0x00000257013346e0
instanceKlass  @bci com/sun/javafx/scene/control/behavior/ScrollPaneBehavior <init> (Ljavafx/scene/control/ScrollPane;)V 130 <appendix> member <vmtarget> ; # com/sun/javafx/scene/control/behavior/ScrollPaneBehavior$$Lambda+0x00000257013344c8
instanceKlass  @bci com/sun/javafx/scene/control/behavior/ScrollPaneBehavior <init> (Ljavafx/scene/control/ScrollPane;)V 111 <appendix> member <vmtarget> ; # com/sun/javafx/scene/control/behavior/ScrollPaneBehavior$$Lambda+0x00000257013342b0
instanceKlass  @bci com/sun/javafx/scene/control/behavior/ScrollPaneBehavior <init> (Ljavafx/scene/control/ScrollPane;)V 92 <appendix> member <vmtarget> ; # com/sun/javafx/scene/control/behavior/ScrollPaneBehavior$$Lambda+0x0000025701334098
instanceKlass  @bci com/sun/javafx/scene/control/behavior/ScrollPaneBehavior <init> (Ljavafx/scene/control/ScrollPane;)V 73 <appendix> member <vmtarget> ; # com/sun/javafx/scene/control/behavior/ScrollPaneBehavior$$Lambda+0x0000025701333e80
instanceKlass  @bci com/sun/javafx/scene/control/behavior/ScrollPaneBehavior <init> (Ljavafx/scene/control/ScrollPane;)V 54 <appendix> member <vmtarget> ; # com/sun/javafx/scene/control/behavior/ScrollPaneBehavior$$Lambda+0x0000025701333c68
instanceKlass  @bci com/sun/javafx/scene/control/behavior/ScrollPaneBehavior <init> (Ljavafx/scene/control/ScrollPane;)V 34 <appendix> member <vmtarget> ; # com/sun/javafx/scene/control/behavior/ScrollPaneBehavior$$Lambda+0x0000025701333a50
instanceKlass javafx/scene/control/skin/ScrollPaneSkin$2
instanceKlass javafx/scene/control/skin/ScrollPaneSkin$1
instanceKlass  @bci com/sun/javafx/tk/quantum/ViewScene dispose ()V 8 <appendix> member <vmtarget> ; # com/sun/javafx/tk/quantum/ViewScene$$Lambda+0x0000025701330848
instanceKlass  @bci com/sun/javafx/tk/quantum/QuantumRenderer disposePresentable (Lcom/sun/prism/Presentable;)V 40 <appendix> member <vmtarget> ; # com/sun/javafx/tk/quantum/QuantumRenderer$$Lambda+0x0000025701330630
instanceKlass  @bci com/sun/javafx/tk/quantum/WindowStage setScene (Lcom/sun/javafx/tk/TKScene;)V 64 <appendix> member <vmtarget> ; # com/sun/javafx/tk/quantum/WindowStage$$Lambda+0x0000025701330418
instanceKlass org/kordamp/ikonli/javafx/FontIconConverter$Holder
instanceKlass org/kordamp/ikonli/javafx/FontIcon$StyleableProperties
instanceKlass javafx/scene/control/ScrollPane$StyleableProperties
instanceKlass  @bci com/example/App showOverview (Ljavafx/scene/layout/VBox;)V 498 <appendix> member <vmtarget> ; # com/example/App$$Lambda+0x000002570132e528
instanceKlass java/util/stream/SliceOps
instanceKlass com/example/Announcement
instanceKlass  @bci com/sun/javafx/charts/Legend lambda$new$1 (Ljavafx/collections/ListChangeListener$Change;)V 9 <appendix> argL0 ; # com/sun/javafx/charts/Legend$$Lambda+0x000002570132e008
instanceKlass  @bci javafx/scene/chart/PieChart <init> (Ljavafx/collections/ObservableList;)V 62 <appendix> member <vmtarget> ; # javafx/scene/chart/PieChart$$Lambda+0x000002570132ce30
instanceKlass  @bci com/sun/javafx/charts/Legend$2 invalidated ()V 66 <appendix> argL0 ; # com/sun/javafx/charts/Legend$2$$Lambda+0x000002570132cc00
instanceKlass com/sun/javafx/charts/Legend$LegendItem
instanceKlass  @bci com/sun/javafx/charts/Legend <init> ()V 12 <appendix> member <vmtarget> ; # com/sun/javafx/charts/Legend$$Lambda+0x000002570132c7e8
instanceKlass  @bci javafx/scene/layout/TilePane <clinit> ()V 0 <appendix> argL0 ; # javafx/scene/layout/TilePane$$Lambda+0x000002570132c5d8
instanceKlass javafx/animation/AnimationTimer$AnimationTimerReceiver
instanceKlass javafx/animation/AnimationTimer
instanceKlass  @bci javafx/scene/control/Label <init> ()V 6 <appendix> member <vmtarget> ; # javafx/scene/control/Label$$Lambda+0x000002570131fc80
instanceKlass java/text/DontCareFieldPosition$1
instanceKlass javafx/scene/Node$AccessibilityProperties
instanceKlass javafx/scene/chart/PieChart$Data
instanceKlass  @bci com/example/App showOverview (Ljavafx/scene/layout/VBox;)V 353 <appendix> member <vmtarget> ; # com/example/App$$Lambda+0x000002570131ad48
instanceKlass java/time/temporal/TemporalQueries$7
instanceKlass java/time/temporal/TemporalQueries$6
instanceKlass java/time/temporal/TemporalQueries$5
instanceKlass java/time/temporal/TemporalQueries$4
instanceKlass java/time/temporal/TemporalQueries$3
instanceKlass java/time/temporal/TemporalQueries$2
instanceKlass java/time/temporal/TemporalQueries$1
instanceKlass java/time/temporal/TemporalQueries
instanceKlass  @bci java/util/regex/Pattern CIRange (II)Ljava/util/regex/Pattern$CharPredicate; 2 <appendix> member <vmtarget> ; # java/util/regex/Pattern$$Lambda+0x00000257012f3220
instanceKlass  @bci java/util/regex/Pattern SingleI (II)Ljava/util/regex/Pattern$BmpCharPredicate; 2 <appendix> member <vmtarget> ; # java/util/regex/Pattern$$Lambda+0x00000257012f2fa0
instanceKlass java/time/format/Parsed
instanceKlass java/time/format/DateTimeParseContext
instanceKlass java/text/ParsePosition
instanceKlass  @bci java/time/LocalDate parse (Ljava/lang/CharSequence;Ljava/time/format/DateTimeFormatter;)Ljava/time/LocalDate; 9 <appendix> argL0 ; # java/time/LocalDate$$Lambda+0x00000257012f2730
instanceKlass jdk/internal/math/FormattedFPDecimal
instanceKlass java/util/Formatter$FixedString
instanceKlass java/util/Formatter$Flags
instanceKlass java/util/Formatter$FormatSpecifier
instanceKlass java/util/Formatter$FormatString
instanceKlass java/util/Formatter$Conversion
instanceKlass java/util/Formatter
instanceKlass org/h2/expression/aggregate/AggregateDataDefault$1
instanceKlass  @bci org/h2/command/query/Select setGroupData (Lorg/h2/command/query/SelectGroups;)V 10 <appendix> member <vmtarget> ; # org/h2/command/query/Select$$Lambda+0x000002570131a730
instanceKlass org/h2/command/query/SelectGroups
instanceKlass javafx/scene/layout/BorderPane$BorderPositionProperty$1
instanceKlass  @bci com/example/App createDashboardScene (Ljava/lang/String;Ljava/lang/String;Ljava/util/Map;)Ljavafx/scene/Scene; 2029 <appendix> member <vmtarget> ; # com/example/App$$Lambda+0x0000025701319bf0
instanceKlass  @bci com/example/App createDashboardScene (Ljava/lang/String;Ljava/lang/String;Ljava/util/Map;)Ljavafx/scene/Scene; 1890 <appendix> member <vmtarget> ; # com/example/App$$Lambda+0x0000025701317a90
instanceKlass  @bci com/example/App createDashboardScene (Ljava/lang/String;Ljava/lang/String;Ljava/util/Map;)Ljavafx/scene/Scene; 1875 <appendix> member <vmtarget> ; # com/example/App$$Lambda+0x0000025701317878
instanceKlass  @bci com/example/App createDashboardScene (Ljava/lang/String;Ljava/lang/String;Ljava/util/Map;)Ljavafx/scene/Scene; 1860 <appendix> member <vmtarget> ; # com/example/App$$Lambda+0x0000025701317660
instanceKlass  @bci com/example/App createDashboardScene (Ljava/lang/String;Ljava/lang/String;Ljava/util/Map;)Ljavafx/scene/Scene; 1845 <appendix> member <vmtarget> ; # com/example/App$$Lambda+0x0000025701317448
instanceKlass  @bci com/example/App createDashboardScene (Ljava/lang/String;Ljava/lang/String;Ljava/util/Map;)Ljavafx/scene/Scene; 1830 <appendix> member <vmtarget> ; # com/example/App$$Lambda+0x0000025701317230
instanceKlass  @bci com/example/App createDashboardScene (Ljava/lang/String;Ljava/lang/String;Ljava/util/Map;)Ljavafx/scene/Scene; 1815 <appendix> member <vmtarget> ; # com/example/App$$Lambda+0x0000025701317018
instanceKlass  @bci com/example/App createDashboardScene (Ljava/lang/String;Ljava/lang/String;Ljava/util/Map;)Ljavafx/scene/Scene; 1800 <appendix> member <vmtarget> ; # com/example/App$$Lambda+0x0000025701316e00
instanceKlass  @bci com/example/App createDashboardScene (Ljava/lang/String;Ljava/lang/String;Ljava/util/Map;)Ljavafx/scene/Scene; 1785 <appendix> member <vmtarget> ; # com/example/App$$Lambda+0x0000025701316be8
instanceKlass  @bci com/example/App createDashboardScene (Ljava/lang/String;Ljava/lang/String;Ljava/util/Map;)Ljavafx/scene/Scene; 1770 <appendix> member <vmtarget> ; # com/example/App$$Lambda+0x00000257013169d0
instanceKlass  @bci com/example/App createDashboardScene (Ljava/lang/String;Ljava/lang/String;Ljava/util/Map;)Ljavafx/scene/Scene; 1755 <appendix> member <vmtarget> ; # com/example/App$$Lambda+0x00000257013167b8
instanceKlass com/sun/scenario/animation/shared/InterpolationInterval$1
instanceKlass javafx/animation/ParallelTransition$1
instanceKlass  @bci javafx/animation/ParallelTransition <init> (Ljavafx/scene/Node;[Ljavafx/animation/Animation;)V 18 <appendix> member <vmtarget> ; # javafx/animation/ParallelTransition$$Lambda+0x00000257013131b8
instanceKlass com/sun/javafx/animation/KeyValueHelper
instanceKlass javafx/animation/KeyValue$1
instanceKlass com/sun/javafx/animation/KeyValueHelper$KeyValueAccessor
instanceKlass javafx/animation/Interpolator
instanceKlass  @bci com/example/App createDashboardScene (Ljava/lang/String;Ljava/lang/String;Ljava/util/Map;)Ljavafx/scene/Scene; 1435 <appendix> member <vmtarget> ; # com/example/App$$Lambda+0x0000025701310410
instanceKlass  @bci com/example/App createDashboardScene (Ljava/lang/String;Ljava/lang/String;Ljava/util/Map;)Ljavafx/scene/Scene; 408 <appendix> member <vmtarget> ; # com/example/App$$Lambda+0x00000257013101f8
instanceKlass javafx/css/converter/DurationConverter$Holder
instanceKlass  @bci javafx/scene/control/Tooltip$TooltipBehavior <init> (Z)V 109 <appendix> member <vmtarget> ; # javafx/scene/control/Tooltip$TooltipBehavior$$Lambda+0x000002570130bb48
instanceKlass  @bci javafx/scene/control/Tooltip$TooltipBehavior <init> (Z)V 95 <appendix> member <vmtarget> ; # javafx/scene/control/Tooltip$TooltipBehavior$$Lambda+0x000002570130b930
instanceKlass  @bci javafx/scene/control/Tooltip$TooltipBehavior <init> (Z)V 82 <appendix> member <vmtarget> ; # javafx/scene/control/Tooltip$TooltipBehavior$$Lambda+0x000002570130b718
instanceKlass  @bci javafx/scene/control/Tooltip$TooltipBehavior <init> (Z)V 64 <appendix> member <vmtarget> ; # javafx/scene/control/Tooltip$TooltipBehavior$$Lambda+0x000002570130b500
instanceKlass  @bci javafx/scene/control/Tooltip$TooltipBehavior <init> (Z)V 54 <appendix> member <vmtarget> ; # javafx/scene/control/Tooltip$TooltipBehavior$$Lambda+0x000002570130b2e8
instanceKlass  @bci javafx/scene/control/Tooltip$TooltipBehavior <init> (Z)V 44 <appendix> member <vmtarget> ; # javafx/scene/control/Tooltip$TooltipBehavior$$Lambda+0x000002570130b0d0
instanceKlass javafx/scene/control/Tooltip$TooltipBehavior
instanceKlass  @bci org/h2/mvstore/MVStore serializeAndStore (ZJLjava/util/function/Supplier;Ljava/util/ArrayList;JJ)V 65 <appendix> member <vmtarget> ; # org/h2/mvstore/MVStore$$Lambda+0x000002570130c2b8
instanceKlass org/h2/mvstore/WriteBuffer
instanceKlass  @bci org/h2/mvstore/MVStore storeNow (ZJLjava/util/function/Supplier;)V 72 <adapter> ; # java/lang/invoke/LambdaForm$MH+0x0000025701309c00
# instanceKlass java/lang/invoke/LambdaForm$DMH+0x0000025701309800
instanceKlass  @bci org/h2/mvstore/MVStore storeNow (ZJLjava/util/function/Supplier;)V 72 <appendix> form vmentry <vmtarget> ; # java/lang/invoke/LambdaForm$DMH+0x0000025701309400
instanceKlass  @bci org/h2/mvstore/MVStore storeNow (ZJLjava/util/function/Supplier;)V 72 <appendix> member <vmtarget> ; # org/h2/mvstore/MVStore$$Lambda+0x0000025701307c98
instanceKlass  @cpi org/h2/mvstore/MVStore 1421 form vmentry <vmtarget> ; # java/lang/invoke/LambdaForm$DMH+0x0000025701309000
instanceKlass  @bci org/h2/mvstore/MVStore store (Z)V 134 <appendix> member <vmtarget> ; # org/h2/mvstore/MVStore$$Lambda+0x0000025701307a80
instanceKlass  @bci org/h2/mvstore/MVStore tryCommit ()J 1 <appendix> argL0 ; # org/h2/mvstore/MVStore$$Lambda+0x0000025701307840
instanceKlass  @bci com/sun/javafx/font/PrismFontFactory addFileCloserHook ()V 14 <appendix> member <vmtarget> ; # com/sun/javafx/font/PrismFontFactory$$Lambda+0x0000025701307070
instanceKlass  @bci com/sun/javafx/font/PrismFontFactory addFileCloserHook ()V 7 <appendix> member <vmtarget> ; # com/sun/javafx/font/PrismFontFactory$$Lambda+0x0000025701306e58
instanceKlass com/sun/javafx/font/directwrite/DWDisposer
instanceKlass  @bci com/sun/javafx/font/FontFileWriter openFile ()Ljava/io/File; 45 <appendix> member <vmtarget> ; # com/sun/javafx/font/FontFileWriter$$Lambda+0x0000025701306a20
instanceKlass sun/security/provider/AbstractDrbg$NonceProvider
instanceKlass  @bci sun/security/provider/AbstractDrbg$SeederHolder <clinit> ()V 42 <appendix> member <vmtarget> ; # sun/security/provider/AbstractDrbg$SeederHolder$$Lambda+0x00000257012f1ee8
instanceKlass  @cpi sun/security/provider/AbstractDrbg$SeederHolder 91 form vmentry <vmtarget> ; # java/lang/invoke/LambdaForm$DMH+0x0000025701308c00
# instanceKlass java/lang/invoke/LambdaForm$DMH+0x0000025701308800
instanceKlass java/net/NetworkInterface$1
instanceKlass java/net/DefaultInterface
instanceKlass java/net/InterfaceAddress
instanceKlass sun/security/provider/SeedGenerator$1
instanceKlass sun/security/provider/AbstractDrbg$SeederHolder
instanceKlass java/security/DrbgParameters$NextBytes
instanceKlass  @bci sun/security/provider/AbstractDrbg <clinit> ()V 12 <appendix> argL0 ; # sun/security/provider/AbstractDrbg$$Lambda+0x00000257012f10a8
instanceKlass  @cpi sun/security/provider/AbstractDrbg 383 form vmentry <vmtarget> ; # java/lang/invoke/LambdaForm$DMH+0x0000025701308400
# instanceKlass java/lang/invoke/LambdaForm$DMH+0x0000025701308000
instanceKlass sun/security/provider/EntropySource
instanceKlass sun/security/provider/AbstractDrbg
instanceKlass java/security/DrbgParameters$Instantiation
instanceKlass java/security/DrbgParameters
instanceKlass sun/security/provider/MoreDrbgParameters
instanceKlass  @bci sun/security/provider/DRBG <init> (Ljava/security/SecureRandomParameters;)V 26 <appendix> argL0 ; # sun/security/provider/DRBG$$Lambda+0x00000257012efbe8
instanceKlass java/nio/file/TempFileHelper
instanceKlass  @bci com/sun/javafx/font/FontFileWriter openFile ()Ljava/io/File; 11 <appendix> argL0 ; # com/sun/javafx/font/FontFileWriter$$Lambda+0x0000025701306810
instanceKlass com/sun/javafx/font/FontFileWriter
instanceKlass  @bci org/kordamp/ikonli/javafx/IkonResolver <clinit> ()V 93 <appendix> argL0 ; # org/kordamp/ikonli/javafx/IkonResolver$$Lambda+0x0000025701306388
instanceKlass org/kordamp/ikonli/AbstractIkonHandler
instanceKlass java/util/ServiceLoader$ProviderSpliterator
instanceKlass org/kordamp/ikonli/IkonHandler
instanceKlass java/util/logging/Logger$SystemLoggerHelper$1
instanceKlass java/util/logging/Logger$SystemLoggerHelper
instanceKlass org/kordamp/ikonli/AbstractIkonResolver
instanceKlass  @bci org/kordamp/ikonli/javafx/FontIcon <init> ()V 67 <appendix> member <vmtarget> ; # org/kordamp/ikonli/javafx/FontIcon$$Lambda+0x0000025701304ec8
instanceKlass  @bci org/kordamp/ikonli/javafx/FontIcon iconCodeProperty ()Ljavafx/beans/property/ObjectProperty; 24 <appendix> member <vmtarget> ; # org/kordamp/ikonli/javafx/FontIcon$$Lambda+0x0000025701304cb0
instanceKlass  @bci org/kordamp/ikonli/javafx/FontIcon <init> ()V 54 <appendix> member <vmtarget> ; # org/kordamp/ikonli/javafx/FontIcon$$Lambda+0x0000025701304a98
instanceKlass  @bci org/kordamp/ikonli/javafx/FontIcon <init> ()V 41 <appendix> member <vmtarget> ; # org/kordamp/ikonli/javafx/FontIcon$$Lambda+0x0000025701304880
instanceKlass  @bci org/kordamp/ikonli/javafx/FontIcon iconColorProperty ()Ljavafx/beans/property/ObjectProperty; 27 <appendix> member <vmtarget> ; # org/kordamp/ikonli/javafx/FontIcon$$Lambda+0x0000025701304668
instanceKlass  @bci org/kordamp/ikonli/javafx/FontIcon iconSizeProperty ()Ljavafx/beans/property/IntegerProperty; 26 <appendix> member <vmtarget> ; # org/kordamp/ikonli/javafx/FontIcon$$Lambda+0x0000025701304450
instanceKlass  @bci com/example/App createDashboardScene (Ljava/lang/String;Ljava/lang/String;Ljava/util/Map;)Ljavafx/scene/Scene; 288 <appendix> member <vmtarget> ; # com/example/App$$Lambda+0x0000025701302778
instanceKlass com/example/Resident
instanceKlass org/h2/command/query/QueryOrderBy
instanceKlass org/h2/mvstore/db/MVSecondaryIndex$MVStoreCursor
instanceKlass java/util/PriorityQueue$Itr
instanceKlass  @bci org/h2/mvstore/MVStore findOldChunks (II)Ljava/lang/Iterable; 41 <appendix> argL0 ; # org/h2/mvstore/MVStore$$Lambda+0x0000025701300ed8
instanceKlass org/mindrot/jbcrypt/BCrypt
instanceKlass java/time/LocalTime$1
instanceKlass java/time/format/DateTimeFormatterBuilder$2
instanceKlass java/time/LocalDate$1
instanceKlass java/time/format/DateTimePrintContext
instanceKlass  @bci java/time/format/DateTimeFormatter <clinit> ()V 1075 <appendix> argL0 ; # java/time/format/DateTimeFormatter$$Lambda+0x800000010
instanceKlass  @bci java/time/format/DateTimeFormatter <clinit> ()V 1067 <appendix> argL0 ; # java/time/format/DateTimeFormatter$$Lambda+0x80000000f
instanceKlass java/time/Period
instanceKlass java/time/chrono/ChronoPeriod
instanceKlass java/time/format/DateTimeFormatterBuilder$TextPrinterParser
instanceKlass java/time/format/DateTimeTextProvider$1
instanceKlass java/time/format/DateTimeTextProvider
instanceKlass java/time/format/DateTimeTextProvider$LocaleStore
instanceKlass java/time/format/DateTimeFormatterBuilder$InstantPrinterParser
instanceKlass java/time/format/DateTimeFormatterBuilder$StringLiteralPrinterParser
instanceKlass java/time/format/DateTimeFormatterBuilder$ZoneIdPrinterParser
instanceKlass java/time/format/DateTimeFormatterBuilder$OffsetIdPrinterParser
instanceKlass java/time/format/DecimalStyle
instanceKlass java/time/format/DateTimeFormatterBuilder$CompositePrinterParser
instanceKlass java/time/format/DateTimeFormatterBuilder$CharLiteralPrinterParser
instanceKlass java/time/format/DateTimeFormatterBuilder$NumberPrinterParser
instanceKlass java/time/format/DateTimeFormatterBuilder$DateTimePrinterParser
instanceKlass java/time/temporal/JulianFields
instanceKlass java/time/temporal/IsoFields
instanceKlass  @bci java/time/format/DateTimeFormatterBuilder <clinit> ()V 0 <appendix> argL0 ; # java/time/format/DateTimeFormatterBuilder$$Lambda+0x800000011
instanceKlass java/time/temporal/TemporalQuery
instanceKlass java/time/format/DateTimeFormatterBuilder
instanceKlass java/time/format/DateTimeFormatter
instanceKlass org/h2/result/LocalResult
instanceKlass org/h2/command/query/Query$OffsetFetch
instanceKlass  @bci org/h2/table/Plan <init> ([Lorg/h2/table/TableFilter;ILorg/h2/expression/Expression;)V 84 <appendix> member <vmtarget> ; # org/h2/table/Plan$$Lambda+0x00000257012d97c8
instanceKlass org/h2/table/Plan
instanceKlass org/h2/command/query/Optimizer
instanceKlass org/h2/expression/aggregate/Aggregate$1
instanceKlass org/h2/result/FetchedResult
instanceKlass java/text/FieldPosition$Delegate
instanceKlass java/text/Format$FieldDelegate
instanceKlass java/text/DigitList
instanceKlass java/lang/StringUTF16$CharsSpliterator
instanceKlass java/util/stream/Sink$ChainedInt
instanceKlass  @bci java/util/stream/FindOps$FindSink$OfInt <clinit> ()V 43 <appendix> argL0 ; # java/util/stream/FindOps$FindSink$OfInt$$Lambda+0x800000049
instanceKlass  @bci java/util/stream/FindOps$FindSink$OfInt <clinit> ()V 38 <appendix> argL0 ; # java/util/stream/FindOps$FindSink$OfInt$$Lambda+0x80000004b
instanceKlass  @bci java/util/stream/FindOps$FindSink$OfInt <clinit> ()V 16 <appendix> argL0 ; # java/util/stream/FindOps$FindSink$OfInt$$Lambda+0x80000004a
instanceKlass  @bci java/util/stream/FindOps$FindSink$OfInt <clinit> ()V 11 <appendix> argL0 ; # java/util/stream/FindOps$FindSink$OfInt$$Lambda+0x80000004c
instanceKlass java/util/OptionalInt
instanceKlass java/util/stream/Sink$OfInt
instanceKlass java/util/function/IntConsumer
instanceKlass  @bci java/text/DecimalFormatSymbols findNonFormatChar (Ljava/lang/String;C)C 4 <appendix> argL0 ; # java/text/DecimalFormatSymbols$$Lambda+0x80000000d
instanceKlass java/util/function/IntPredicate
instanceKlass java/util/stream/IntStream
instanceKlass java/lang/StringLatin1$CharsSpliterator
instanceKlass  @bci sun/util/locale/provider/JRELocaleProviderAdapter getDecimalFormatSymbolsProvider ()Ljava/text/spi/DecimalFormatSymbolsProvider; 8 <appendix> member <vmtarget> ; # sun/util/locale/provider/JRELocaleProviderAdapter$$Lambda+0x80000006b
instanceKlass java/text/DecimalFormatSymbols
instanceKlass  @bci sun/util/locale/provider/JRELocaleProviderAdapter getNumberFormatProvider ()Ljava/text/spi/NumberFormatProvider; 8 <appendix> member <vmtarget> ; # sun/util/locale/provider/JRELocaleProviderAdapter$$Lambda+0x80000006c
instanceKlass sun/util/resources/Bundles$2
instanceKlass sun/util/resources/LocaleData$LocaleDataResourceBundleProvider
instanceKlass java/util/spi/ResourceBundleProvider
instanceKlass  @bci sun/util/locale/provider/JRELocaleProviderAdapter getDateFormatSymbolsProvider ()Ljava/text/spi/DateFormatSymbolsProvider; 8 <appendix> member <vmtarget> ; # sun/util/locale/provider/JRELocaleProviderAdapter$$Lambda+0x80000006a
instanceKlass java/text/DateFormatSymbols
instanceKlass  @bci sun/util/locale/provider/LocaleProviderAdapter toLocaleArray (Ljava/util/Set;)[Ljava/util/Locale; 16 <appendix> argL0 ; # sun/util/locale/provider/LocaleProviderAdapter$$Lambda+0x80000006e
instanceKlass  @bci sun/util/locale/provider/LocaleProviderAdapter toLocaleArray (Ljava/util/Set;)[Ljava/util/Locale; 6 <appendix> argL0 ; # sun/util/locale/provider/LocaleProviderAdapter$$Lambda+0x80000006d
instanceKlass  @bci sun/util/cldr/CLDRLocaleProviderAdapter getCalendarDataProvider ()Ljava/util/spi/CalendarDataProvider; 8 <appendix> member <vmtarget> ; # sun/util/cldr/CLDRLocaleProviderAdapter$$Lambda+0x800000067
instanceKlass sun/util/locale/provider/CalendarDataUtility$CalendarWeekParameterGetter
instanceKlass java/util/Locale$Builder
instanceKlass sun/util/locale/provider/CalendarDataUtility
instanceKlass java/util/Calendar$Builder
instanceKlass sun/util/locale/provider/AvailableLanguageTags
instanceKlass  @bci sun/util/locale/provider/JRELocaleProviderAdapter getCalendarProvider ()Lsun/util/spi/CalendarProvider; 8 <appendix> member <vmtarget> ; # sun/util/locale/provider/JRELocaleProviderAdapter$$Lambda+0x800000068
instanceKlass java/util/Calendar
instanceKlass  @bci org/h2/mvstore/db/LobStorageMap <init> (Lorg/h2/engine/Database;)V 81 <appendix> member <vmtarget> ; # org/h2/mvstore/db/LobStorageMap$$Lambda+0x00000257012da400
instanceKlass  @cpi org/h2/mvstore/db/LobStorageMap 311 form vmentry <vmtarget> ; # java/lang/invoke/LambdaForm$DMH+0x00000257012d8c00
instanceKlass java/util/function/LongConsumer
instanceKlass  @bci org/h2/util/Utils createSingleThreadExecutor (Ljava/lang/String;Ljava/util/concurrent/BlockingQueue;)Ljava/util/concurrent/ThreadPoolExecutor; 12 <appendix> member <vmtarget> ; # org/h2/util/Utils$$Lambda+0x00000257012da1e8
instanceKlass java/util/concurrent/LinkedTransferQueue$DualNode
instanceKlass java/util/concurrent/TransferQueue
instanceKlass org/h2/command/ddl/SequenceOptions
instanceKlass java/util/AbstractMap$SimpleImmutableEntry
instanceKlass org/h2/mvstore/MVStore$RemovedPageInfo
instanceKlass org/h2/util/MemoryEstimator
instanceKlass java/util/Collections$ReverseComparator2
instanceKlass java/util/Collections$ReverseComparator
instanceKlass  @bci org/h2/mvstore/MVStore readStoreHeader ()V 541 <appendix> argL0 ; # org/h2/mvstore/MVStore$$Lambda+0x00000257012deba0
instanceKlass org/h2/mvstore/Chunk
instanceKlass sun/nio/ch/FileKey
instanceKlass sun/nio/ch/FileLockTable
instanceKlass java/nio/channels/FileLock
instanceKlass org/h2/mvstore/cache/CacheLongKeyLIRS$Entry
instanceKlass org/h2/mvstore/cache/CacheLongKeyLIRS$Segment
instanceKlass org/h2/mvstore/cache/CacheLongKeyLIRS
instanceKlass org/h2/mvstore/cache/CacheLongKeyLIRS$Config
instanceKlass org/h2/mvstore/FreeSpaceBitSet
instanceKlass org/h2/mvstore/FileStore
instanceKlass  @bci org/h2/mvstore/db/Store <init> (Lorg/h2/engine/Database;[B)V 205 <appendix> member <vmtarget> ; # org/h2/mvstore/db/Store$$Lambda+0x00000257012dcaa0
instanceKlass java/util/IdentityHashMap$IdentityHashMapIterator
instanceKlass org/h2/mvstore/MVStoreTool
instanceKlass java/lang/StackTraceElement$HashedModules
instanceKlass java/lang/Throwable$PrintStreamOrWriter
instanceKlass java/io/PrintWriter$1
instanceKlass jdk/internal/access/JavaIOPrintWriterAccess
instanceKlass sun/nio/fs/WindowsPath$1
instanceKlass java/text/AttributedCharacterIterator$Attribute
instanceKlass java/text/FieldPosition
instanceKlass sun/nio/fs/BasicFileAttributesHolder
instanceKlass java/text/Format
instanceKlass org/h2/api/ErrorCode
instanceKlass  @bci org/h2/store/fs/disk/FilePathDisk newDirectoryStream ()Ljava/util/List; 32 <appendix> argL0 ; # org/h2/store/fs/disk/FilePathDisk$$Lambda+0x00000257012dc228
instanceKlass  @cpi org/h2/store/fs/disk/FilePathDisk 313 form vmentry <vmtarget> ; # java/lang/invoke/LambdaForm$DMH+0x00000257012d8800
instanceKlass  @bci org/h2/store/fs/disk/FilePathDisk newDirectoryStream ()Ljava/util/List; 27 <appendix> member <vmtarget> ; # org/h2/store/fs/disk/FilePathDisk$$Lambda+0x00000257012dc000
instanceKlass  @bci org/h2/store/fs/disk/FilePathDisk newDirectoryStream ()Ljava/util/List; 21 <appendix> argL0 ; # org/h2/store/fs/disk/FilePathDisk$$Lambda+0x00000257012d7c88
instanceKlass  @bci java/nio/file/Files asUncheckedRunnable (Ljava/io/Closeable;)Ljava/lang/Runnable; 1 <appendix> member <vmtarget> ; # java/nio/file/Files$$Lambda+0x00000257012e5158
instanceKlass java/nio/file/Files$2
instanceKlass sun/nio/fs/WindowsDirectoryStream$WindowsDirectoryIterator
instanceKlass sun/nio/fs/WindowsDirectoryStream
instanceKlass java/nio/file/DirectoryStream
instanceKlass java/nio/file/Files$AcceptAllFilter
instanceKlass java/nio/file/DirectoryStream$Filter
instanceKlass org/h2/value/Transfer
instanceKlass org/h2/util/SmallMap
instanceKlass org/h2/server/TcpServerThread
instanceKlass org/h2/util/Utils10
instanceKlass sun/nio/ch/ExtendedSocketOption$1
instanceKlass sun/nio/ch/ExtendedSocketOption
instanceKlass sun/nio/ch/OptionKey
instanceKlass sun/nio/ch/SocketOptionRegistry$LazyInitialization
instanceKlass sun/nio/ch/SocketOptionRegistry$RegistryKey
instanceKlass sun/nio/ch/SocketOptionRegistry
instanceKlass java/net/NetworkInterface
instanceKlass java/net/StandardSocketOptions$StdSocketOption
instanceKlass java/net/StandardSocketOptions
instanceKlass sun/net/spi/DefaultProxySelector$3
instanceKlass sun/net/spi/DefaultProxySelector$NonProxyInfo
instanceKlass sun/net/NetProperties$1
instanceKlass sun/net/NetProperties
instanceKlass sun/net/spi/DefaultProxySelector$1
instanceKlass java/net/Proxy
instanceKlass java/net/ProxySelector
instanceKlass java/net/SocksSocketImpl$3
instanceKlass java/net/SocksConsts
instanceKlass java/net/Socket
instanceKlass java/net/InetAddress$CachedLocalHost
instanceKlass java/util/concurrent/atomic/Striped64$1
instanceKlass java/net/InetAddress$CachedLookup
instanceKlass sun/net/InetAddressCachePolicy$1
instanceKlass sun/net/InetAddressCachePolicy
instanceKlass java/util/stream/Node$Builder
instanceKlass java/util/stream/Nodes$ArrayNode
instanceKlass java/util/stream/Node$OfDouble
instanceKlass java/util/stream/Node$OfLong
instanceKlass java/util/stream/Node$OfInt
instanceKlass java/util/stream/Node$OfPrimitive
instanceKlass java/util/stream/Nodes$EmptyNode
instanceKlass java/util/stream/Node
instanceKlass java/util/stream/Nodes
instanceKlass  @bci java/net/InetAddress getAddressesFromNameService (Ljava/lang/String;)[Ljava/net/InetAddress; 94 <appendix> argL0 ; # java/net/InetAddress$$Lambda+0x000002570127fde8
instanceKlass  @bci java/net/InetAddress loadResolver ()Ljava/net/spi/InetAddressResolver; 8 <appendix> argL0 ; # java/net/InetAddress$$Lambda+0x000002570127f9d0
instanceKlass java/net/spi/InetAddressResolverProvider
instanceKlass java/net/InetAddress$NameServiceAddresses
instanceKlass java/net/InetAddress$Addresses
instanceKlass java/util/concurrent/ConcurrentSkipListMap$Iter
instanceKlass org/h2/table/PlanItem
instanceKlass org/h2/command/query/AllColumnsForPlan
instanceKlass org/h2/index/IndexCondition
instanceKlass org/h2/index/IndexCursor
instanceKlass  @bci org/h2/table/TableFilter <clinit> ()V 27 <appendix> argL0 ; # org/h2/table/TableFilter$$Lambda+0x00000257012d5d88
instanceKlass  @bci java/util/Comparator comparing (Ljava/util/function/Function;)Ljava/util/Comparator; 6 <appendix> member <vmtarget> ; # java/util/Comparator$$Lambda+0x000002570127e500
instanceKlass  @cpi java/util/Comparator 259 form vmentry <vmtarget> ; # java/lang/invoke/LambdaForm$DMH+0x00000257012d8400
instanceKlass  @bci org/h2/table/TableFilter <clinit> ()V 16 <appendix> argL0 ; # org/h2/table/TableFilter$$Lambda+0x00000257012d5b58
instanceKlass  @cpi javafx/scene/control/ControlUtils 310 form vmentry <vmtarget> ; # java/lang/invoke/LambdaForm$DMH+0x00000257012d8000
instanceKlass org/h2/table/TableFilter$TableFilterVisitor
instanceKlass org/h2/table/TableFilter
instanceKlass java/sql/ParameterMetaData
instanceKlass java/sql/ResultSetMetaData
instanceKlass org/h2/expression/ExpressionVisitor
instanceKlass org/h2/command/Parser$1
instanceKlass java/util/ComparableTimSort
instanceKlass org/h2/schema/FunctionAlias$JavaMethod
instanceKlass java/lang/PublicMethods
instanceKlass java/io/ObjectStreamConstants
instanceKlass java/io/ObjectInput
instanceKlass org/h2/util/JdbcUtils
instanceKlass org/h2/engine/SessionLocal$1
instanceKlass org/h2/engine/SessionLocal$Savepoint
instanceKlass org/h2/result/ResultWithGeneratedKeys
instanceKlass org/h2/expression/function/BuiltinFunctions
instanceKlass org/h2/expression/aggregate/AggregateData
instanceKlass org/h2/command/Token
instanceKlass org/h2/command/Tokenizer
instanceKlass org/h2/expression/function/table/TableFunction
instanceKlass org/h2/result/ResultTarget
instanceKlass org/h2/expression/ExpressionWithFlags
instanceKlass org/h2/command/dml/MergeUsing$When
instanceKlass org/h2/expression/ExpressionWithVariableParameters
instanceKlass org/h2/expression/ParameterInterface
instanceKlass org/h2/expression/function/NamedExpression
instanceKlass org/h2/command/Command
instanceKlass org/h2/command/Parser
instanceKlass org/h2/result/ResultInterface
instanceKlass java/sql/ResultSet
instanceKlass org/h2/jdbc/JdbcStatementBackwardsCompat
instanceKlass jdk/internal/util/random/RandomSupport
instanceKlass org/h2/mvstore/StreamStore
instanceKlass org/h2/mvstore/db/LobStorageMap$BlobReference
instanceKlass org/h2/mvstore/db/NullValueDataType
instanceKlass org/h2/mvstore/db/LobStorageMap$BlobMeta
instanceKlass org/h2/mvstore/db/LobStorageMap
instanceKlass org/h2/index/SingleRowCursor
instanceKlass  @bci org/h2/engine/MetaRecord <clinit> ()V 0 <appendix> argL0 ; # org/h2/engine/MetaRecord$$Lambda+0x0000025701299db8
instanceKlass org/h2/command/Prepared
instanceKlass org/h2/engine/MetaRecord
instanceKlass  @bci org/h2/mvstore/tx/TransactionMap createSnapshot ()Lorg/h2/mvstore/tx/Snapshot; 1 <appendix> argL0 ; # org/h2/mvstore/tx/TransactionMap$$Lambda+0x0000025701298c98
instanceKlass org/h2/mvstore/tx/Snapshot
instanceKlass org/h2/mvstore/tx/TransactionMap$2
instanceKlass org/h2/mvstore/db/MVPrimaryIndex$MVStoreCursor
instanceKlass org/h2/result/SortOrder
instanceKlass org/h2/util/ParserUtil
instanceKlass  @bci org/h2/mvstore/tx/TransactionMap <init> (Lorg/h2/mvstore/tx/Transaction;Lorg/h2/mvstore/MVMap;)V 41 <appendix> member <vmtarget> ; # org/h2/mvstore/tx/TransactionMap$$Lambda+0x0000025701297b50
instanceKlass org/h2/mvstore/tx/TransactionMap$TMIterator
instanceKlass org/h2/mvstore/tx/VersionedValueType$Factory
instanceKlass org/h2/mvstore/tx/Record
instanceKlass org/h2/mvstore/tx/Transaction
instanceKlass org/h2/index/IndexType
instanceKlass org/h2/table/IndexColumn
instanceKlass org/h2/index/Cursor
instanceKlass org/h2/index/SpatialIndex
instanceKlass org/h2/value/ExtTypeInfo
instanceKlass org/h2/table/ColumnResolver
instanceKlass org/h2/expression/Expression
instanceKlass org/h2/table/Column
instanceKlass org/h2/command/ddl/CreateTableData
instanceKlass  @bci org/h2/engine/Database <init> (Lorg/h2/engine/ConnectionInfo;Ljava/lang/String;)V 1367 <appendix> argL0 ; # org/h2/engine/Database$$Lambda+0x000002570128edc0
instanceKlass org/h2/mvstore/Cursor
instanceKlass java/time/Clock
instanceKlass java/time/InstantSource
instanceKlass java/time/Instant
instanceKlass org/h2/util/TimeZoneProvider
instanceKlass org/h2/util/DateTimeUtils
instanceKlass org/h2/table/ColumnTemplate
instanceKlass java/util/UUID
instanceKlass org/h2/mvstore/MVMap$BasicBuilder
instanceKlass  @bci org/h2/mvstore/tx/TransactionStore <clinit> ()V 16 <appendix> argL0 ; # org/h2/mvstore/tx/TransactionStore$$Lambda+0x0000025701283980
instanceKlass  @cpi org/h2/mvstore/tx/TransactionStore 543 form vmentry <vmtarget> ; # java/lang/invoke/LambdaForm$DMH+0x0000025701280400
instanceKlass org/h2/mvstore/tx/TransactionStore
instanceKlass org/h2/mvstore/MVMap$4
instanceKlass org/h2/mvstore/CursorPos
instanceKlass org/h2/mvstore/MVMap$IntValueHolder
instanceKlass org/h2/mvstore/RootReference
instanceKlass org/h2/mvstore/Page$PageReference
instanceKlass java/util/concurrent/atomic/AtomicLongFieldUpdater$CASUpdater$1
instanceKlass java/util/concurrent/atomic/AtomicLongFieldUpdater
instanceKlass org/h2/mvstore/Page
instanceKlass org/h2/mvstore/MVMap$DecisionMaker
instanceKlass org/h2/mvstore/DataUtils
instanceKlass java/util/concurrent/atomic/AtomicIntegerFieldUpdater$AtomicIntegerFieldUpdaterImpl$1
instanceKlass java/util/concurrent/atomic/AtomicIntegerFieldUpdater
instanceKlass org/h2/mvstore/MVStore$TxCounter
instanceKlass org/h2/mvstore/MVMap$MapBuilder
instanceKlass org/h2/mvstore/MVStore
instanceKlass org/h2/mvstore/MVStore$Builder
instanceKlass org/h2/mvstore/db/Store
instanceKlass sun/net/NetHooks
instanceKlass  @bci sun/nio/ch/NioSocketImpl closerFor (Ljava/io/FileDescriptor;Z)Ljava/lang/Runnable; 5 <appendix> member <vmtarget> ; # sun/nio/ch/NioSocketImpl$$Lambda+0x000002570127a190
instanceKlass jdk/net/ExtendedSocketOptions$2
instanceKlass jdk/net/ExtendedSocketOptions$PlatformSocketOptions
instanceKlass jdk/net/ExtendedSocketOptions$ExtSocketOption
instanceKlass java/net/SocketOption
instanceKlass jdk/net/ExtendedSocketOptions
instanceKlass sun/net/ext/ExtendedSocketOptions
instanceKlass java/net/Inet6Address$Inet6AddressHolder
instanceKlass sun/nio/ch/Net$1
instanceKlass java/net/ProtocolFamily
instanceKlass sun/nio/ch/Net
instanceKlass java/net/InetAddress$PlatformResolver
instanceKlass java/net/spi/InetAddressResolver
instanceKlass java/net/spi/InetAddressResolver$LookupPolicy
instanceKlass java/net/Inet4AddressImpl
instanceKlass java/net/Inet6AddressImpl
instanceKlass java/net/InetAddressImpl
instanceKlass java/util/concurrent/ConcurrentSkipListMap$Node
instanceKlass java/util/concurrent/ConcurrentSkipListMap$Index
instanceKlass java/util/concurrent/ConcurrentNavigableMap
instanceKlass java/net/InetAddress$InetAddressHolder
instanceKlass java/net/InetAddress$1
instanceKlass jdk/internal/access/JavaNetInetAddressAccess
instanceKlass java/net/InetSocketAddress$InetSocketAddressHolder
instanceKlass java/net/InetAddress
instanceKlass sun/net/PlatformSocketImpl
instanceKlass java/net/SocketImpl
instanceKlass java/net/SocketOptions
instanceKlass java/net/ServerSocket
instanceKlass java/net/SocketAddress
instanceKlass org/h2/util/NetUtils
instanceKlass org/h2/server/TcpServer
instanceKlass org/h2/server/Service
instanceKlass org/h2/util/Tool
instanceKlass org/h2/server/ShutdownHandler
instanceKlass java/nio/channels/spi/AbstractInterruptibleChannel$1
instanceKlass sun/nio/ch/Interruptible
instanceKlass java/util/RegularEnumSet$EnumSetIterator
instanceKlass  @bci java/util/Map$Entry comparingByKey ()Ljava/util/Comparator; 0 <appendix> argL0 ; # java/util/Map$Entry$$Lambda+0x0000025701275910
instanceKlass  @bci java/lang/invoke/BootstrapMethodInvoker invoke (Ljava/lang/Class;Ljava/lang/invoke/MethodHandle;Ljava/lang/String;Ljava/lang/Object;Ljava/lang/Object;Ljava/lang/Class;)Ljava/lang/Object; 462 <adapter> ; # java/lang/invoke/LambdaForm$MH+0x0000025701280000
instanceKlass sun/util/cldr/CLDRBaseLocaleDataMetaInfo$TZCanonicalIDMapHolder
instanceKlass java/time/chrono/AbstractChronology
instanceKlass java/time/chrono/Chronology
instanceKlass java/time/LocalTime
instanceKlass java/time/temporal/ValueRange
instanceKlass java/time/Duration
instanceKlass java/time/temporal/TemporalAmount
instanceKlass java/time/temporal/TemporalUnit
instanceKlass java/time/temporal/TemporalField
instanceKlass java/time/zone/ZoneOffsetTransition
instanceKlass  @bci java/time/ZoneOffset ofTotalSeconds (I)Ljava/time/ZoneOffset; 37 <appendix> argL0 ; # java/time/ZoneOffset$$Lambda+0x80000000e
instanceKlass java/time/LocalDateTime
instanceKlass java/time/chrono/ChronoLocalDateTime
instanceKlass java/time/zone/ZoneOffsetTransitionRule
instanceKlass java/time/zone/ZoneRules
instanceKlass java/time/zone/Ser
instanceKlass java/io/Externalizable
instanceKlass java/time/zone/ZoneRulesProvider$1
instanceKlass java/time/zone/ZoneRulesProvider
instanceKlass java/time/ZoneId
instanceKlass sun/util/resources/Bundles$CacheKeyReference
instanceKlass  @bci java/util/ResourceBundle$ResourceBundleProviderHelper newResourceBundle (Ljava/lang/Class;)Ljava/util/ResourceBundle; 22 <appendix> member <vmtarget> ; # java/util/ResourceBundle$ResourceBundleProviderHelper$$Lambda+0x800000012
instanceKlass  @bci sun/util/cldr/CLDRLocaleProviderAdapter applyAliases (Ljava/util/Locale;)Ljava/util/Locale; 4 <appendix> argL0 ; # sun/util/cldr/CLDRLocaleProviderAdapter$$Lambda+0x800000064
instanceKlass sun/util/resources/Bundles$CacheKey
instanceKlass sun/util/resources/Bundles
instanceKlass sun/util/resources/LocaleData$LocaleDataStrategy
instanceKlass sun/util/resources/Bundles$Strategy
instanceKlass sun/util/resources/LocaleData$1
instanceKlass sun/util/resources/LocaleData
instanceKlass sun/util/locale/provider/LocaleResources
instanceKlass sun/util/resources/provider/NonBaseLocaleDataMetaInfo
instanceKlass  @bci sun/util/locale/provider/JRELocaleProviderAdapter createSupportedLocaleString (Ljava/lang/String;)Ljava/lang/String; 6 <appendix> member <vmtarget> ; # sun/util/locale/provider/JRELocaleProviderAdapter$$Lambda+0x0000025701271bb8
instanceKlass sun/util/locale/provider/BaseLocaleDataMetaInfo
instanceKlass  @bci sun/util/locale/provider/JRELocaleProviderAdapter getTimeZoneNameProvider ()Ljava/util/spi/TimeZoneNameProvider; 8 <appendix> member <vmtarget> ; # sun/util/locale/provider/JRELocaleProviderAdapter$$Lambda+0x0000025701271758
instanceKlass  @bci sun/util/cldr/CLDRLocaleProviderAdapter getTimeZoneNameProvider ()Ljava/util/spi/TimeZoneNameProvider; 8 <appendix> member <vmtarget> ; # sun/util/cldr/CLDRLocaleProviderAdapter$$Lambda+0x00000257012710e0
instanceKlass sun/util/resources/cldr/provider/CLDRLocaleDataMetaInfo
instanceKlass  @bci sun/util/cldr/CLDRLocaleProviderAdapter <init> ()V 4 <appendix> argL0 ; # sun/util/cldr/CLDRLocaleProviderAdapter$$Lambda+0x800000066
instanceKlass sun/util/locale/InternalLocaleBuilder$CaseInsensitiveChar
instanceKlass sun/util/locale/InternalLocaleBuilder
instanceKlass sun/util/locale/StringTokenIterator
instanceKlass sun/util/locale/ParseStatus
instanceKlass sun/util/locale/LanguageTag
instanceKlass sun/util/cldr/CLDRBaseLocaleDataMetaInfo
instanceKlass sun/util/locale/provider/LocaleDataMetaInfo
instanceKlass sun/util/locale/provider/ResourceBundleBasedAdapter
instanceKlass sun/util/locale/provider/LocaleProviderAdapter
instanceKlass sun/util/locale/provider/TimeZoneNameUtility$TimeZoneNameGetter
instanceKlass sun/util/locale/provider/LocaleServiceProviderPool$LocalizedObjectGetter
instanceKlass sun/util/locale/provider/LocaleServiceProviderPool
instanceKlass java/util/spi/LocaleServiceProvider
instanceKlass sun/util/locale/provider/TimeZoneNameUtility
instanceKlass sun/util/calendar/CalendarUtils
instanceKlass sun/util/calendar/CalendarDate
instanceKlass sun/util/calendar/ZoneInfoFile$ZoneOffsetTransitionRule
instanceKlass sun/util/calendar/ZoneInfoFile$1
instanceKlass sun/util/calendar/ZoneInfoFile
instanceKlass java/util/TimeZone
instanceKlass sun/util/calendar/CalendarSystem$GregorianHolder
instanceKlass sun/util/calendar/CalendarSystem
instanceKlass java/util/Date
instanceKlass sun/nio/cs/Surrogate
instanceKlass sun/nio/cs/Surrogate$Parser
instanceKlass sun/nio/fs/WindowsChannelFactory$2
instanceKlass sun/security/provider/SeedGenerator
instanceKlass  @bci org/h2/util/MathUtils getSecureRandom ()Ljava/security/SecureRandom; 18 <appendix> argL0 ; # org/h2/util/MathUtils$$Lambda+0x000002570126fc70
instanceKlass  @bci java/util/stream/Collectors joining (Ljava/lang/CharSequence;Ljava/lang/CharSequence;Ljava/lang/CharSequence;)Ljava/util/stream/Collector; 22 <appendix> argL0 ; # java/util/stream/Collectors$$Lambda+0x800000044
instanceKlass  @bci java/util/stream/Collectors joining (Ljava/lang/CharSequence;Ljava/lang/CharSequence;Ljava/lang/CharSequence;)Ljava/util/stream/Collector; 17 <appendix> argL0 ; # java/util/stream/Collectors$$Lambda+0x800000042
instanceKlass  @bci java/util/stream/Collectors joining (Ljava/lang/CharSequence;Ljava/lang/CharSequence;Ljava/lang/CharSequence;)Ljava/util/stream/Collector; 12 <appendix> argL0 ; # java/util/stream/Collectors$$Lambda+0x80000003f
instanceKlass  @bci java/util/stream/Collectors joining (Ljava/lang/CharSequence;Ljava/lang/CharSequence;Ljava/lang/CharSequence;)Ljava/util/stream/Collector; 7 <appendix> member <vmtarget> ; # java/util/stream/Collectors$$Lambda+0x800000047
instanceKlass java/util/StringJoiner
instanceKlass  @bci java/lang/Class methodToString (Ljava/lang/String;[Ljava/lang/Class;)Ljava/lang/String; 42 <appendix> argL0 ; # java/lang/Class$$Lambda+0x000002570107f1e0
instanceKlass java/security/SecureRandomParameters
instanceKlass java/security/SecureRandomSpi
instanceKlass java/util/Random
instanceKlass java/util/random/RandomGenerator
instanceKlass org/h2/store/FileLock$1
instanceKlass org/h2/store/FileLock
instanceKlass org/h2/message/Trace
instanceKlass java/util/concurrent/atomic/AtomicReferenceArray
instanceKlass org/h2/message/TraceSystem
instanceKlass org/h2/message/TraceWriter
instanceKlass org/h2/mvstore/db/ValueDataType$Factory
instanceKlass org/h2/value/lob/LobData
instanceKlass org/h2/mvstore/db/RowDataType$Factory
instanceKlass org/h2/mvstore/type/StatefulDataType$Factory
instanceKlass org/h2/mvstore/type/BasicDataType
instanceKlass org/h2/mvstore/type/DataType
instanceKlass org/h2/mvstore/type/StatefulDataType
instanceKlass org/h2/result/RowFactory$Holder
instanceKlass org/h2/result/RowFactory
instanceKlass org/h2/util/TempFileDeleter
instanceKlass org/h2/api/IntervalQualifier$1
instanceKlass org/h2/value/DataType
instanceKlass org/h2/engine/Mode
instanceKlass java/util/BitSet
instanceKlass org/h2/engine/DbObject
instanceKlass org/h2/engine/Database
instanceKlass java/nio/file/FileStore
instanceKlass sun/nio/fs/WindowsSecurity
instanceKlass sun/nio/fs/AbstractAclFileAttributeView
instanceKlass java/nio/file/attribute/AclFileAttributeView
instanceKlass java/nio/file/attribute/FileOwnerAttributeView
instanceKlass sun/nio/fs/WindowsFileSystemProvider$1
instanceKlass  @bci org/h2/engine/Engine openSession (Lorg/h2/engine/ConnectionInfo;ZZLjava/lang/String;)Lorg/h2/engine/SessionLocal; 48 <appendix> argL0 ; # org/h2/engine/Engine$$Lambda+0x000002570125f780
instanceKlass org/h2/engine/Engine$DatabaseHolder
instanceKlass sun/nio/fs/WindowsLinkSupport
instanceKlass org/h2/compress/CompressLZF
instanceKlass org/h2/compress/Compressor
instanceKlass org/h2/store/fs/mem/FileMemData
instanceKlass org/h2/store/fs/FilePath
instanceKlass org/h2/store/fs/FileUtils
instanceKlass org/h2/engine/Engine
instanceKlass java/text/Collator
instanceKlass org/h2/value/CompareMode
instanceKlass org/h2/mvstore/tx/TransactionStore$RollbackListener
instanceKlass org/h2/jdbc/meta/DatabaseMeta
instanceKlass org/h2/store/LobStorageInterface
instanceKlass org/h2/command/CommandInterface
instanceKlass org/h2/engine/Session
instanceKlass org/h2/store/DataHandler
instanceKlass sun/security/provider/ByteArrayAccess$BE
instanceKlass java/security/Key
instanceKlass org/h2/security/SHA256
instanceKlass org/h2/engine/SettingsBase
instanceKlass org/h2/util/StringUtils
instanceKlass org/h2/util/MathUtils
instanceKlass org/h2/engine/SysProperties
instanceKlass org/h2/command/dml/SetTypes
instanceKlass org/h2/engine/ConnectionInfo
instanceKlass org/h2/util/IOUtils
instanceKlass org/h2/util/Utils
instanceKlass sun/reflect/misc/ReflectUtil
instanceKlass java/util/concurrent/atomic/AtomicReferenceFieldUpdater$AtomicReferenceFieldUpdaterImpl$1
instanceKlass java/util/concurrent/atomic/AtomicReferenceFieldUpdater
instanceKlass org/h2/jdbc/JdbcException
instanceKlass java/util/concurrent/atomic/AtomicIntegerArray
instanceKlass java/sql/Blob
instanceKlass java/sql/SQLXML
instanceKlass java/sql/NClob
instanceKlass java/sql/Clob
instanceKlass org/h2/value/VersionedValue
instanceKlass org/h2/value/Typed
instanceKlass org/h2/util/HasSQL
instanceKlass java/sql/Array
instanceKlass java/sql/Savepoint
instanceKlass java/sql/DatabaseMetaData
instanceKlass java/sql/CallableStatement
instanceKlass java/sql/PreparedStatement
instanceKlass java/sql/Statement
instanceKlass org/h2/message/TraceObject
instanceKlass org/h2/engine/CastDataProvider
instanceKlass org/h2/jdbc/JdbcConnectionBackwardsCompat
instanceKlass java/sql/DriverManager$2
instanceKlass java/sql/DriverManager$1
instanceKlass java/sql/DriverInfo
instanceKlass java/sql/DriverManager
instanceKlass java/sql/Connection
instanceKlass java/sql/Wrapper
instanceKlass org/h2/Driver
instanceKlass org/h2/JdbcDriverBackwardsCompat
instanceKlass java/sql/Driver
instanceKlass com/example/DatabaseHelper
instanceKlass com/sun/javafx/geometry/BoundsUtils
instanceKlass com/sun/javafx/scene/traversal/ContainerTabOrder$1
instanceKlass  @bci java/util/stream/Collectors toList ()Ljava/util/stream/Collector; 14 <appendix> argL0 ; # java/util/stream/Collectors$$Lambda+0x00000257010775a8
instanceKlass  @bci java/util/stream/Collectors toList ()Ljava/util/stream/Collector; 9 <appendix> argL0 ; # java/util/stream/Collectors$$Lambda+0x0000025701077388
instanceKlass  @bci java/util/stream/Collectors toList ()Ljava/util/stream/Collector; 4 <appendix> argL0 ; # java/util/stream/Collectors$$Lambda+0x0000025701077178
instanceKlass  @bci com/sun/javafx/scene/control/inputmap/InputMap lookup (Ljavafx/event/Event;Z)Ljava/util/List; 82 <appendix> argL0 ; # com/sun/javafx/scene/control/inputmap/InputMap$$Lambda+0x0000025701249620
instanceKlass com/sun/javafx/scene/input/KeyCodeMap
instanceKlass  @bci com/sun/javafx/tk/quantum/GlassViewEventHandler handleKeyEvent (Lcom/sun/glass/ui/View;JII[CI)V 53 <appendix> member <vmtarget> ; # com/sun/javafx/tk/quantum/GlassViewEventHandler$$Lambda+0x0000025701249210
instanceKlass com/sun/javafx/geom/DirtyRegionPool$PoolItem
instanceKlass com/sun/javafx/geom/transform/TransformHelper
instanceKlass com/sun/javafx/sg/prism/RegionImageCache$CachedImage
instanceKlass com/sun/prism/impl/BaseResourceFactory$1
instanceKlass com/sun/javafx/sg/prism/RegionImageCache
instanceKlass java/lang/FdLibm$Atan2
instanceKlass com/sun/prism/shader/FillRoundRect_LinearGradient_PAD_Loader
instanceKlass com/sun/prism/impl/ps/PaintHelper
instanceKlass com/sun/prism/paint/Stop
instanceKlass  @bci com/sun/scenario/effect/impl/BufferUtil nativeOrder (Ljava/nio/ByteBuffer;)V 12 <appendix> argL0 ; # com/sun/scenario/effect/impl/BufferUtil$$Lambda+0x0000025701242fa0
instanceKlass com/sun/scenario/effect/impl/BufferUtil
# instanceKlass java/lang/invoke/LambdaForm$MH+0x0000025701241400
# instanceKlass java/lang/invoke/LambdaForm$MH+0x0000025701241000
# instanceKlass java/lang/invoke/LambdaForm$MH+0x0000025701240c00
instanceKlass  @bci com/sun/scenario/effect/ImageData <clinit> ()V 0 <appendix> argL0 ; # com/sun/scenario/effect/ImageData$$Lambda+0x00000257012478f8
instanceKlass com/sun/javafx/image/impl/ByteGray$Accessor
instanceKlass com/sun/javafx/image/impl/ByteGray
instanceKlass com/sun/prism/shader/Texture_Color_Loader
instanceKlass com/sun/marlin/ArrayCacheConst
instanceKlass com/sun/marlin/MaskMarlinAlphaConsumer
instanceKlass com/sun/marlin/Helpers
instanceKlass com/sun/prism/impl/shape/DMarlinPrismUtils
instanceKlass com/sun/marlin/DPQSSorterContext
instanceKlass com/sun/marlin/Dasher$LengthIterator
instanceKlass com/sun/marlin/Dasher
instanceKlass com/sun/marlin/Stroker
instanceKlass com/sun/marlin/ArrayCacheIntClean$Reference
instanceKlass  @bci com/sun/marlin/OffHeapArray <init> (Ljava/lang/Object;J)V 52 <appendix> member <vmtarget> ; # com/sun/marlin/OffHeapArray$$Lambda+0x0000025701245748
instanceKlass com/sun/marlin/RendererContext$RendererSharedMemory
instanceKlass com/sun/marlin/ArrayCacheInt$Reference
instanceKlass com/sun/marlin/Helpers$IndexStack
instanceKlass com/sun/marlin/TransformingPathConsumer2D$PathClipFilter
instanceKlass com/sun/marlin/TransformingPathConsumer2D$StartFlagPathConsumer2D
instanceKlass com/sun/marlin/ArrayCacheByte$Reference
instanceKlass com/sun/marlin/ArrayCacheDouble$Reference
instanceKlass com/sun/marlin/Helpers$PolyStack
instanceKlass com/sun/marlin/TransformingPathConsumer2D$ClosedPathDetector
instanceKlass com/sun/marlin/TransformingPathConsumer2D$PathTracer
instanceKlass com/sun/marlin/TransformingPathConsumer2D$DeltaTransformFilter
instanceKlass com/sun/marlin/TransformingPathConsumer2D$DeltaScaleFilter
instanceKlass com/sun/marlin/TransformingPathConsumer2D$Path2DWrapper
instanceKlass com/sun/marlin/TransformingPathConsumer2D
instanceKlass com/sun/marlin/TransformingPathConsumer2D$CurveClipSplitter
instanceKlass com/sun/marlin/TransformingPathConsumer2D$CurveBasicMonotonizer
instanceKlass com/sun/marlin/ArrayCacheByte
instanceKlass com/sun/marlin/ArrayCacheDouble
instanceKlass com/sun/marlin/ArrayCacheInt
instanceKlass com/sun/marlin/ArrayCacheIntClean
instanceKlass com/sun/marlin/PathSimplifier
instanceKlass com/sun/marlin/CollinearSimplifier
instanceKlass com/sun/marlin/Curve
instanceKlass jdk/internal/math/DoubleToDecimal
instanceKlass  @bci com/sun/marlin/DMarlinRenderingEngine logSettings (Ljava/lang/String;)V 502 <appendix> form vmentry <vmtarget> ; # java/lang/invoke/LambdaForm$MH+0x0000025701240800
# instanceKlass java/lang/invoke/LambdaForm$MH+0x0000025701240400
instanceKlass sun/misc/Unsafe
instanceKlass com/sun/marlin/OffHeapArray$1
instanceKlass com/sun/marlin/OffHeapArray
instanceKlass com/sun/marlin/MergeSort
instanceKlass jdk/internal/math/MathUtils
instanceKlass jdk/internal/math/FloatToDecimal
instanceKlass  @bci com/sun/marlin/DMarlinRenderingEngine logSettings (Ljava/lang/String;)V 272 <appendix> form vmentry <vmtarget> ; # java/lang/invoke/LambdaForm$MH+0x0000025701240000
instanceKlass  @bci com/sun/marlin/MarlinProperties getDouble (Ljava/lang/String;DDD)D 4 <appendix> member <vmtarget> ; # com/sun/marlin/MarlinProperties$$Lambda+0x000002570123df10
instanceKlass com/sun/marlin/Version
instanceKlass jdk/internal/ref/CleanerImpl$InnocuousThreadFactory
instanceKlass  @bci com/sun/marlin/MarlinProperties getString (Ljava/lang/String;Ljava/lang/String;)Ljava/lang/String; 2 <appendix> member <vmtarget> ; # com/sun/marlin/MarlinProperties$$Lambda+0x000002570123db00
instanceKlass com/sun/marlin/FloatMath
instanceKlass  @bci com/sun/marlin/MarlinProperties getInteger (Ljava/lang/String;III)I 1 <appendix> member <vmtarget> ; # com/sun/marlin/MarlinProperties$$Lambda+0x000002570123d6f0
instanceKlass com/sun/marlin/MarlinUtils
instanceKlass com/sun/marlin/Renderer
instanceKlass com/sun/marlin/MarlinRenderer
instanceKlass com/sun/marlin/DPathConsumer2D
instanceKlass  @bci com/sun/marlin/DMarlinRenderingEngine <clinit> ()V 6 <appendix> argL0 ; # com/sun/marlin/DMarlinRenderingEngine$$Lambda+0x000002570123c818
instanceKlass com/sun/util/reentrant/ReentrantContext
instanceKlass com/sun/util/reentrant/ReentrantContextProvider
instanceKlass com/sun/marlin/DMarlinRenderingEngine
instanceKlass com/sun/marlin/MarlinConst
instanceKlass  @bci com/sun/marlin/MarlinProperties getBoolean (Ljava/lang/String;Ljava/lang/String;)Z 2 <appendix> member <vmtarget> ; # com/sun/marlin/MarlinProperties$$Lambda+0x000002570123b390
instanceKlass com/sun/marlin/MarlinProperties
instanceKlass com/sun/marlin/MarlinAlphaConsumer
instanceKlass com/sun/openpisces/AlphaConsumer
instanceKlass com/sun/prism/impl/shape/DMarlinRasterizer
instanceKlass com/sun/prism/impl/shape/ShapeUtil$1
instanceKlass com/sun/prism/impl/shape/ShapeRasterizer
instanceKlass com/sun/prism/impl/shape/ShapeUtil
instanceKlass com/sun/prism/impl/ps/CachingShapeRepState$CSRDisposerRecord
instanceKlass com/sun/prism/impl/ps/CachingShapeRepState$MaskTexData
instanceKlass  @bci com/sun/prism/impl/ps/CachingShapeRepState$MaskCache <clinit> ()V 0 <appendix> argL0 ; # com/sun/prism/impl/ps/CachingShapeRepState$MaskCache$$Lambda+0x0000025701239d20
instanceKlass com/sun/prism/impl/ps/CachingShapeRepState$CacheEntry
instanceKlass com/sun/prism/impl/ps/CachingShapeRepState$MaskCache
instanceKlass com/sun/prism/impl/ps/CachingShapeRepState
instanceKlass com/sun/prism/impl/ps/CachingShapeRep
instanceKlass com/sun/prism/impl/packrect/Level
instanceKlass com/sun/prism/impl/shape/MaskData
instanceKlass com/sun/prism/impl/GlyphCache$GlyphData
instanceKlass com/sun/prism/shader/Solid_TextureSecondPassLCD_Loader
instanceKlass com/sun/prism/shader/Solid_TextureFirstPassLCD_Loader
instanceKlass com/sun/prism/impl/packrect/RectanglePacker
instanceKlass com/sun/prism/impl/GlyphCache
instanceKlass com/sun/prism/PrinterGraphics
instanceKlass com/sun/prism/shader/DrawRoundRect_Color_Loader
instanceKlass com/sun/javafx/geom/transform/AffineBase$1
instanceKlass com/sun/scenario/effect/impl/prism/ps/PPSRenderer$2
instanceKlass com/sun/scenario/effect/impl/prism/ps/PPSRenderer$1
instanceKlass com/sun/scenario/effect/impl/hw/d3d/D3DShaderSource
instanceKlass com/sun/scenario/effect/impl/hw/ShaderSource
instanceKlass com/sun/scenario/effect/FloatMap
instanceKlass com/sun/scenario/effect/impl/EffectPeer
instanceKlass com/sun/prism/ResourceFactoryListener
instanceKlass com/sun/prism/d3d/D3DPipeline$1
instanceKlass com/sun/scenario/effect/impl/prism/PrTexture
instanceKlass com/sun/scenario/effect/impl/PoolFilterable
instanceKlass  @bci com/sun/scenario/effect/impl/RendererFactory createRenderer (Lcom/sun/scenario/effect/FilterContext;)Lcom/sun/scenario/effect/impl/Renderer; 1 <appendix> member <vmtarget> ; # com/sun/scenario/effect/impl/RendererFactory$$Lambda+0x0000025701236f80
instanceKlass com/sun/scenario/effect/impl/RendererFactory
instanceKlass  @bci com/sun/scenario/effect/impl/Renderer <clinit> ()V 11 <appendix> argL0 ; # com/sun/scenario/effect/impl/Renderer$$Lambda+0x0000025701236b78
instanceKlass com/sun/scenario/effect/impl/Renderer
instanceKlass com/sun/javafx/sg/prism/NodeEffectInput$1
instanceKlass com/sun/scenario/effect/ImageData
instanceKlass  @bci com/sun/scenario/effect/impl/state/LinearConvolveRenderState <clinit> ()V 25 <appendix> member <vmtarget> ; # com/sun/scenario/effect/impl/state/LinearConvolveRenderState$$Lambda+0x0000025701235c60
instanceKlass  @cpi com/sun/scenario/effect/impl/state/LinearConvolveRenderState 173 form vmentry <vmtarget> ; # java/lang/invoke/LambdaForm$DMH+0x0000025701231800
instanceKlass  @bci com/sun/scenario/effect/impl/ImagePool <clinit> ()V 0 <appendix> argL0 ; # com/sun/scenario/effect/impl/ImagePool$$Lambda+0x0000025701235a50
instanceKlass com/sun/scenario/effect/impl/ImagePool
instanceKlass com/sun/scenario/effect/impl/prism/PrRenderInfo
instanceKlass com/sun/scenario/effect/ImageDataRenderer
instanceKlass com/sun/javafx/geom/transform/Affine2D$1
instanceKlass com/sun/scenario/effect/impl/prism/PrEffectHelper
# instanceKlass java/lang/invoke/LambdaForm$MH+0x0000025701231400
# instanceKlass java/lang/invoke/LambdaForm$MH+0x0000025701231000
instanceKlass  @bci com/sun/prism/impl/BufferUtil nativeOrder (Ljava/nio/ByteBuffer;)V 12 <appendix> argL0 ; # com/sun/prism/impl/BufferUtil$$Lambda+0x0000025701234b10
instanceKlass com/sun/prism/impl/BufferUtil
instanceKlass com/sun/prism/shader/FillRoundRect_Color_Loader
instanceKlass com/sun/prism/shader/Solid_TextureRGB_Loader
instanceKlass com/sun/prism/impl/ps/BaseShaderContext$1
instanceKlass com/sun/prism/MultiTexture
instanceKlass com/sun/prism/d3d/D3DTexture$1
instanceKlass javafx/util/Pair
instanceKlass com/sun/prism/d3d/D3DContext$1
instanceKlass  @bci jdk/internal/reflect/DirectConstructorHandleAccessor invokeImpl ([Ljava/lang/Object;)Ljava/lang/Object; 88 <adapter> ; # java/lang/invoke/LambdaForm$MH+0x0000025701230c00
# instanceKlass java/lang/invoke/LambdaForm$MH+0x0000025701230800
# instanceKlass java/lang/invoke/LambdaForm$MH+0x0000025701230400
# instanceKlass java/lang/invoke/LambdaForm$MH+0x0000025701230000
instanceKlass com/sun/prism/shader/FillPgram_Color_Loader
instanceKlass  @bci com/sun/prism/d3d/D3DResourceFactory createStockShader (Ljava/lang/String;)Lcom/sun/prism/ps/Shader; 16 <appendix> member <vmtarget> ; # com/sun/prism/d3d/D3DResourceFactory$$Lambda+0x000002570122d1e8
instanceKlass  @bci javafx/animation/Animation$1 timePulse (J)V 39 <adapter> ; # java/lang/invoke/LambdaForm$MH+0x000002570122cc00
instanceKlass  @bci javafx/animation/Animation$1 timePulse (J)V 39 <appendix> form vmentry <vmtarget> ; # java/lang/invoke/LambdaForm$DMH+0x000002570122c800
instanceKlass  @bci javafx/animation/Animation$1 timePulse (J)V 39 <appendix> member <vmtarget> ; # javafx/animation/Animation$1$$Lambda+0x000002570122fc90
instanceKlass com/sun/javafx/geom/transform/Affine3D$1
instanceKlass  @bci com/sun/scenario/animation/AnimationPulse$PulseData <clinit> ()V 56 <appendix> argL0 ; # com/sun/scenario/animation/AnimationPulse$PulseData$$Lambda+0x000002570122f650
instanceKlass  @bci com/sun/scenario/animation/AnimationPulse$PulseData <clinit> ()V 48 <appendix> argL0 ; # com/sun/scenario/animation/AnimationPulse$PulseData$$Lambda+0x000002570122f440
instanceKlass  @bci com/sun/scenario/animation/AnimationPulse$PulseData <clinit> ()V 40 <appendix> argL0 ; # com/sun/scenario/animation/AnimationPulse$PulseData$$Lambda+0x000002570122f230
instanceKlass  @bci com/sun/scenario/animation/AnimationPulse$PulseData <clinit> ()V 32 <appendix> argL0 ; # com/sun/scenario/animation/AnimationPulse$PulseData$$Lambda+0x000002570122f020
instanceKlass com/sun/prism/impl/BaseGraphicsResource
instanceKlass  @bci com/sun/scenario/animation/AnimationPulse$PulseData <clinit> ()V 24 <appendix> argL0 ; # com/sun/scenario/animation/AnimationPulse$PulseData$$Lambda+0x000002570122e630
instanceKlass  @bci com/sun/scenario/animation/AnimationPulse$PulseData <clinit> ()V 16 <appendix> argL0 ; # com/sun/scenario/animation/AnimationPulse$PulseData$$Lambda+0x000002570122e420
instanceKlass  @bci com/sun/scenario/animation/AnimationPulse$PulseData <clinit> ()V 8 <appendix> argL0 ; # com/sun/scenario/animation/AnimationPulse$PulseData$$Lambda+0x000002570122e210
instanceKlass  @bci com/sun/scenario/animation/AnimationPulse$PulseData <clinit> ()V 0 <appendix> argL0 ; # com/sun/scenario/animation/AnimationPulse$PulseData$$Lambda+0x000002570122e000
instanceKlass  @cpi com/sun/scenario/animation/AnimationPulse$PulseData 164 form vmentry <vmtarget> ; # java/lang/invoke/LambdaForm$DMH+0x000002570122c400
# instanceKlass java/lang/invoke/LambdaForm$DMH+0x000002570122c000
instanceKlass  @bci com/sun/prism/impl/ps/BaseShaderGraphics <clinit> ()V 30 <appendix> argL0 ; # com/sun/prism/impl/ps/BaseShaderGraphics$$Lambda+0x000002570122b858
instanceKlass com/sun/scenario/animation/AnimationPulse$PulseData
instanceKlass com/sun/scenario/animation/AnimationPulse$PulseData$Accessor
instanceKlass java/util/concurrent/ConcurrentLinkedQueue$Node
instanceKlass com/sun/scenario/animation/AnimationPulse$AnimationPulseHolder
instanceKlass com/sun/scenario/animation/AnimationPulse
instanceKlass com/sun/scenario/animation/AnimationPulseMBean
instanceKlass com/sun/prism/impl/Disposer$Target
instanceKlass  @bci javafx/scene/Node buildEventDispatchChain (Ljavafx/event/EventDispatchChain;)Ljavafx/event/EventDispatchChain; 9 <appendix> member <vmtarget> ; # javafx/scene/Node$$Lambda+0x0000025701228fb8
instanceKlass com/sun/prism/impl/Disposer
instanceKlass java/util/EnumMap$EnumMapIterator
instanceKlass com/sun/prism/impl/PrismTrace
instanceKlass com/sun/prism/d3d/D3DResource$D3DRecord
instanceKlass com/sun/javafx/scene/input/PickResultChooser
instanceKlass com/sun/prism/impl/Disposer$Record
instanceKlass com/sun/javafx/geom/PickRay
instanceKlass com/sun/prism/impl/BaseTexture
instanceKlass com/sun/prism/d3d/D3DContextSource
instanceKlass com/sun/javafx/scene/input/InputEventUtils
instanceKlass com/sun/prism/ReadbackRenderTarget
instanceKlass com/sun/prism/d3d/D3DRenderTarget
instanceKlass javafx/scene/input/PickResult
instanceKlass javafx/scene/input/MouseEvent$Flags
instanceKlass  @bci com/sun/javafx/tk/quantum/GlassViewEventHandler handleMouseEvent (Lcom/sun/glass/ui/View;JIIIIIIIZZ)V 98 <appendix> member <vmtarget> ; # com/sun/javafx/tk/quantum/GlassViewEventHandler$$Lambda+0x0000025701227298
instanceKlass com/sun/prism/impl/BaseResourcePool$WeakLinkedList
instanceKlass  @bci com/sun/prism/impl/BaseResourcePool <clinit> ()V 110 <appendix> argL0 ; # com/sun/prism/impl/BaseResourcePool$$Lambda+0x0000025701226a50
instanceKlass  @bci com/sun/prism/impl/BaseResourcePool <clinit> ()V 92 <appendix> argL0 ; # com/sun/prism/impl/BaseResourcePool$$Lambda+0x0000025701226840
instanceKlass  @bci com/sun/prism/impl/BaseResourcePool <clinit> ()V 74 <appendix> argL0 ; # com/sun/prism/impl/BaseResourcePool$$Lambda+0x0000025701226630
instanceKlass  @bci com/sun/prism/impl/BaseResourcePool <clinit> ()V 56 <appendix> argL0 ; # com/sun/prism/impl/BaseResourcePool$$Lambda+0x0000025701226420
instanceKlass  @bci com/sun/prism/impl/BaseResourcePool <clinit> ()V 38 <appendix> argL0 ; # com/sun/prism/impl/BaseResourcePool$$Lambda+0x0000025701226210
instanceKlass  @bci com/sun/prism/impl/BaseResourcePool <clinit> ()V 20 <appendix> argL0 ; # com/sun/prism/impl/BaseResourcePool$$Lambda+0x0000025701226000
instanceKlass  @cpi com/sun/prism/impl/BaseResourcePool 453 form vmentry <vmtarget> ; # java/lang/invoke/LambdaForm$DMH+0x0000025701224000
instanceKlass com/sun/prism/impl/ManagedResource
instanceKlass com/sun/prism/impl/BaseResourcePool$Predicate
instanceKlass com/sun/prism/impl/BaseResourcePool
instanceKlass com/sun/glass/ui/Size
instanceKlass com/sun/javafx/tk/quantum/CursorUtils$1
instanceKlass com/sun/javafx/tk/quantum/CursorUtils
instanceKlass com/sun/javafx/geom/Path2D$SVGParser
instanceKlass com/sun/javafx/sg/prism/EffectFilter
instanceKlass com/sun/scenario/effect/GaussianShadow$1
instanceKlass com/sun/javafx/tk/Toolkit$1
instanceKlass com/sun/scenario/effect/impl/state/LinearConvolveRenderState
instanceKlass com/sun/scenario/effect/Color4f
instanceKlass com/sun/scenario/effect/impl/state/LinearConvolveKernel
instanceKlass com/sun/scenario/effect/impl/state/RenderState
instanceKlass com/sun/prism/image/CompoundImage
instanceKlass  @bci com/sun/javafx/tk/quantum/ViewScene setCursor (Ljava/lang/Object;)V 7 <appendix> member <vmtarget> ; # com/sun/javafx/tk/quantum/ViewScene$$Lambda+0x000002570121d608
instanceKlass javafx/scene/effect/Effect$2
instanceKlass javafx/scene/control/TextInputControl$TextInputControlFromatterAccessor
instanceKlass javafx/scene/control/TextFormatter$Change
instanceKlass javafx/animation/Animation$7
instanceKlass com/sun/javafx/scene/traversal/TabOrderHelper
instanceKlass  @bci com/sun/javafx/tk/Toolkit runPulse (Lcom/sun/javafx/tk/TKPulseListener;Ljava/security/AccessControlContext;)V 15 <appendix> member <vmtarget> ; # com/sun/javafx/tk/Toolkit$$Lambda+0x000002570121edf8
instanceKlass com/sun/javafx/tk/quantum/PixelUtils
instanceKlass com/sun/javafx/image/impl/IntArgbPre$Accessor
instanceKlass com/sun/javafx/image/impl/IntArgbPre
instanceKlass com/sun/javafx/image/impl/IntArgb$Accessor
instanceKlass com/sun/javafx/image/IntPixelAccessor
instanceKlass com/sun/javafx/image/IntToBytePixelConverter
instanceKlass com/sun/javafx/image/IntPixelSetter
instanceKlass com/sun/javafx/image/IntPixelGetter
instanceKlass com/sun/javafx/image/impl/IntArgb
instanceKlass com/sun/javafx/image/impl/BaseByteToIntConverter
instanceKlass com/sun/javafx/image/ByteToIntPixelConverter
instanceKlass com/sun/javafx/iio/common/SmoothMinifier
instanceKlass com/sun/javafx/iio/common/PushbroomScaler
instanceKlass com/sun/javafx/iio/common/ScalerFactory
instanceKlass  @bci com/sun/javafx/tk/Toolkit notifyWindowListeners (Ljava/util/List;)V 74 <appendix> member <vmtarget> ; # com/sun/javafx/tk/Toolkit$$Lambda+0x000002570121a790
instanceKlass  @bci javafx/scene/control/Tooltip$TooltipBehavior <init> (Z)V 109 <appendix> form vmentry <vmtarget> ; # java/lang/invoke/LambdaForm$DMH+0x000002570121c400
instanceKlass  @bci com/sun/javafx/tk/quantum/WindowStage setVisible (Z)V 102 <appendix> member <vmtarget> ; # com/sun/javafx/tk/quantum/WindowStage$$Lambda+0x000002570121a578
instanceKlass  @bci com/sun/javafx/tk/quantum/GlassViewEventHandler$ViewEventNotification run ()Ljava/lang/Void; 298 <appendix> member <vmtarget> ; # com/sun/javafx/tk/quantum/GlassViewEventHandler$ViewEventNotification$$Lambda+0x000002570121a360
instanceKlass  @bci com/sun/javafx/tk/quantum/GlassWindowEventHandler handleWindowEvent (Lcom/sun/glass/ui/Window;JI)V 12 <appendix> member <vmtarget> ; # com/sun/javafx/tk/quantum/GlassWindowEventHandler$$Lambda+0x000002570121a148
instanceKlass com/sun/javafx/scene/control/skin/Utils$2
# instanceKlass java/lang/invoke/LambdaForm$MH+0x000002570121c000
instanceKlass com/sun/javafx/scene/control/behavior/MnemonicInfo
instanceKlass javafx/scene/layout/Region$12
instanceKlass javafx/scene/Parent$5
instanceKlass javafx/scene/shape/SVGPath$1
instanceKlass com/sun/javafx/scene/shape/SVGPathHelper$SVGPathAccessor
instanceKlass  @bci javafx/scene/control/skin/ButtonSkin <init> (Ljavafx/scene/control/Button;)V 110 <appendix> member <vmtarget> ; # javafx/scene/control/skin/ButtonSkin$$Lambda+0x00000257012168c0
instanceKlass  @bci javafx/scene/control/skin/ButtonSkin <init> (Ljavafx/scene/control/Button;)V 96 <appendix> member <vmtarget> ; # javafx/scene/control/skin/ButtonSkin$$Lambda+0x0000025701216698
instanceKlass  @bci javafx/scene/control/skin/ButtonSkin <init> (Ljavafx/scene/control/Button;)V 82 <appendix> member <vmtarget> ; # javafx/scene/control/skin/ButtonSkin$$Lambda+0x0000025701216470
instanceKlass  @bci javafx/scene/control/skin/ButtonSkin <init> (Ljavafx/scene/control/Button;)V 68 <appendix> member <vmtarget> ; # javafx/scene/control/skin/ButtonSkin$$Lambda+0x0000025701216248
instanceKlass  @bci com/sun/javafx/scene/control/behavior/ButtonBehavior <init> (Ljavafx/scene/control/ButtonBase;)V 225 <appendix> argL0 ; # com/sun/javafx/scene/control/behavior/ButtonBehavior$$Lambda+0x0000025701216008
instanceKlass  @bci com/sun/javafx/scene/control/behavior/ButtonBehavior <init> (Ljavafx/scene/control/ButtonBase;)V 220 <appendix> member <vmtarget> ; # com/sun/javafx/scene/control/behavior/ButtonBehavior$$Lambda+0x0000025701215df0
instanceKlass  @bci com/sun/javafx/scene/control/behavior/ButtonBehavior <init> (Ljavafx/scene/control/ButtonBase;)V 190 <appendix> argL0 ; # com/sun/javafx/scene/control/behavior/ButtonBehavior$$Lambda+0x0000025701215bb0
instanceKlass  @bci com/sun/javafx/scene/control/behavior/ButtonBehavior <init> (Ljavafx/scene/control/ButtonBase;)V 185 <appendix> member <vmtarget> ; # com/sun/javafx/scene/control/behavior/ButtonBehavior$$Lambda+0x0000025701215998
instanceKlass  @bci com/sun/javafx/scene/control/behavior/ButtonBehavior <init> (Ljavafx/scene/control/ButtonBase;)V 155 <appendix> member <vmtarget> ; # com/sun/javafx/scene/control/behavior/ButtonBehavior$$Lambda+0x0000025701215780
instanceKlass  @bci com/sun/javafx/scene/control/behavior/ButtonBehavior <init> (Ljavafx/scene/control/ButtonBase;)V 136 <appendix> member <vmtarget> ; # com/sun/javafx/scene/control/behavior/ButtonBehavior$$Lambda+0x0000025701215568
instanceKlass  @bci com/sun/javafx/scene/control/behavior/ButtonBehavior <init> (Ljavafx/scene/control/ButtonBase;)V 117 <appendix> member <vmtarget> ; # com/sun/javafx/scene/control/behavior/ButtonBehavior$$Lambda+0x0000025701215350
instanceKlass  @bci com/sun/javafx/scene/control/behavior/ButtonBehavior <init> (Ljavafx/scene/control/ButtonBase;)V 98 <appendix> member <vmtarget> ; # com/sun/javafx/scene/control/behavior/ButtonBehavior$$Lambda+0x0000025701215138
instanceKlass  @bci com/sun/javafx/scene/control/behavior/ButtonBehavior <init> (Ljavafx/scene/control/ButtonBase;)V 79 <appendix> member <vmtarget> ; # com/sun/javafx/scene/control/behavior/ButtonBehavior$$Lambda+0x0000025701214f20
instanceKlass  @bci com/sun/javafx/scene/control/behavior/ButtonBehavior <init> (Ljavafx/scene/control/ButtonBase;)V 57 <appendix> member <vmtarget> ; # com/sun/javafx/scene/control/behavior/ButtonBehavior$$Lambda+0x0000025701214d08
instanceKlass  @bci com/sun/javafx/scene/control/behavior/FocusTraversalInputMap <clinit> ()V 321 <appendix> argL0 ; # com/sun/javafx/scene/control/behavior/FocusTraversalInputMap$$Lambda+0x0000025701214af8
instanceKlass  @bci com/sun/javafx/scene/control/behavior/FocusTraversalInputMap <clinit> ()V 289 <appendix> argL0 ; # com/sun/javafx/scene/control/behavior/FocusTraversalInputMap$$Lambda+0x00000257012148e8
instanceKlass  @bci com/sun/javafx/scene/control/behavior/FocusTraversalInputMap <clinit> ()V 254 <appendix> argL0 ; # com/sun/javafx/scene/control/behavior/FocusTraversalInputMap$$Lambda+0x00000257012146d8
instanceKlass  @bci com/sun/javafx/scene/control/behavior/FocusTraversalInputMap <clinit> ()V 219 <appendix> argL0 ; # com/sun/javafx/scene/control/behavior/FocusTraversalInputMap$$Lambda+0x00000257012144c8
instanceKlass  @bci com/sun/javafx/scene/control/behavior/FocusTraversalInputMap <clinit> ()V 184 <appendix> argL0 ; # com/sun/javafx/scene/control/behavior/FocusTraversalInputMap$$Lambda+0x00000257012142b8
instanceKlass  @bci com/sun/javafx/scene/control/behavior/FocusTraversalInputMap <clinit> ()V 149 <appendix> argL0 ; # com/sun/javafx/scene/control/behavior/FocusTraversalInputMap$$Lambda+0x00000257012140a8
instanceKlass  @bci com/sun/javafx/scene/control/behavior/FocusTraversalInputMap <clinit> ()V 114 <appendix> argL0 ; # com/sun/javafx/scene/control/behavior/FocusTraversalInputMap$$Lambda+0x0000025701213e98
instanceKlass  @bci com/sun/javafx/scene/control/behavior/FocusTraversalInputMap <clinit> ()V 86 <appendix> argL0 ; # com/sun/javafx/scene/control/behavior/FocusTraversalInputMap$$Lambda+0x0000025701213c88
instanceKlass  @bci com/sun/javafx/scene/control/behavior/FocusTraversalInputMap <clinit> ()V 68 <appendix> argL0 ; # com/sun/javafx/scene/control/behavior/FocusTraversalInputMap$$Lambda+0x0000025701213a78
instanceKlass  @bci com/sun/javafx/scene/control/behavior/FocusTraversalInputMap <clinit> ()V 50 <appendix> argL0 ; # com/sun/javafx/scene/control/behavior/FocusTraversalInputMap$$Lambda+0x0000025701213868
instanceKlass  @bci com/sun/javafx/scene/control/behavior/FocusTraversalInputMap <clinit> ()V 32 <appendix> argL0 ; # com/sun/javafx/scene/control/behavior/FocusTraversalInputMap$$Lambda+0x0000025701213658
instanceKlass  @bci com/sun/javafx/scene/control/behavior/FocusTraversalInputMap <clinit> ()V 14 <appendix> argL0 ; # com/sun/javafx/scene/control/behavior/FocusTraversalInputMap$$Lambda+0x0000025701213448
instanceKlass  @bci com/sun/javafx/scene/control/behavior/ButtonBehavior <init> (Ljavafx/scene/control/ButtonBase;)V 7 <appendix> member <vmtarget> ; # com/sun/javafx/scene/control/behavior/ButtonBehavior$$Lambda+0x0000025701213230
instanceKlass  @bci javafx/scene/control/skin/ButtonSkin <init> (Ljavafx/scene/control/Button;)V 27 <appendix> member <vmtarget> ; # javafx/scene/control/skin/ButtonSkin$$Lambda+0x0000025701213018
instanceKlass  @bci javafx/scene/control/skin/ButtonSkin <init> (Ljavafx/scene/control/Button;)V 17 <appendix> member <vmtarget> ; # javafx/scene/control/skin/ButtonSkin$$Lambda+0x0000025701212e00
instanceKlass  @bci javafx/scene/control/skin/ButtonSkin <init> (Ljavafx/scene/control/Button;)V 7 <appendix> member <vmtarget> ; # javafx/scene/control/skin/ButtonSkin$$Lambda+0x0000025701212be8
instanceKlass com/sun/javafx/font/directwrite/DWRITE_GLYPH_RUN
instanceKlass com/sun/javafx/font/directwrite/RECT
instanceKlass com/sun/javafx/font/directwrite/D2D1_MATRIX_3X2_F
instanceKlass com/sun/javafx/font/directwrite/D2D1_COLOR_F
instanceKlass com/sun/javafx/font/directwrite/DWGlyph
instanceKlass com/sun/javafx/font/Glyph
instanceKlass java/lang/FdLibm
instanceKlass java/lang/FdLibm$Hypot
instanceKlass com/sun/javafx/geom/Path2D$Iterator
instanceKlass com/sun/javafx/scene/shape/PathUtils
instanceKlass javafx/scene/control/skin/TextFieldSkin$8
instanceKlass javafx/scene/paint/Stop
instanceKlass javafx/scene/control/skin/TextInputControlSkin$StyleableProperties
instanceKlass javafx/scene/control/skin/TextInputControlSkin$6
instanceKlass com/sun/javafx/scene/EventHandlerProperties
instanceKlass  @bci javafx/scene/control/skin/TextFieldSkin <init> (Ljavafx/scene/control/TextField;)V 786 <appendix> member <vmtarget> ; # javafx/scene/control/skin/TextFieldSkin$$Lambda+0x000002570120a440
instanceKlass  @bci javafx/scene/control/skin/TextFieldSkin <init> (Ljavafx/scene/control/TextField;)V 755 <appendix> member <vmtarget> ; # javafx/scene/control/skin/TextFieldSkin$$Lambda+0x000002570120a218
instanceKlass  @bci javafx/scene/control/skin/TextFieldSkin <init> (Ljavafx/scene/control/TextField;)V 741 <appendix> member <vmtarget> ; # javafx/scene/control/skin/TextFieldSkin$$Lambda+0x000002570120a000
instanceKlass  @bci javafx/scene/control/skin/TextFieldSkin <init> (Ljavafx/scene/control/TextField;)V 715 <appendix> member <vmtarget> ; # javafx/scene/control/skin/TextFieldSkin$$Lambda+0x000002570120f9a0
instanceKlass  @bci javafx/scene/control/skin/TextFieldSkin <init> (Ljavafx/scene/control/TextField;)V 688 <appendix> member <vmtarget> ; # javafx/scene/control/skin/TextFieldSkin$$Lambda+0x000002570120f778
instanceKlass  @bci javafx/scene/control/skin/TextFieldSkin <init> (Ljavafx/scene/control/TextField;)V 674 <appendix> member <vmtarget> ; # javafx/scene/control/skin/TextFieldSkin$$Lambda+0x000002570120f550
instanceKlass  @bci javafx/scene/control/skin/TextFieldSkin <init> (Ljavafx/scene/control/TextField;)V 659 <appendix> member <vmtarget> ; # javafx/scene/control/skin/TextFieldSkin$$Lambda+0x000002570120f338
instanceKlass javafx/scene/shape/LineTo$1
instanceKlass com/sun/javafx/scene/shape/LineToHelper$LineToAccessor
instanceKlass com/sun/javafx/util/WeakReferenceQueue$1
instanceKlass javafx/scene/shape/MoveTo$1
instanceKlass com/sun/javafx/scene/shape/PathElementHelper
instanceKlass javafx/scene/shape/PathElement$1
instanceKlass com/sun/javafx/scene/shape/MoveToHelper$MoveToAccessor
instanceKlass com/sun/javafx/scene/shape/PathElementHelper$PathElementAccessor
instanceKlass javafx/scene/text/Text$10
instanceKlass com/sun/javafx/font/directwrite/DWRITE_GLYPH_METRICS
instanceKlass com/sun/javafx/text/TextLine
instanceKlass com/sun/javafx/font/PrismMetrics
instanceKlass com/sun/javafx/text/LayoutCache
instanceKlass com/sun/javafx/text/ScriptMapper
# instanceKlass java/lang/invoke/LambdaForm$MH+0x0000025701209c00
# instanceKlass java/lang/invoke/LambdaForm$MH+0x0000025701209800
# instanceKlass java/lang/invoke/LambdaForm$DMH+0x0000025701209400
# instanceKlass java/lang/invoke/LambdaForm$MH+0x0000025701209000
# instanceKlass java/lang/invoke/LambdaForm$DMH+0x0000025701208c00
instanceKlass java/lang/invoke/ClassSpecializer$Factory$1Var
# instanceKlass java/lang/invoke/LambdaForm$DMH+0x0000025701208800
instanceKlass sun/invoke/util/ValueConversions$1
instanceKlass sun/invoke/util/ValueConversions$WrapperCache
# instanceKlass java/lang/invoke/LambdaForm$MH+0x0000025701208400
instanceKlass  @cpi javafx/scene/control/TableView$TableViewArrayListSelectionModel 617 form vmentry <vmtarget> ; # java/lang/invoke/LambdaForm$DMH+0x0000025701208000
instanceKlass com/sun/javafx/font/CMap
instanceKlass jdk/internal/icu/text/BidiLine
instanceKlass jdk/internal/icu/text/UTF16
instanceKlass jdk/internal/icu/impl/Trie2$UTrie2Header
instanceKlass jdk/internal/icu/impl/Trie2$1
instanceKlass jdk/internal/icu/impl/Trie2$ValueMapper
instanceKlass jdk/internal/icu/impl/Trie2
instanceKlass jdk/internal/icu/impl/UBiDiProps$IsAcceptable
instanceKlass jdk/internal/icu/impl/ICUBinary$Authenticate
instanceKlass  @bci jdk/internal/module/SystemModuleFinders$SystemModuleReader open (Ljava/lang/String;)Ljava/util/Optional; 6 <appendix> member <vmtarget> ; # jdk/internal/module/SystemModuleFinders$SystemModuleReader$$Lambda+0x00000257010724e0
instanceKlass jdk/internal/icu/impl/ICUBinary$1
instanceKlass jdk/internal/icu/impl/ICUBinary
instanceKlass jdk/internal/icu/impl/UBiDiProps
instanceKlass jdk/internal/icu/text/BidiBase$Point
instanceKlass jdk/internal/icu/text/BidiBase$InsertPoints
instanceKlass jdk/internal/icu/text/BidiRun
instanceKlass jdk/internal/icu/text/BidiBase$ImpTabPair
instanceKlass jdk/internal/icu/text/BidiBase
instanceKlass java/text/Bidi
instanceKlass com/sun/javafx/text/TextRun
instanceKlass javafx/scene/shape/Shape$StrokeAttributes
instanceKlass  @bci javafx/scene/control/skin/TextFieldSkin <init> (Ljavafx/scene/control/TextField;)V 566 <appendix> member <vmtarget> ; # javafx/scene/control/skin/TextFieldSkin$$Lambda+0x0000025701200000
instanceKlass javafx/beans/binding/Bindings$ShortCircuitAndInvalidator
instanceKlass javafx/beans/value/ObservableLongValue
instanceKlass javafx/beans/value/ObservableFloatValue
instanceKlass javafx/beans/binding/Bindings
instanceKlass  @bci com/sun/javafx/scene/control/LambdaMultiplePropertyChangeListenerHandler registerInvalidationListener (Ljavafx/beans/Observable;Ljava/util/function/Consumer;)V 38 <appendix> argL0 ; # com/sun/javafx/scene/control/LambdaMultiplePropertyChangeListenerHandler$$Lambda+0x00000257011d5630
instanceKlass  @bci javafx/scene/control/skin/TextFieldSkin <init> (Ljavafx/scene/control/TextField;)V 477 <appendix> member <vmtarget> ; # javafx/scene/control/skin/TextFieldSkin$$Lambda+0x00000257011d5408
instanceKlass javafx/beans/property/StringPropertyBase$Listener
instanceKlass javafx/scene/shape/Rectangle$StyleableProperties
instanceKlass javafx/scene/Group$1
instanceKlass com/sun/javafx/scene/GroupHelper$GroupAccessor
instanceKlass  @bci javafx/scene/control/skin/TextFieldSkin <init> (Ljavafx/scene/control/TextField;)V 136 <appendix> member <vmtarget> ; # javafx/scene/control/skin/TextFieldSkin$$Lambda+0x00000257011d3300
instanceKlass  @bci javafx/scene/control/skin/TextFieldSkin <init> (Ljavafx/scene/control/TextField;)V 122 <appendix> member <vmtarget> ; # javafx/scene/control/skin/TextFieldSkin$$Lambda+0x00000257011d30d8
instanceKlass  @bci com/sun/javafx/scene/control/behavior/TextFieldBehavior <init> (Ljavafx/scene/control/TextField;)V 94 <appendix> member <vmtarget> ; # com/sun/javafx/scene/control/behavior/TextFieldBehavior$$Lambda+0x00000257011d2ec0
instanceKlass  @bci com/sun/javafx/scene/control/behavior/TextFieldBehavior <init> (Ljavafx/scene/control/TextField;)V 69 <appendix> member <vmtarget> ; # com/sun/javafx/scene/control/behavior/TextFieldBehavior$$Lambda+0x00000257011d2ca8
instanceKlass  @cpi com/example/TableUtils$EnhancedTable 759 form vmentry <vmtarget> ; # java/lang/invoke/LambdaForm$DMH+0x00000257011d4000
instanceKlass  @bci com/sun/javafx/scene/control/behavior/TextFieldBehavior <init> (Ljavafx/scene/control/TextField;)V 43 <appendix> member <vmtarget> ; # com/sun/javafx/scene/control/behavior/TextFieldBehavior$$Lambda+0x00000257011d2a90
instanceKlass javafx/stage/PopupWindow$3
instanceKlass com/sun/javafx/util/TempState
instanceKlass  @bci javafx/stage/PopupWindow <init> ()V 29 <appendix> member <vmtarget> ; # javafx/stage/PopupWindow$$Lambda+0x00000257011d0e60
instanceKlass javafx/stage/PopupWindow$2
instanceKlass  @bci java/util/regex/CharPredicates ASCII_SPACE ()Ljava/util/regex/Pattern$BmpCharPredicate; 0 <appendix> argL0 ; # java/util/regex/CharPredicates$$Lambda+0x800000027
instanceKlass javafx/stage/PopupWindow$1
instanceKlass com/sun/javafx/stage/PopupWindowHelper$PopupWindowAccessor
instanceKlass  @bci com/sun/javafx/binding/ExpressionHelperBase trim (I[Ljava/lang/Object;)I 0 <appendix> argL0 ; # com/sun/javafx/binding/ExpressionHelperBase$$Lambda+0x00000257011c96e8
instanceKlass com/sun/javafx/scene/control/behavior/TextInputControlBehavior$2
instanceKlass  @bci com/sun/javafx/scene/control/behavior/TextInputControlBehavior <init> (Ljavafx/scene/control/TextInputControl;)V 2061 <appendix> member <vmtarget> ; # com/sun/javafx/scene/control/behavior/TextInputControlBehavior$$Lambda+0x00000257011c92d8
instanceKlass  @bci com/sun/javafx/scene/control/behavior/TextInputControlBehavior <init> (Ljavafx/scene/control/TextInputControl;)V 2031 <appendix> member <vmtarget> ; # com/sun/javafx/scene/control/behavior/TextInputControlBehavior$$Lambda+0x00000257011c90c0
instanceKlass  @bci com/sun/javafx/scene/control/behavior/TextInputControlBehavior <init> (Ljavafx/scene/control/TextInputControl;)V 1999 <appendix> member <vmtarget> ; # com/sun/javafx/scene/control/behavior/TextInputControlBehavior$$Lambda+0x00000257011c8ea8
instanceKlass  @bci com/sun/javafx/scene/control/behavior/TextInputControlBehavior <init> (Ljavafx/scene/control/TextInputControl;)V 1968 <appendix> member <vmtarget> ; # com/sun/javafx/scene/control/behavior/TextInputControlBehavior$$Lambda+0x00000257011c8c90
instanceKlass  @bci com/sun/javafx/scene/control/behavior/TextInputControlBehavior <init> (Ljavafx/scene/control/TextInputControl;)V 1941 <appendix> member <vmtarget> ; # com/sun/javafx/scene/control/behavior/TextInputControlBehavior$$Lambda+0x00000257011c8a78
instanceKlass  @bci com/sun/javafx/scene/control/behavior/TextInputControlBehavior <init> (Ljavafx/scene/control/TextInputControl;)V 1914 <appendix> member <vmtarget> ; # com/sun/javafx/scene/control/behavior/TextInputControlBehavior$$Lambda+0x00000257011c8860
instanceKlass  @bci com/sun/javafx/scene/control/behavior/TextInputControlBehavior <init> (Ljavafx/scene/control/TextInputControl;)V 1887 <appendix> member <vmtarget> ; # com/sun/javafx/scene/control/behavior/TextInputControlBehavior$$Lambda+0x00000257011c8648
instanceKlass  @bci com/sun/javafx/scene/control/behavior/TextInputControlBehavior <init> (Ljavafx/scene/control/TextInputControl;)V 1861 <appendix> member <vmtarget> ; # com/sun/javafx/scene/control/behavior/TextInputControlBehavior$$Lambda+0x00000257011c8430
instanceKlass  @bci com/sun/javafx/scene/control/behavior/TextInputControlBehavior <init> (Ljavafx/scene/control/TextInputControl;)V 1835 <appendix> member <vmtarget> ; # com/sun/javafx/scene/control/behavior/TextInputControlBehavior$$Lambda+0x00000257011c8218
instanceKlass  @bci com/sun/javafx/scene/control/behavior/TextInputControlBehavior <init> (Ljavafx/scene/control/TextInputControl;)V 1809 <appendix> member <vmtarget> ; # com/sun/javafx/scene/control/behavior/TextInputControlBehavior$$Lambda+0x00000257011c8000
instanceKlass  @bci com/sun/javafx/scene/control/behavior/TextInputControlBehavior <init> (Ljavafx/scene/control/TextInputControl;)V 1783 <appendix> member <vmtarget> ; # com/sun/javafx/scene/control/behavior/TextInputControlBehavior$$Lambda+0x00000257011c7de0
instanceKlass  @bci com/sun/javafx/scene/control/behavior/TextInputControlBehavior <init> (Ljavafx/scene/control/TextInputControl;)V 1757 <appendix> member <vmtarget> ; # com/sun/javafx/scene/control/behavior/TextInputControlBehavior$$Lambda+0x00000257011c7bc8
instanceKlass  @bci com/sun/javafx/scene/control/behavior/TextInputControlBehavior <init> (Ljavafx/scene/control/TextInputControl;)V 1722 <appendix> argL0 ; # com/sun/javafx/scene/control/behavior/TextInputControlBehavior$$Lambda+0x00000257011c7988
instanceKlass  @bci com/sun/javafx/scene/control/behavior/BehaviorBase addDefaultChildMap (Lcom/sun/javafx/scene/control/inputmap/InputMap;Lcom/sun/javafx/scene/control/inputmap/InputMap;)V 17 <appendix> member <vmtarget> ; # com/sun/javafx/scene/control/behavior/BehaviorBase$$Lambda+0x00000257011c7770
instanceKlass  @bci com/sun/javafx/scene/control/inputmap/InputMap reprocessAllMappings ()V 14 <appendix> member <vmtarget> ; # com/sun/javafx/scene/control/inputmap/InputMap$$Lambda+0x00000257011c7548
instanceKlass  @bci com/sun/javafx/scene/control/behavior/TextInputControlBehavior <init> (Ljavafx/scene/control/TextInputControl;)V 1685 <appendix> member <vmtarget> ; # com/sun/javafx/scene/control/behavior/TextInputControlBehavior$$Lambda+0x00000257011c7330
instanceKlass  @bci com/sun/javafx/scene/control/behavior/TextInputControlBehavior <init> (Ljavafx/scene/control/TextInputControl;)V 1655 <appendix> member <vmtarget> ; # com/sun/javafx/scene/control/behavior/TextInputControlBehavior$$Lambda+0x00000257011c7118
instanceKlass  @bci com/sun/javafx/scene/control/behavior/TextInputControlBehavior <init> (Ljavafx/scene/control/TextInputControl;)V 1625 <appendix> member <vmtarget> ; # com/sun/javafx/scene/control/behavior/TextInputControlBehavior$$Lambda+0x00000257011c6f00
instanceKlass  @bci com/sun/javafx/scene/control/behavior/TextInputControlBehavior <init> (Ljavafx/scene/control/TextInputControl;)V 1595 <appendix> member <vmtarget> ; # com/sun/javafx/scene/control/behavior/TextInputControlBehavior$$Lambda+0x00000257011c6ce8
instanceKlass  @bci com/sun/javafx/scene/control/behavior/TextInputControlBehavior <init> (Ljavafx/scene/control/TextInputControl;)V 1565 <appendix> member <vmtarget> ; # com/sun/javafx/scene/control/behavior/TextInputControlBehavior$$Lambda+0x00000257011c6ad0
instanceKlass  @bci com/sun/javafx/scene/control/behavior/TextInputControlBehavior <init> (Ljavafx/scene/control/TextInputControl;)V 1535 <appendix> member <vmtarget> ; # com/sun/javafx/scene/control/behavior/TextInputControlBehavior$$Lambda+0x00000257011c68b8
instanceKlass  @bci com/sun/javafx/scene/control/behavior/TextInputControlBehavior <init> (Ljavafx/scene/control/TextInputControl;)V 1508 <appendix> member <vmtarget> ; # com/sun/javafx/scene/control/behavior/TextInputControlBehavior$$Lambda+0x00000257011c66a0
instanceKlass  @bci com/sun/javafx/scene/control/behavior/TextInputControlBehavior <init> (Ljavafx/scene/control/TextInputControl;)V 1481 <appendix> member <vmtarget> ; # com/sun/javafx/scene/control/behavior/TextInputControlBehavior$$Lambda+0x00000257011c6488
instanceKlass  @bci com/sun/javafx/scene/control/behavior/TextInputControlBehavior <init> (Ljavafx/scene/control/TextInputControl;)V 1454 <appendix> member <vmtarget> ; # com/sun/javafx/scene/control/behavior/TextInputControlBehavior$$Lambda+0x00000257011c6270
instanceKlass  @bci com/sun/javafx/scene/control/behavior/TextInputControlBehavior <init> (Ljavafx/scene/control/TextInputControl;)V 1428 <appendix> member <vmtarget> ; # com/sun/javafx/scene/control/behavior/TextInputControlBehavior$$Lambda+0x00000257011c6058
instanceKlass  @bci com/sun/javafx/scene/control/behavior/TextInputControlBehavior <init> (Ljavafx/scene/control/TextInputControl;)V 1402 <appendix> member <vmtarget> ; # com/sun/javafx/scene/control/behavior/TextInputControlBehavior$$Lambda+0x00000257011c5e40
instanceKlass  @bci com/sun/javafx/scene/control/behavior/TextInputControlBehavior <init> (Ljavafx/scene/control/TextInputControl;)V 1376 <appendix> member <vmtarget> ; # com/sun/javafx/scene/control/behavior/TextInputControlBehavior$$Lambda+0x00000257011c5c28
instanceKlass  @bci com/sun/javafx/scene/control/behavior/TextInputControlBehavior <init> (Ljavafx/scene/control/TextInputControl;)V 1350 <appendix> member <vmtarget> ; # com/sun/javafx/scene/control/behavior/TextInputControlBehavior$$Lambda+0x00000257011c5a10
instanceKlass  @bci com/sun/javafx/scene/control/behavior/TextInputControlBehavior <init> (Ljavafx/scene/control/TextInputControl;)V 1324 <appendix> member <vmtarget> ; # com/sun/javafx/scene/control/behavior/TextInputControlBehavior$$Lambda+0x00000257011c57f8
instanceKlass  @bci com/sun/javafx/scene/control/behavior/TextInputControlBehavior <init> (Ljavafx/scene/control/TextInputControl;)V 1289 <appendix> argL0 ; # com/sun/javafx/scene/control/behavior/TextInputControlBehavior$$Lambda+0x00000257011c55b8
instanceKlass  @bci com/sun/javafx/scene/control/inputmap/InputMap addMapping (Lcom/sun/javafx/scene/control/inputmap/InputMap$Mapping;)V 23 <appendix> argL0 ; # com/sun/javafx/scene/control/inputmap/InputMap$$Lambda+0x00000257011c5388
instanceKlass  @bci com/sun/javafx/scene/control/inputmap/InputMap addEventHandler (Ljavafx/event/EventType;)V 20 <appendix> member <vmtarget> ; # com/sun/javafx/scene/control/inputmap/InputMap$$Lambda+0x00000257011c5170
instanceKlass  @bci com/sun/javafx/scene/control/inputmap/InputMap addEventHandler (Ljavafx/event/EventType;)V 5 <appendix> argL0 ; # com/sun/javafx/scene/control/inputmap/InputMap$$Lambda+0x00000257011c4f40
instanceKlass  @bci com/sun/javafx/scene/control/behavior/TextInputControlBehavior <init> (Ljavafx/scene/control/TextInputControl;)V 1247 <appendix> member <vmtarget> ; # com/sun/javafx/scene/control/behavior/TextInputControlBehavior$$Lambda+0x00000257011c4d28
instanceKlass  @bci com/sun/javafx/scene/control/behavior/TextInputControlBehavior <init> (Ljavafx/scene/control/TextInputControl;)V 1226 <appendix> member <vmtarget> ; # com/sun/javafx/scene/control/behavior/TextInputControlBehavior$$Lambda+0x00000257011c4900
instanceKlass  @bci com/sun/javafx/scene/control/behavior/TextInputControlBehavior <init> (Ljavafx/scene/control/TextInputControl;)V 1206 <appendix> member <vmtarget> ; # com/sun/javafx/scene/control/behavior/TextInputControlBehavior$$Lambda+0x00000257011c46e8
instanceKlass  @bci com/sun/javafx/scene/control/behavior/TextInputControlBehavior <init> (Ljavafx/scene/control/TextInputControl;)V 1186 <appendix> member <vmtarget> ; # com/sun/javafx/scene/control/behavior/TextInputControlBehavior$$Lambda+0x00000257011c44d0
instanceKlass  @bci com/sun/javafx/scene/control/behavior/TextInputControlBehavior <init> (Ljavafx/scene/control/TextInputControl;)V 1166 <appendix> argL0 ; # com/sun/javafx/scene/control/behavior/TextInputControlBehavior$$Lambda+0x00000257011c4080
instanceKlass  @bci com/sun/javafx/scene/control/behavior/TextInputControlBehavior <init> (Ljavafx/scene/control/TextInputControl;)V 1161 <appendix> member <vmtarget> ; # com/sun/javafx/scene/control/behavior/TextInputControlBehavior$$Lambda+0x00000257011c3e68
instanceKlass  @bci com/sun/javafx/scene/control/behavior/TextInputControlBehavior <init> (Ljavafx/scene/control/TextInputControl;)V 1125 <appendix> argL0 ; # com/sun/javafx/scene/control/behavior/TextInputControlBehavior$$Lambda+0x00000257011c3c58
instanceKlass  @bci com/sun/javafx/scene/control/behavior/TextInputControlBehavior <init> (Ljavafx/scene/control/TextInputControl;)V 1095 <appendix> member <vmtarget> ; # com/sun/javafx/scene/control/behavior/TextInputControlBehavior$$Lambda+0x00000257011c3a40
instanceKlass  @bci com/sun/javafx/scene/control/behavior/TextInputControlBehavior <init> (Ljavafx/scene/control/TextInputControl;)V 1046 <appendix> member <vmtarget> ; # com/sun/javafx/scene/control/behavior/TextInputControlBehavior$$Lambda+0x00000257011c3828
instanceKlass  @bci com/sun/javafx/scene/control/behavior/TextInputControlBehavior <init> (Ljavafx/scene/control/TextInputControl;)V 1016 <appendix> member <vmtarget> ; # com/sun/javafx/scene/control/behavior/TextInputControlBehavior$$Lambda+0x00000257011c3610
instanceKlass  @bci com/sun/javafx/scene/control/behavior/TextInputControlBehavior <init> (Ljavafx/scene/control/TextInputControl;)V 996 <appendix> argL0 ; # com/sun/javafx/scene/control/behavior/TextInputControlBehavior$$Lambda+0x00000257011c3400
instanceKlass  @bci com/sun/javafx/scene/control/behavior/TextInputControlBehavior <init> (Ljavafx/scene/control/TextInputControl;)V 964 <appendix> argL0 ; # com/sun/javafx/scene/control/behavior/TextInputControlBehavior$$Lambda+0x00000257011c31f0
instanceKlass  @bci com/sun/javafx/scene/control/behavior/TextInputControlBehavior <init> (Ljavafx/scene/control/TextInputControl;)V 935 <appendix> argL0 ; # com/sun/javafx/scene/control/behavior/TextInputControlBehavior$$Lambda+0x00000257011c2fe0
instanceKlass  @bci com/sun/javafx/scene/control/behavior/TextInputControlBehavior <init> (Ljavafx/scene/control/TextInputControl;)V 906 <appendix> argL0 ; # com/sun/javafx/scene/control/behavior/TextInputControlBehavior$$Lambda+0x00000257011c2dd0
instanceKlass com/sun/javafx/scene/control/behavior/FocusTraversalInputMap
instanceKlass  @bci com/sun/javafx/scene/control/behavior/TextInputControlBehavior <init> (Ljavafx/scene/control/TextInputControl;)V 880 <appendix> member <vmtarget> ; # com/sun/javafx/scene/control/behavior/TextInputControlBehavior$$Lambda+0x00000257011c29c0
instanceKlass  @bci com/sun/javafx/scene/control/behavior/TextInputControlBehavior <init> (Ljavafx/scene/control/TextInputControl;)V 853 <appendix> member <vmtarget> ; # com/sun/javafx/scene/control/behavior/TextInputControlBehavior$$Lambda+0x00000257011c27a8
instanceKlass  @bci com/sun/javafx/scene/control/behavior/TextInputControlBehavior <init> (Ljavafx/scene/control/TextInputControl;)V 823 <appendix> member <vmtarget> ; # com/sun/javafx/scene/control/behavior/TextInputControlBehavior$$Lambda+0x00000257011c2590
instanceKlass  @bci com/sun/javafx/scene/control/behavior/TextInputControlBehavior <init> (Ljavafx/scene/control/TextInputControl;)V 793 <appendix> member <vmtarget> ; # com/sun/javafx/scene/control/behavior/TextInputControlBehavior$$Lambda+0x00000257011c2378
instanceKlass  @bci com/sun/javafx/scene/control/behavior/TextInputControlBehavior <init> (Ljavafx/scene/control/TextInputControl;)V 766 <appendix> member <vmtarget> ; # com/sun/javafx/scene/control/behavior/TextInputControlBehavior$$Lambda+0x00000257011c2160
instanceKlass  @bci com/sun/javafx/scene/control/behavior/TextInputControlBehavior <init> (Ljavafx/scene/control/TextInputControl;)V 739 <appendix> member <vmtarget> ; # com/sun/javafx/scene/control/behavior/TextInputControlBehavior$$Lambda+0x00000257011c1f48
instanceKlass  @bci com/sun/javafx/scene/control/behavior/TextInputControlBehavior <init> (Ljavafx/scene/control/TextInputControl;)V 712 <appendix> member <vmtarget> ; # com/sun/javafx/scene/control/behavior/TextInputControlBehavior$$Lambda+0x00000257011c1d30
instanceKlass  @bci com/sun/javafx/scene/control/behavior/TextInputControlBehavior <init> (Ljavafx/scene/control/TextInputControl;)V 684 <appendix> member <vmtarget> ; # com/sun/javafx/scene/control/behavior/TextInputControlBehavior$$Lambda+0x00000257011c1b18
instanceKlass  @bci com/sun/javafx/scene/control/behavior/TextInputControlBehavior <init> (Ljavafx/scene/control/TextInputControl;)V 656 <appendix> member <vmtarget> ; # com/sun/javafx/scene/control/behavior/TextInputControlBehavior$$Lambda+0x00000257011c1900
instanceKlass  @bci com/sun/javafx/scene/control/behavior/TextInputControlBehavior <init> (Ljavafx/scene/control/TextInputControl;)V 631 <appendix> member <vmtarget> ; # com/sun/javafx/scene/control/behavior/TextInputControlBehavior$$Lambda+0x00000257011c16e8
instanceKlass  @bci com/sun/javafx/scene/control/behavior/TextInputControlBehavior <init> (Ljavafx/scene/control/TextInputControl;)V 604 <appendix> member <vmtarget> ; # com/sun/javafx/scene/control/behavior/TextInputControlBehavior$$Lambda+0x00000257011c14d0
instanceKlass  @bci com/sun/javafx/scene/control/behavior/TextInputControlBehavior <init> (Ljavafx/scene/control/TextInputControl;)V 587 <appendix> member <vmtarget> ; # com/sun/javafx/scene/control/behavior/TextInputControlBehavior$$Lambda+0x00000257011c12b8
instanceKlass  @bci com/sun/javafx/scene/control/behavior/TextInputControlBehavior <init> (Ljavafx/scene/control/TextInputControl;)V 560 <appendix> member <vmtarget> ; # com/sun/javafx/scene/control/behavior/TextInputControlBehavior$$Lambda+0x00000257011c10a0
instanceKlass  @bci com/sun/javafx/scene/control/behavior/TextInputControlBehavior <init> (Ljavafx/scene/control/TextInputControl;)V 532 <appendix> member <vmtarget> ; # com/sun/javafx/scene/control/behavior/TextInputControlBehavior$$Lambda+0x00000257011c0e88
instanceKlass  @bci com/sun/javafx/scene/control/behavior/TextInputControlBehavior <init> (Ljavafx/scene/control/TextInputControl;)V 507 <appendix> member <vmtarget> ; # com/sun/javafx/scene/control/behavior/TextInputControlBehavior$$Lambda+0x00000257011c0c70
instanceKlass  @bci com/sun/javafx/scene/control/behavior/TextInputControlBehavior <init> (Ljavafx/scene/control/TextInputControl;)V 479 <appendix> member <vmtarget> ; # com/sun/javafx/scene/control/behavior/TextInputControlBehavior$$Lambda+0x00000257011c0a58
instanceKlass  @bci com/sun/javafx/scene/control/behavior/TextInputControlBehavior <init> (Ljavafx/scene/control/TextInputControl;)V 454 <appendix> member <vmtarget> ; # com/sun/javafx/scene/control/behavior/TextInputControlBehavior$$Lambda+0x00000257011c0840
instanceKlass  @bci com/sun/javafx/scene/control/behavior/TextInputControlBehavior <init> (Ljavafx/scene/control/TextInputControl;)V 426 <appendix> member <vmtarget> ; # com/sun/javafx/scene/control/behavior/TextInputControlBehavior$$Lambda+0x00000257011c0628
instanceKlass  @bci com/sun/javafx/scene/control/behavior/TextInputControlBehavior <init> (Ljavafx/scene/control/TextInputControl;)V 402 <appendix> member <vmtarget> ; # com/sun/javafx/scene/control/behavior/TextInputControlBehavior$$Lambda+0x00000257011c0410
instanceKlass  @bci com/sun/javafx/scene/control/behavior/TextInputControlBehavior <init> (Ljavafx/scene/control/TextInputControl;)V 375 <appendix> member <vmtarget> ; # com/sun/javafx/scene/control/behavior/TextInputControlBehavior$$Lambda+0x00000257011c01f8
instanceKlass com/sun/javafx/scene/control/inputmap/KeyBinding$1
instanceKlass  @bci com/sun/javafx/scene/control/behavior/TextInputControlBehavior <init> (Ljavafx/scene/control/TextInputControl;)V 345 <appendix> member <vmtarget> ; # com/sun/javafx/scene/control/behavior/TextInputControlBehavior$$Lambda+0x00000257011bfc18
instanceKlass  @bci com/sun/javafx/scene/control/behavior/TextInputControlBehavior <init> (Ljavafx/scene/control/TextInputControl;)V 328 <appendix> member <vmtarget> ; # com/sun/javafx/scene/control/behavior/TextInputControlBehavior$$Lambda+0x00000257011bfa00
instanceKlass  @bci com/sun/javafx/scene/control/behavior/TextInputControlBehavior <init> (Ljavafx/scene/control/TextInputControl;)V 312 <appendix> member <vmtarget> ; # com/sun/javafx/scene/control/behavior/TextInputControlBehavior$$Lambda+0x00000257011bf7e8
instanceKlass  @bci com/sun/javafx/scene/control/behavior/TextInputControlBehavior <init> (Ljavafx/scene/control/TextInputControl;)V 296 <appendix> member <vmtarget> ; # com/sun/javafx/scene/control/behavior/TextInputControlBehavior$$Lambda+0x00000257011bf5d0
instanceKlass  @bci com/sun/javafx/scene/control/behavior/TextInputControlBehavior <init> (Ljavafx/scene/control/TextInputControl;)V 280 <appendix> member <vmtarget> ; # com/sun/javafx/scene/control/behavior/TextInputControlBehavior$$Lambda+0x00000257011bf3b8
instanceKlass  @bci com/sun/javafx/scene/control/behavior/TextInputControlBehavior <init> (Ljavafx/scene/control/TextInputControl;)V 264 <appendix> member <vmtarget> ; # com/sun/javafx/scene/control/behavior/TextInputControlBehavior$$Lambda+0x00000257011bf1a0
instanceKlass  @bci com/sun/javafx/scene/control/behavior/TextInputControlBehavior keyMapping (Lcom/sun/javafx/scene/control/inputmap/KeyBinding;Ljavafx/event/EventHandler;Ljava/util/function/Predicate;)Lcom/sun/javafx/scene/control/inputmap/InputMap$KeyMapping; 7 <appendix> member <vmtarget> ; # com/sun/javafx/scene/control/behavior/TextInputControlBehavior$$Lambda+0x00000257011bef88
instanceKlass com/sun/javafx/scene/control/inputmap/KeyBinding
instanceKlass  @bci com/sun/javafx/scene/control/behavior/TextInputControlBehavior <init> (Ljavafx/scene/control/TextInputControl;)V 248 <appendix> member <vmtarget> ; # com/sun/javafx/scene/control/behavior/TextInputControlBehavior$$Lambda+0x00000257011be538
instanceKlass com/sun/javafx/scene/control/inputmap/InputMap$Mapping
instanceKlass  @bci com/sun/javafx/scene/control/behavior/TextInputControlBehavior <init> (Ljavafx/scene/control/TextInputControl;)V 224 <appendix> argL0 ; # com/sun/javafx/scene/control/behavior/TextInputControlBehavior$$Lambda+0x00000257011bdf00
instanceKlass  @bci com/sun/javafx/scene/control/behavior/TextInputControlBehavior <init> (Ljavafx/scene/control/TextInputControl;)V 218 <appendix> argL0 ; # com/sun/javafx/scene/control/behavior/TextInputControlBehavior$$Lambda+0x00000257011bdcc0
instanceKlass  @bci com/sun/javafx/scene/control/behavior/TextInputControlBehavior <init> (Ljavafx/scene/control/TextInputControl;)V 212 <appendix> member <vmtarget> ; # com/sun/javafx/scene/control/behavior/TextInputControlBehavior$$Lambda+0x00000257011bda78
instanceKlass  @bci com/sun/javafx/scene/control/inputmap/InputMap <init> (Ljavafx/scene/Node;)V 108 <appendix> member <vmtarget> ; # com/sun/javafx/scene/control/inputmap/InputMap$$Lambda+0x00000257011bd860
instanceKlass  @bci com/sun/javafx/scene/control/inputmap/InputMap <init> (Ljavafx/scene/Node;)V 86 <appendix> member <vmtarget> ; # com/sun/javafx/scene/control/inputmap/InputMap$$Lambda+0x00000257011bd648
instanceKlass com/sun/javafx/scene/control/inputmap/InputMap
instanceKlass  @bci com/sun/javafx/scene/control/behavior/TextInputControlBehavior <init> (Ljavafx/scene/control/TextInputControl;)V 176 <appendix> member <vmtarget> ; # com/sun/javafx/scene/control/behavior/TextInputControlBehavior$$Lambda+0x00000257011bb2f8
instanceKlass  @bci com/sun/javafx/scene/control/behavior/TextInputControlBehavior <init> (Ljavafx/scene/control/TextInputControl;)V 157 <appendix> member <vmtarget> ; # com/sun/javafx/scene/control/behavior/TextInputControlBehavior$$Lambda+0x00000257011bb0e0
instanceKlass  @bci com/sun/javafx/scene/control/behavior/TextInputControlBehavior <init> (Ljavafx/scene/control/TextInputControl;)V 138 <appendix> member <vmtarget> ; # com/sun/javafx/scene/control/behavior/TextInputControlBehavior$$Lambda+0x00000257011baec8
instanceKlass  @bci com/sun/javafx/scene/control/behavior/TextInputControlBehavior <init> (Ljavafx/scene/control/TextInputControl;)V 119 <appendix> member <vmtarget> ; # com/sun/javafx/scene/control/behavior/TextInputControlBehavior$$Lambda+0x00000257011bacb0
instanceKlass  @bci com/sun/javafx/scene/control/behavior/TextInputControlBehavior <init> (Ljavafx/scene/control/TextInputControl;)V 100 <appendix> member <vmtarget> ; # com/sun/javafx/scene/control/behavior/TextInputControlBehavior$$Lambda+0x00000257011baa98
instanceKlass  @bci com/sun/javafx/scene/control/behavior/TextInputControlBehavior <init> (Ljavafx/scene/control/TextInputControl;)V 81 <appendix> member <vmtarget> ; # com/sun/javafx/scene/control/behavior/TextInputControlBehavior$$Lambda+0x00000257011ba880
instanceKlass  @bci com/sun/javafx/scene/control/behavior/TextInputControlBehavior <init> (Ljavafx/scene/control/TextInputControl;)V 62 <appendix> member <vmtarget> ; # com/sun/javafx/scene/control/behavior/TextInputControlBehavior$$Lambda+0x00000257011ba668
instanceKlass com/sun/javafx/scene/control/skin/resources/ControlResources
instanceKlass  @bci com/sun/javafx/scene/control/behavior/TextInputControlBehavior <init> (Ljavafx/scene/control/TextInputControl;)V 43 <appendix> member <vmtarget> ; # com/sun/javafx/scene/control/behavior/TextInputControlBehavior$$Lambda+0x00000257011ba258
instanceKlass  @bci com/sun/javafx/scene/control/behavior/TextInputControlBehavior <init> (Ljavafx/scene/control/TextInputControl;)V 7 <appendix> member <vmtarget> ; # com/sun/javafx/scene/control/behavior/TextInputControlBehavior$$Lambda+0x00000257011b8dd0
instanceKlass javafx/scene/control/MenuItem
instanceKlass com/sun/javafx/geom/PathIterator
instanceKlass javafx/scene/shape/Rectangle$1
instanceKlass com/sun/javafx/scene/shape/RectangleHelper$RectangleAccessor
instanceKlass  @bci javafx/scene/control/skin/TextInputControlSkin <init> (Ljavafx/scene/control/TextInputControl;)V 59 <appendix> member <vmtarget> ; # javafx/scene/control/skin/TextInputControlSkin$$Lambda+0x00000257011b2960
instanceKlass javafx/scene/shape/Path$1
instanceKlass com/sun/javafx/scene/shape/PathHelper$PathAccessor
instanceKlass  @bci javafx/scene/control/skin/TextInputControlSkin$CaretBlinking <init> (Ljavafx/beans/property/BooleanProperty;)V 82 <appendix> member <vmtarget> ; # javafx/scene/control/skin/TextInputControlSkin$CaretBlinking$$Lambda+0x00000257011b0e58
instanceKlass javafx/animation/KeyValue
instanceKlass  @bci javafx/scene/control/skin/TextInputControlSkin$CaretBlinking <init> (Ljavafx/beans/property/BooleanProperty;)V 56 <appendix> member <vmtarget> ; # javafx/scene/control/skin/TextInputControlSkin$CaretBlinking$$Lambda+0x00000257011b0858
instanceKlass com/sun/scenario/animation/shared/InterpolationInterval
instanceKlass com/sun/scenario/animation/shared/ClipInterpolator
instanceKlass  @bci com/sun/scenario/animation/shared/TimelineClipCore <clinit> ()V 0 <appendix> argL0 ; # com/sun/scenario/animation/shared/TimelineClipCore$$Lambda+0x00000257011afa88
instanceKlass javafx/animation/KeyFrame
instanceKlass com/sun/scenario/animation/shared/TimelineClipCore
instanceKlass com/sun/scenario/animation/shared/ClipEnvelope
instanceKlass javafx/animation/Animation$1
instanceKlass javafx/util/Duration
instanceKlass com/sun/scenario/animation/shared/AnimationAccessor
instanceKlass javafx/animation/Animation
instanceKlass javafx/scene/control/skin/TextInputControlSkin$CaretBlinking
instanceKlass com/sun/javafx/scene/control/Properties
instanceKlass  @bci javafx/scene/control/skin/TextInputControlSkin <clinit> ()V 4 <appendix> argL0 ; # javafx/scene/control/skin/TextInputControlSkin$$Lambda+0x00000257011a7cc0
instanceKlass com/sun/javafx/scene/control/behavior/BehaviorBase
instanceKlass javafx/scene/control/SkinBase$StyleableProperties
instanceKlass com/sun/javafx/scene/control/Logging
instanceKlass  @bci javafx/scene/control/skin/LabelSkin <init> (Ljavafx/scene/control/Label;)V 16 <appendix> member <vmtarget> ; # javafx/scene/control/skin/LabelSkin$$Lambda+0x00000257011a6450
instanceKlass  @bci javafx/scene/control/skin/LabeledSkinBase <init> (Ljavafx/scene/control/Labeled;)V 294 <appendix> member <vmtarget> ; # javafx/scene/control/skin/LabeledSkinBase$$Lambda+0x00000257011a6228
instanceKlass  @bci javafx/scene/control/skin/LabeledSkinBase <init> (Ljavafx/scene/control/Labeled;)V 280 <appendix> member <vmtarget> ; # javafx/scene/control/skin/LabeledSkinBase$$Lambda+0x00000257011a6000
instanceKlass  @bci javafx/scene/control/skin/LabeledSkinBase <init> (Ljavafx/scene/control/Labeled;)V 266 <appendix> member <vmtarget> ; # javafx/scene/control/skin/LabeledSkinBase$$Lambda+0x00000257011a3c70
instanceKlass  @bci javafx/scene/control/skin/LabeledSkinBase <init> (Ljavafx/scene/control/Labeled;)V 252 <appendix> member <vmtarget> ; # javafx/scene/control/skin/LabeledSkinBase$$Lambda+0x00000257011a3a48
instanceKlass  @bci javafx/scene/control/skin/LabeledSkinBase <init> (Ljavafx/scene/control/Labeled;)V 238 <appendix> member <vmtarget> ; # javafx/scene/control/skin/LabeledSkinBase$$Lambda+0x00000257011a3820
instanceKlass  @bci javafx/scene/control/skin/LabeledSkinBase <init> (Ljavafx/scene/control/Labeled;)V 224 <appendix> argL0 ; # javafx/scene/control/skin/LabeledSkinBase$$Lambda+0x00000257011a3600
instanceKlass  @bci javafx/scene/control/skin/LabeledSkinBase <init> (Ljavafx/scene/control/Labeled;)V 211 <appendix> member <vmtarget> ; # javafx/scene/control/skin/LabeledSkinBase$$Lambda+0x00000257011a33d8
instanceKlass  @bci javafx/scene/control/skin/LabeledSkinBase <init> (Ljavafx/scene/control/Labeled;)V 197 <appendix> member <vmtarget> ; # javafx/scene/control/skin/LabeledSkinBase$$Lambda+0x00000257011a31b0
instanceKlass  @bci javafx/scene/control/skin/LabeledSkinBase <init> (Ljavafx/scene/control/Labeled;)V 183 <appendix> member <vmtarget> ; # javafx/scene/control/skin/LabeledSkinBase$$Lambda+0x00000257011a2f88
instanceKlass  @bci javafx/scene/control/skin/LabeledSkinBase <init> (Ljavafx/scene/control/Labeled;)V 169 <appendix> member <vmtarget> ; # javafx/scene/control/skin/LabeledSkinBase$$Lambda+0x00000257011a2d60
instanceKlass  @bci javafx/scene/control/skin/LabeledSkinBase <init> (Ljavafx/scene/control/Labeled;)V 155 <appendix> member <vmtarget> ; # javafx/scene/control/skin/LabeledSkinBase$$Lambda+0x00000257011a2b38
instanceKlass  @bci javafx/scene/control/skin/LabeledSkinBase <init> (Ljavafx/scene/control/Labeled;)V 141 <appendix> member <vmtarget> ; # javafx/scene/control/skin/LabeledSkinBase$$Lambda+0x00000257011a2910
instanceKlass  @bci javafx/scene/control/skin/LabeledSkinBase <init> (Ljavafx/scene/control/Labeled;)V 127 <appendix> member <vmtarget> ; # javafx/scene/control/skin/LabeledSkinBase$$Lambda+0x00000257011a26e8
instanceKlass  @bci javafx/scene/control/skin/LabeledSkinBase <init> (Ljavafx/scene/control/Labeled;)V 113 <appendix> member <vmtarget> ; # javafx/scene/control/skin/LabeledSkinBase$$Lambda+0x00000257011a24c0
instanceKlass  @bci javafx/scene/control/skin/LabeledSkinBase <init> (Ljavafx/scene/control/Labeled;)V 99 <appendix> member <vmtarget> ; # javafx/scene/control/skin/LabeledSkinBase$$Lambda+0x00000257011a2298
instanceKlass  @bci javafx/scene/control/skin/LabeledSkinBase <init> (Ljavafx/scene/control/Labeled;)V 85 <appendix> member <vmtarget> ; # javafx/scene/control/skin/LabeledSkinBase$$Lambda+0x00000257011a2070
instanceKlass  @bci com/sun/javafx/scene/control/LambdaMultiplePropertyChangeListenerHandler registerChangeListener (Ljavafx/beans/value/ObservableValue;Ljava/util/function/Consumer;)V 38 <appendix> argL0 ; # com/sun/javafx/scene/control/LambdaMultiplePropertyChangeListenerHandler$$Lambda+0x00000257011a1e50
instanceKlass  @cpi com/sun/javafx/scene/control/LambdaMultiplePropertyChangeListenerHandler 221 form vmentry <vmtarget> ; # java/lang/invoke/LambdaForm$DMH+0x00000257011a4000
instanceKlass  @bci com/sun/javafx/scene/control/LambdaMultiplePropertyChangeListenerHandler <init> ()V 89 <appendix> member <vmtarget> ; # com/sun/javafx/scene/control/LambdaMultiplePropertyChangeListenerHandler$$Lambda+0x00000257011a1c38
instanceKlass  @bci com/sun/javafx/scene/control/LambdaMultiplePropertyChangeListenerHandler <init> ()V 53 <appendix> member <vmtarget> ; # com/sun/javafx/scene/control/LambdaMultiplePropertyChangeListenerHandler$$Lambda+0x00000257011a1a20
instanceKlass javafx/beans/value/WeakChangeListener
instanceKlass  @bci com/sun/javafx/scene/control/LambdaMultiplePropertyChangeListenerHandler <init> ()V 17 <appendix> member <vmtarget> ; # com/sun/javafx/scene/control/LambdaMultiplePropertyChangeListenerHandler$$Lambda+0x00000257011a15d8
instanceKlass  @bci com/sun/javafx/scene/control/LambdaMultiplePropertyChangeListenerHandler <clinit> ()V 0 <appendix> argL0 ; # com/sun/javafx/scene/control/LambdaMultiplePropertyChangeListenerHandler$$Lambda+0x00000257011a13b8
instanceKlass com/sun/javafx/scene/control/LambdaMultiplePropertyChangeListenerHandler
instanceKlass  @bci javafx/scene/control/skin/LabeledSkinBase <init> (Ljavafx/scene/control/Labeled;)V 71 <appendix> member <vmtarget> ; # javafx/scene/control/skin/LabeledSkinBase$$Lambda+0x00000257011a0f90
instanceKlass javafx/beans/property/DoublePropertyBase$Listener
instanceKlass javafx/beans/property/BooleanPropertyBase$Listener
instanceKlass javafx/beans/property/ObjectPropertyBase$Listener
instanceKlass javafx/scene/text/Text$TextAttribute
instanceKlass com/sun/javafx/font/Disposer$1
instanceKlass com/sun/javafx/font/Disposer
instanceKlass com/sun/javafx/font/CompositeStrikeDisposer
instanceKlass com/sun/javafx/font/Metrics
instanceKlass com/sun/javafx/font/CompositeStrike
instanceKlass com/sun/javafx/font/FontStrikeDesc
instanceKlass javafx/scene/shape/Shape$StyleableProperties
instanceKlass javafx/scene/text/Text$StyleableProperties
instanceKlass  @bci javafx/scene/control/skin/LabeledSkinBase <init> (Ljavafx/scene/control/Labeled;)V 26 <appendix> member <vmtarget> ; # javafx/scene/control/skin/LabeledSkinBase$$Lambda+0x0000025701195f40
instanceKlass  @bci javafx/scene/control/SkinBase <clinit> ()V 8 <appendix> argL0 ; # javafx/scene/control/SkinBase$$Lambda+0x0000025701195d30
instanceKlass javafx/collections/MapChangeListener
instanceKlass com/sun/javafx/scene/control/ListenerHelper$InLi
instanceKlass com/sun/javafx/scene/control/ListenerHelper$ChLi
instanceKlass com/sun/javafx/scene/control/ListenerHelper$EvHa
instanceKlass  @bci javafx/scene/control/SkinBase <clinit> ()V 0 <appendix> argL0 ; # javafx/scene/control/SkinBase$$Lambda+0x00000257011942a0
instanceKlass com/sun/javafx/scene/control/ListenerHelper
instanceKlass com/sun/javafx/scene/control/IDisconnectable
instanceKlass javafx/scene/control/SkinBase
instanceKlass com/sun/javafx/font/PrismFontFactory$TTFilter
instanceKlass  @bci com/sun/javafx/font/PrismFontFactory populateFontFileNameMapGeneric (Ljava/lang/String;)V 12 <appendix> member <vmtarget> ; # com/sun/javafx/font/PrismFontFactory$$Lambda+0x000002570118ee90
instanceKlass com/sun/javafx/font/PrismCompositeFontResource
instanceKlass com/sun/javafx/font/PrismFontFile$DirectoryEntry
instanceKlass com/sun/javafx/font/FontFileReader$Buffer
instanceKlass  @bci com/sun/javafx/font/FontFileReader openFile ()Z 11 <appendix> member <vmtarget> ; # com/sun/javafx/font/FontFileReader$$Lambda+0x000002570118d708
instanceKlass com/sun/javafx/font/FontFileReader
instanceKlass com/sun/javafx/font/PrismFontStrike
instanceKlass com/sun/javafx/font/DisposerRecord
instanceKlass  @bci com/sun/scenario/effect/impl/Renderer getPeerInstance (Lcom/sun/scenario/effect/FilterContext;Ljava/lang/String;I)Lcom/sun/scenario/effect/impl/EffectPeer; 33 <appendix> form vmentry <vmtarget> ; # java/lang/invoke/LambdaForm$MH+0x0000025701192000
# instanceKlass java/lang/invoke/LambdaForm$MH+0x0000025701191c00
instanceKlass  @bci com/sun/scenario/effect/impl/Renderer getPeerInstance (Lcom/sun/scenario/effect/FilterContext;Ljava/lang/String;I)Lcom/sun/scenario/effect/impl/EffectPeer; 33 <appendix> argL3 form vmentry <vmtarget> ; # java/lang/invoke/LambdaForm$MH+0x0000025701191800
# instanceKlass java/lang/invoke/LambdaForm$MH+0x0000025701191400
# instanceKlass java/lang/invoke/LambdaForm$MH+0x0000025701191000
# instanceKlass java/lang/invoke/LambdaForm$MH+0x0000025701190c00
# instanceKlass java/lang/invoke/LambdaForm$MH+0x0000025701190800
instanceKlass  @bci com/sun/scenario/effect/impl/Renderer getPeerInstance (Lcom/sun/scenario/effect/FilterContext;Ljava/lang/String;I)Lcom/sun/scenario/effect/impl/EffectPeer; 33 <appendix> argL1 form vmentry <vmtarget> ; # java/lang/invoke/LambdaForm$MH+0x0000025701190400
# instanceKlass java/lang/invoke/LambdaForm$MH+0x0000025701190000
# instanceKlass java/lang/invoke/LambdaForm$MH+0x0000025701185c00
# instanceKlass java/lang/invoke/LambdaForm$MH+0x0000025701185800
instanceKlass com/sun/javafx/font/WindowsFontMap$FamilyDescription
instanceKlass com/sun/javafx/font/WindowsFontMap
instanceKlass jdk/internal/foreign/MemorySessionImpl
instanceKlass java/lang/foreign/MemorySegment$Scope
instanceKlass javafx/scene/layout/BorderStroke
instanceKlass javafx/scene/layout/BorderStrokeStyle
instanceKlass com/sun/scenario/effect/EffectHelper
instanceKlass javafx/scene/effect/Effect$1
instanceKlass com/sun/scenario/effect/EffectHelper$EffectAccessor
instanceKlass com/sun/javafx/scene/layout/ScaledMath
instanceKlass javafx/scene/layout/BackgroundFill
instanceKlass com/sun/javafx/css/StyleCacheEntry
instanceKlass javafx/css/Style
instanceKlass javafx/css/Match
instanceKlass com/sun/javafx/css/CalculatedValue
instanceKlass com/sun/javafx/css/StyleCacheEntry$Key
instanceKlass com/sun/javafx/css/StyleCache
instanceKlass javafx/scene/layout/HBox$StyleableProperties
instanceKlass javafx/scene/layout/VBox$StyleableProperties
instanceKlass  @bci java/sql/DriverManager getConnection (Ljava/lang/String;Ljava/util/Properties;Ljava/lang/Class;)Ljava/sql/Connection; 49 <appendix> form vmentry <vmtarget> ; # java/lang/invoke/LambdaForm$MH+0x0000025701185400
# instanceKlass java/lang/invoke/LambdaForm$MH+0x0000025701185000
instanceKlass  @bci java/sql/DriverManager getConnection (Ljava/lang/String;Ljava/util/Properties;Ljava/lang/Class;)Ljava/sql/Connection; 49 <appendix> argL3 form vmentry <vmtarget> ; # java/lang/invoke/LambdaForm$MH+0x0000025701184c00
# instanceKlass java/lang/invoke/LambdaForm$MH+0x0000025701184800
# instanceKlass java/lang/invoke/LambdaForm$MH+0x0000025701184400
# instanceKlass java/lang/invoke/LambdaForm$MH+0x0000025701184000
instanceKlass javafx/scene/layout/StackPane$StyleableProperties
instanceKlass javafx/scene/paint/Color$NamedColors
instanceKlass javafx/css/CssParser$Term
instanceKlass com/sun/javafx/css/parser/Token
instanceKlass  @bci javafx/css/CssLexer$UnitsState <init> (Ljavafx/css/CssLexer;)V 468 <appendix> argL0 ; # javafx/css/CssLexer$UnitsState$$Lambda+0x000002570117cde0
instanceKlass  @bci javafx/css/CssLexer <init> ()V 419 <appendix> argL0 ; # javafx/css/CssLexer$$Lambda+0x000002570117c800
instanceKlass  @bci javafx/css/CssLexer <init> ()V 410 <appendix> argL0 ; # javafx/css/CssLexer$$Lambda+0x000002570117dc60
instanceKlass  @bci javafx/css/CssLexer <init> ()V 401 <appendix> argL0 ; # javafx/css/CssLexer$$Lambda+0x000002570117da50
instanceKlass  @bci javafx/css/CssLexer <init> ()V 392 <appendix> argL0 ; # javafx/css/CssLexer$$Lambda+0x000002570117d840
instanceKlass  @bci javafx/css/CssLexer <init> ()V 383 <appendix> argL0 ; # javafx/css/CssLexer$$Lambda+0x000002570117d630
instanceKlass  @bci javafx/css/CssLexer <init> ()V 374 <appendix> argL0 ; # javafx/css/CssLexer$$Lambda+0x000002570117d420
instanceKlass  @bci javafx/css/CssLexer <init> ()V 365 <appendix> argL0 ; # javafx/css/CssLexer$$Lambda+0x000002570117d210
instanceKlass  @bci javafx/css/CssLexer <init> ()V 356 <appendix> argL0 ; # javafx/css/CssLexer$$Lambda+0x000002570117d000
instanceKlass  @bci javafx/css/CssLexer <init> ()V 347 <appendix> argL0 ; # javafx/css/CssLexer$$Lambda+0x000002570117fce0
instanceKlass  @bci javafx/css/CssLexer <init> ()V 338 <appendix> argL0 ; # javafx/css/CssLexer$$Lambda+0x000002570117fad0
instanceKlass  @bci javafx/css/CssLexer <init> ()V 329 <appendix> argL0 ; # javafx/css/CssLexer$$Lambda+0x000002570117f8c0
instanceKlass  @bci javafx/css/CssLexer <init> ()V 320 <appendix> argL0 ; # javafx/css/CssLexer$$Lambda+0x000002570117f6b0
instanceKlass  @bci javafx/css/CssLexer <init> ()V 311 <appendix> argL0 ; # javafx/css/CssLexer$$Lambda+0x000002570117f4a0
instanceKlass  @bci javafx/css/CssLexer <init> ()V 302 <appendix> argL0 ; # javafx/css/CssLexer$$Lambda+0x000002570117f290
instanceKlass  @bci javafx/css/CssLexer <init> ()V 293 <appendix> argL0 ; # javafx/css/CssLexer$$Lambda+0x000002570117f080
instanceKlass  @bci javafx/css/CssLexer <init> ()V 284 <appendix> argL0 ; # javafx/css/CssLexer$$Lambda+0x000002570117ee70
instanceKlass  @bci javafx/css/CssLexer <init> ()V 275 <appendix> argL0 ; # javafx/css/CssLexer$$Lambda+0x000002570117ec60
instanceKlass  @bci javafx/css/CssLexer <init> ()V 266 <appendix> argL0 ; # javafx/css/CssLexer$$Lambda+0x000002570117ea50
instanceKlass  @bci javafx/css/CssLexer <init> ()V 257 <appendix> argL0 ; # javafx/css/CssLexer$$Lambda+0x000002570117e840
instanceKlass  @bci javafx/css/CssLexer <init> ()V 248 <appendix> argL0 ; # javafx/css/CssLexer$$Lambda+0x000002570117e630
instanceKlass  @bci javafx/css/CssLexer <init> ()V 239 <appendix> argL0 ; # javafx/css/CssLexer$$Lambda+0x000002570117e420
instanceKlass  @bci javafx/css/CssLexer <init> ()V 230 <appendix> argL0 ; # javafx/css/CssLexer$$Lambda+0x000002570117e210
instanceKlass  @bci javafx/css/CssLexer <init> ()V 221 <appendix> argL0 ; # javafx/css/CssLexer$$Lambda+0x000002570117e000
instanceKlass  @bci javafx/css/CssLexer <init> ()V 212 <appendix> argL0 ; # javafx/css/CssLexer$$Lambda+0x000002570117bda8
instanceKlass  @bci javafx/css/CssLexer <init> ()V 203 <appendix> argL0 ; # javafx/css/CssLexer$$Lambda+0x000002570117bb98
instanceKlass  @bci javafx/css/CssLexer <init> ()V 194 <appendix> argL0 ; # javafx/css/CssLexer$$Lambda+0x000002570117b988
instanceKlass  @bci javafx/css/CssLexer <init> ()V 185 <appendix> argL0 ; # javafx/css/CssLexer$$Lambda+0x000002570117b778
instanceKlass  @bci javafx/css/CssLexer <init> ()V 176 <appendix> argL0 ; # javafx/css/CssLexer$$Lambda+0x000002570117b568
instanceKlass  @bci javafx/css/CssLexer <init> ()V 167 <appendix> argL0 ; # javafx/css/CssLexer$$Lambda+0x000002570117b358
instanceKlass  @bci javafx/css/CssLexer <init> ()V 158 <appendix> argL0 ; # javafx/css/CssLexer$$Lambda+0x000002570117b148
instanceKlass  @bci javafx/css/CssLexer <init> ()V 149 <appendix> argL0 ; # javafx/css/CssLexer$$Lambda+0x000002570117af38
instanceKlass  @bci javafx/css/CssLexer <init> ()V 140 <appendix> argL0 ; # javafx/css/CssLexer$$Lambda+0x000002570117ad28
instanceKlass  @bci javafx/css/CssLexer <init> ()V 131 <appendix> argL0 ; # javafx/css/CssLexer$$Lambda+0x000002570117ab18
instanceKlass  @bci javafx/css/CssLexer <init> ()V 122 <appendix> argL0 ; # javafx/css/CssLexer$$Lambda+0x000002570117a908
instanceKlass  @bci javafx/scene/control/HeavyweightDialog <init> (Ljavafx/scene/control/Dialog;)V 60 <bsm> form vmentry <vmtarget> ; # java/lang/invoke/LambdaForm$DMH+0x000002570117c000
instanceKlass java/lang/invoke/MethodHandle$1
instanceKlass  @bci javafx/css/CssLexer <init> ()V 113 <appendix> argL0 ; # javafx/css/CssLexer$$Lambda+0x000002570117a6f8
instanceKlass  @bci javafx/css/CssLexer <init> ()V 104 <appendix> argL0 ; # javafx/css/CssLexer$$Lambda+0x000002570117a4e8
instanceKlass  @bci javafx/css/CssLexer <init> ()V 95 <appendix> argL0 ; # javafx/css/CssLexer$$Lambda+0x000002570117a2d8
instanceKlass  @bci javafx/css/CssLexer <init> ()V 86 <appendix> argL0 ; # javafx/css/CssLexer$$Lambda+0x000002570117a0c8
instanceKlass  @bci javafx/css/CssLexer <init> ()V 77 <appendix> argL0 ; # javafx/css/CssLexer$$Lambda+0x0000025701179eb8
instanceKlass  @bci javafx/css/CssLexer <init> ()V 68 <appendix> argL0 ; # javafx/css/CssLexer$$Lambda+0x0000025701179ca8
instanceKlass  @bci javafx/css/CssLexer <init> ()V 59 <appendix> argL0 ; # javafx/css/CssLexer$$Lambda+0x0000025701179a98
instanceKlass  @bci javafx/css/CssLexer <init> ()V 50 <appendix> argL0 ; # javafx/css/CssLexer$$Lambda+0x0000025701179888
instanceKlass  @bci javafx/css/CssLexer <init> ()V 41 <appendix> argL0 ; # javafx/css/CssLexer$$Lambda+0x0000025701179678
instanceKlass  @bci javafx/css/CssLexer <init> ()V 32 <appendix> argL0 ; # javafx/css/CssLexer$$Lambda+0x0000025701179468
instanceKlass  @bci javafx/css/CssLexer <init> ()V 23 <appendix> argL0 ; # javafx/css/CssLexer$$Lambda+0x0000025701179258
instanceKlass  @bci javafx/css/CssLexer <init> ()V 14 <appendix> argL0 ; # javafx/css/CssLexer$$Lambda+0x0000025701179048
instanceKlass  @bci javafx/css/CssLexer <init> ()V 5 <appendix> argL0 ; # javafx/css/CssLexer$$Lambda+0x0000025701178e38
instanceKlass com/sun/javafx/css/parser/Recognizer
instanceKlass com/sun/javafx/css/parser/LexerState
instanceKlass javafx/css/CssLexer
instanceKlass javafx/css/FontFace
instanceKlass javafx/css/CssParser$ParseError
instanceKlass javafx/css/CssParser
instanceKlass javafx/scene/Node$22
instanceKlass  @bci com/sun/javafx/tk/quantum/GlassViewEventHandler handleViewEvent (Lcom/sun/glass/ui/View;JI)V 45 <appendix> member <vmtarget> ; # com/sun/javafx/tk/quantum/GlassViewEventHandler$$Lambda+0x0000025701176808
instanceKlass jdk/jfr/FlightRecorder
instanceKlass  @bci com/sun/javafx/logging/PulseLogger isPulseLoggingRequested ()Z 0 <appendix> argL0 ; # com/sun/javafx/logging/PulseLogger$$Lambda+0x0000025701175d10
instanceKlass com/sun/javafx/logging/PrintLogger$PulseData
instanceKlass  @bci com/sun/javafx/logging/PrintLogger <clinit> ()V 18 <appendix> argL0 ; # com/sun/javafx/logging/PrintLogger$$Lambda+0x0000025701175900
instanceKlass  @bci com/sun/javafx/logging/PrintLogger <clinit> ()V 0 <appendix> argL0 ; # com/sun/javafx/logging/PrintLogger$$Lambda+0x00000257011756f0
instanceKlass com/sun/javafx/logging/Logger
instanceKlass com/sun/javafx/logging/PulseLogger
instanceKlass  @bci com/sun/javafx/tk/quantum/WindowStage setScene (Lcom/sun/javafx/tk/TKScene;)V 40 <appendix> member <vmtarget> ; # com/sun/javafx/tk/quantum/WindowStage$$Lambda+0x0000025701174c08
instanceKlass com/sun/javafx/geom/DirtyRegionContainer
instanceKlass com/sun/javafx/geom/DirtyRegionPool
instanceKlass com/sun/javafx/sg/prism/NodePath
instanceKlass javafx/scene/Scene$InputMethodRequestsDelegate
instanceKlass com/sun/javafx/scene/input/ExtendedInputMethodRequests
instanceKlass javafx/scene/Scene$DropTargetListener
instanceKlass com/sun/scenario/effect/impl/state/AccessHelper
instanceKlass  @bci com/sun/scenario/effect/Effect <clinit> ()V 4 <appendix> argL0 ; # com/sun/scenario/effect/Effect$$Lambda+0x00000257011722b0
instanceKlass com/sun/scenario/effect/impl/state/AccessHelper$StateAccessor
instanceKlass com/sun/javafx/geom/Rectangle
instanceKlass com/sun/javafx/geom/Point2D
instanceKlass com/sun/prism/paint/Paint
instanceKlass com/sun/scenario/effect/Effect
instanceKlass javafx/scene/Scene$ScenePeerPaintListener
instanceKlass javafx/scene/Scene$ScenePeerListener
instanceKlass  @bci com/sun/javafx/tk/quantum/GlassScene setSecurityContext (Ljava/security/AccessControlContext;)V 22 <appendix> argL0 ; # com/sun/javafx/tk/quantum/GlassScene$$Lambda+0x000002570116dac0
instanceKlass com/sun/javafx/tk/quantum/SwipeGestureRecognizer$CenterComputer
instanceKlass com/sun/javafx/tk/quantum/SwipeGestureRecognizer$MultiTouchTracker
instanceKlass com/sun/javafx/tk/quantum/SwipeGestureRecognizer
instanceKlass com/sun/javafx/tk/quantum/GestureRecognizers
instanceKlass com/sun/javafx/tk/quantum/GlassSceneDnDEventHandler
instanceKlass com/sun/javafx/tk/quantum/GlassViewEventHandler$ViewEventNotification
instanceKlass com/sun/javafx/tk/quantum/GlassViewEventHandler$MouseEventNotification
instanceKlass com/sun/javafx/tk/quantum/GlassViewEventHandler$KeyEventNotification
instanceKlass  @bci com/sun/javafx/tk/quantum/GlassViewEventHandler <clinit> ()V 0 <appendix> argL0 ; # com/sun/javafx/tk/quantum/GlassViewEventHandler$$Lambda+0x000002570116f2e0
instanceKlass com/sun/javafx/tk/quantum/GestureRecognizer
instanceKlass com/sun/javafx/tk/quantum/GlassTouchEventListener
instanceKlass  @bci com/sun/glass/ui/View <clinit> ()V 0 <appendix> argL0 ; # com/sun/glass/ui/View$$Lambda+0x000002570116bdb8
instanceKlass com/sun/prism/PresentableState
instanceKlass com/sun/javafx/tk/quantum/ViewPainter
instanceKlass com/sun/glass/ui/View$EventHandler
instanceKlass com/sun/glass/ui/ClipboardAssistance
instanceKlass javafx/application/Platform
instanceKlass  @bci com/sun/glass/ui/GestureSupport createTouchCountListener ()Lcom/sun/glass/ui/TouchInputSupport$TouchCountListener; 4 <appendix> member <vmtarget> ; # com/sun/glass/ui/GestureSupport$$Lambda+0x0000025701169670
instanceKlass  @cpi com/sun/glass/ui/GestureSupport 204 form vmentry <vmtarget> ; # java/lang/invoke/LambdaForm$DMH+0x000002570116c000
instanceKlass com/sun/glass/ui/TouchInputSupport$TouchCountListener
instanceKlass com/sun/glass/ui/TouchInputSupport
instanceKlass com/sun/glass/ui/GestureSupport$GestureState
instanceKlass com/sun/glass/ui/GestureSupport
instanceKlass com/sun/glass/ui/win/WinGestureSupport
instanceKlass com/sun/javafx/tk/quantum/WindowStage$1
instanceKlass  @bci com/sun/javafx/tk/quantum/GlassStage lambda$doIntersectionPrivilege$1 (Ljava/security/AccessControlContext;)Ljava/security/AccessControlContext; 0 <appendix> argL0 ; # com/sun/javafx/tk/quantum/GlassStage$$Lambda+0x0000025701168000
instanceKlass  @bci com/sun/javafx/tk/quantum/GlassStage doIntersectionPrivilege (Ljava/security/PrivilegedAction;Ljava/security/AccessControlContext;Ljava/security/AccessControlContext;)Ljava/security/AccessControlContext; 1 <appendix> member <vmtarget> ; # com/sun/javafx/tk/quantum/GlassStage$$Lambda+0x0000025701167c80
instanceKlass  @bci com/sun/javafx/tk/quantum/GlassStage setSecurityContext (Ljava/security/AccessControlContext;)V 22 <appendix> argL0 ; # com/sun/javafx/tk/quantum/GlassStage$$Lambda+0x0000025701167a70
instanceKlass java/util/ResourceBundle$3
instanceKlass javafx/scene/input/KeyCombination$Modifier
instanceKlass com/sun/glass/ui/Window$EventHandler
instanceKlass com/sun/javafx/tk/quantum/GlassStage
instanceKlass com/sun/javafx/event/EventUtil
instanceKlass  @bci javafx/scene/Scene <init> (Ljavafx/scene/Parent;DDLjavafx/scene/paint/Paint;ZLjavafx/scene/SceneAntialiasing;)V 318 <appendix> member <vmtarget> ; # javafx/scene/Scene$$Lambda+0x0000025701165700
instanceKlass com/sun/javafx/util/WeakReferenceQueue
instanceKlass com/sun/javafx/scene/transform/TransformUtils
instanceKlass java/util/LinkedList$Node
instanceKlass javafx/scene/Node$NodeTransformation
instanceKlass  @bci javafx/scene/Camera <init> ()V 115 <appendix> member <vmtarget> ; # javafx/scene/Camera$$Lambda+0x000002570115ee38
instanceKlass javafx/scene/ParallelCamera$1
instanceKlass javafx/scene/Camera$1
instanceKlass com/sun/javafx/scene/ParallelCameraHelper$ParallelCameraAccessor
instanceKlass com/sun/javafx/scene/CameraHelper$CameraAccessor
instanceKlass com/sun/javafx/logging/PlatformLogger$1
instanceKlass javafx/scene/control/TextInputControl$StyleableProperties
instanceKlass javafx/scene/control/TextField$StyleableProperties
instanceKlass javafx/scene/layout/BorderWidths
instanceKlass com/sun/javafx/scene/layout/region/BorderImageSlices
instanceKlass javafx/scene/layout/Border
instanceKlass javafx/scene/layout/BackgroundSize
instanceKlass javafx/scene/layout/BackgroundPosition
instanceKlass com/sun/javafx/scene/layout/region/RepeatStruct
instanceKlass javafx/scene/layout/CornerRadii
instanceKlass javafx/scene/layout/Background
instanceKlass javafx/scene/layout/Region$StyleableProperties
instanceKlass javafx/scene/control/Control$StyleableProperties
instanceKlass javafx/scene/control/Labeled$StyleableProperties
instanceKlass com/sun/javafx/css/StyleCache$Key
instanceKlass javafx/scene/CssStyleHelper$CacheContainer
instanceKlass com/sun/javafx/css/StyleManager$Cache$Key
instanceKlass javafx/css/converter/CursorConverter$Holder
instanceKlass javafx/scene/Node$StyleableProperties
instanceKlass javafx/scene/image/ImageView$StyleableProperties
instanceKlass  @bci com/sun/javafx/css/StyleMap <clinit> ()V 30 <appendix> argL0 ; # com/sun/javafx/css/StyleMap$$Lambda+0x000002570114c800
instanceKlass com/sun/javafx/css/CascadingStyle
instanceKlass com/sun/javafx/css/StyleMap
instanceKlass com/sun/javafx/css/StyleManager$Cache
instanceKlass java/util/TimSort
instanceKlass java/util/Arrays$LegacyMergeSort
instanceKlass com/sun/javafx/css/StyleManager$Key
instanceKlass  @bci java/lang/ClassLoader definePackage (Ljava/lang/String;Ljava/lang/Module;)Ljava/lang/Package; 73 <appendix> member <vmtarget> ; # java/lang/ClassLoader$$Lambda+0x000002570106d458
instanceKlass  @bci com/sun/javafx/css/StyleManager findMatchingStyles (Ljavafx/scene/Node;Ljavafx/scene/SubScene;[Ljava/util/Set;)Lcom/sun/javafx/css/StyleMap; 251 <appendix> argL0 ; # com/sun/javafx/css/StyleManager$$Lambda+0x000002570114d3f0
instanceKlass com/sun/javafx/css/StyleManager$CacheContainer
instanceKlass javafx/css/converter/FontConverter$FontStyleConverter$Holder
instanceKlass javafx/css/converter/FontConverter$Holder
instanceKlass com/sun/javafx/font/PrismFont
instanceKlass com/sun/javafx/font/CharToGlyphMapper
instanceKlass com/sun/javafx/font/FontStrike
instanceKlass com/sun/javafx/font/LogicalFont
instanceKlass com/sun/javafx/font/CompositeFontResource
instanceKlass com/sun/javafx/font/directwrite/IUnknown
instanceKlass  @bci com/sun/javafx/font/directwrite/OS <clinit> ()V 0 <appendix> argL0 ; # com/sun/javafx/font/directwrite/OS$$Lambda+0x000002570114aa08
instanceKlass com/sun/javafx/font/directwrite/OS
instanceKlass com/sun/javafx/font/FontFallbackInfo
instanceKlass com/sun/javafx/text/GlyphLayout
instanceKlass com/sun/javafx/font/PrismFontFile
instanceKlass com/sun/javafx/font/FontConstants
# instanceKlass java/lang/invoke/LambdaForm$MH+0x000002570114c000
instanceKlass com/sun/javafx/scene/text/FontHelper
instanceKlass javafx/scene/text/Font$1
instanceKlass com/sun/javafx/scene/text/FontHelper$FontAccessor
instanceKlass sun/util/logging/PlatformLogger$ConfigurableBridge$LoggerConfiguration
instanceKlass java/util/logging/LogManager$4
instanceKlass  @bci java/util/logging/Level$KnownLevel findByName (Ljava/lang/String;Ljava/util/function/Function;)Ljava/util/Optional; 29 <appendix> argL0 ; # java/util/logging/Level$KnownLevel$$Lambda+0x800000025
instanceKlass java/util/ArrayList$ArrayListSpliterator
instanceKlass  @bci java/util/logging/Level findLevel (Ljava/lang/String;)Ljava/util/logging/Level; 13 <appendix> argL0 ; # java/util/logging/Level$$Lambda+0x800000013
instanceKlass java/util/Hashtable$Enumerator
instanceKlass java/util/logging/LogManager$LoggerContext$1
instanceKlass java/util/logging/LogManager$VisitedLoggers
instanceKlass java/util/logging/Logger$ConfigurationData
instanceKlass java/util/logging/Logger$LoggerBundle
instanceKlass java/util/logging/Handler
instanceKlass java/util/logging/Logger
instanceKlass java/util/logging/LogManager$2
instanceKlass java/util/logging/LogManager$LoggingProviderAccess
instanceKlass java/util/logging/LogManager$LogNode
instanceKlass java/util/logging/LogManager$LoggerContext
instanceKlass java/util/logging/LogManager$1
instanceKlass  @bci java/util/logging/Level$KnownLevel add (Ljava/util/logging/Level;)V 49 <appendix> argL0 ; # java/util/logging/Level$KnownLevel$$Lambda+0x800000024
instanceKlass  @bci java/util/logging/Level$KnownLevel add (Ljava/util/logging/Level;)V 19 <appendix> argL0 ; # java/util/logging/Level$KnownLevel$$Lambda+0x800000023
instanceKlass java/util/logging/Level
instanceKlass java/util/logging/LogManager
instanceKlass jdk/internal/logger/BootstrapLogger$BootstrapExecutors
instanceKlass jdk/internal/logger/BootstrapLogger$RedirectedLoggers
instanceKlass java/util/ServiceLoader$ProviderImpl
instanceKlass java/util/ServiceLoader$Provider
instanceKlass java/util/ServiceLoader$1
instanceKlass sun/util/logging/internal/LoggingProviderImpl$LogManagerAccess
instanceKlass java/util/concurrent/CopyOnWriteArrayList$COWIterator
instanceKlass jdk/internal/loader/URLClassPath$1
instanceKlass java/lang/CompoundEnumeration
instanceKlass jdk/internal/loader/BuiltinClassLoader$1
instanceKlass java/util/Collections$EmptyEnumeration
instanceKlass java/util/ServiceLoader$3
instanceKlass java/util/ServiceLoader$2
instanceKlass java/util/ServiceLoader$LazyClassPathLookupIterator
instanceKlass java/util/Spliterators$1Adapter
instanceKlass java/util/Spliterators$ArraySpliterator
instanceKlass java/util/ServiceLoader$ModuleServicesLookupIterator
instanceKlass java/util/ServiceLoader
instanceKlass jdk/internal/logger/BootstrapLogger$DetectBackend$1
instanceKlass jdk/internal/logger/BootstrapLogger$DetectBackend
instanceKlass jdk/internal/logger/BootstrapLogger
instanceKlass sun/util/logging/PlatformLogger$ConfigurableBridge
instanceKlass sun/util/logging/PlatformLogger$Bridge
instanceKlass java/io/FilePermission$1
instanceKlass jdk/internal/access/JavaIOFilePermissionAccess
instanceKlass jdk/internal/logger/LoggerFinderLoader
instanceKlass  @bci java/lang/System$LoggerFinder accessProvider ()Ljava/lang/System$LoggerFinder; 8 <appendix> argL0 ; # java/lang/System$LoggerFinder$$Lambda+0x000002570106b5c0
instanceKlass jdk/internal/logger/DefaultLoggerFinder$1
instanceKlass java/lang/System$LoggerFinder
instanceKlass jdk/internal/logger/LazyLoggers$LazyLoggerFactories
instanceKlass jdk/internal/logger/LazyLoggers$1
instanceKlass jdk/internal/logger/LazyLoggers
instanceKlass com/sun/javafx/logging/PlatformLogger
instanceKlass java/lang/System$Logger
instanceKlass com/sun/javafx/util/Logging
instanceKlass javafx/css/CssMetaData
instanceKlass javafx/scene/CssStyleHelper
instanceKlass javafx/scene/Scene$ClickCounter
instanceKlass javafx/scene/Scene$ClickGenerator
instanceKlass javafx/scene/Scene$MouseHandler$1
instanceKlass com/sun/javafx/event/EventQueue
instanceKlass javafx/scene/Scene$MouseHandler
instanceKlass com/sun/javafx/scene/traversal/TraversalEngine$BaseEngineContext
instanceKlass com/sun/javafx/scene/traversal/ContainerTabOrder
instanceKlass com/sun/javafx/scene/traversal/Algorithm
instanceKlass com/sun/javafx/scene/traversal/TraversalContext
instanceKlass  @bci javafx/scene/Scene <init> (Ljavafx/scene/Parent;DDLjavafx/scene/paint/Paint;ZLjavafx/scene/SceneAntialiasing;)V 172 <appendix> member <vmtarget> ; # javafx/scene/Scene$$Lambda+0x0000025701145ba0
instanceKlass javafx/scene/Scene$TouchMap
instanceKlass javafx/scene/Scene$TouchGesture
instanceKlass javafx/scene/Scene$TargetWrapper
instanceKlass javafx/scene/Scene$ScenePulseListener
instanceKlass javafx/scene/SceneAntialiasing
instanceKlass  @bci javafx/scene/Scene <clinit> ()V 76 <appendix> argL0 ; # javafx/scene/Scene$$Lambda+0x00000257011441f8
instanceKlass com/sun/javafx/scene/SceneHelper
instanceKlass javafx/scene/Scene$2
instanceKlass javafx/scene/input/InputMethodRequests
instanceKlass com/sun/javafx/tk/TKDropTargetListener
instanceKlass com/sun/javafx/tk/TKScenePaintListener
instanceKlass com/sun/javafx/tk/TKSceneListener
instanceKlass com/sun/javafx/scene/SceneHelper$SceneAccessor
instanceKlass com/sun/javafx/perf/PerformanceTracker$SceneAccessor
instanceKlass com/sun/javafx/scene/traversal/TraversalEngine
instanceKlass javafx/collections/MapChangeListener$Change
instanceKlass com/sun/javafx/collections/ObservableMapWrapper
instanceKlass  @bci javafx/scene/layout/StackPane <clinit> ()V 0 <appendix> argL0 ; # javafx/scene/layout/StackPane$$Lambda+0x000002570112fd50
instanceKlass  @bci javafx/scene/layout/VBox <clinit> ()V 0 <appendix> argL0 ; # javafx/scene/layout/VBox$$Lambda+0x000002570112fb40
instanceKlass  @bci com/example/App createLoginScene ()Ljavafx/scene/Scene; 435 <appendix> member <vmtarget> ; # com/example/App$$Lambda+0x000002570112e448
instanceKlass com/sun/javafx/cursor/CursorFrame
instanceKlass javafx/scene/Cursor
instanceKlass javafx/scene/Node$MiscProperties
instanceKlass  @bci com/example/App createLoginScene ()Ljavafx/scene/Scene; 398 <appendix> member <vmtarget> ; # com/example/App$$Lambda+0x0000025701128e30
instanceKlass  @bci com/example/App createLoginScene ()Ljavafx/scene/Scene; 386 <appendix> member <vmtarget> ; # com/example/App$$Lambda+0x0000025701128c18
instanceKlass  @bci com/example/App createLoginScene ()Ljavafx/scene/Scene; 374 <appendix> member <vmtarget> ; # com/example/App$$Lambda+0x0000025701128a00
instanceKlass  @bci com/example/App createLoginScene ()Ljavafx/scene/Scene; 363 <appendix> member <vmtarget> ; # com/example/App$$Lambda+0x0000025701127dc0
instanceKlass sun/nio/ch/Util$BufferCache
instanceKlass sun/nio/ch/Util
instanceKlass sun/nio/ch/IOStatus
instanceKlass sun/nio/ch/NativeThread
instanceKlass java/nio/channels/NetworkChannel
instanceKlass sun/nio/ch/SelChImpl
instanceKlass sun/nio/ch/Streams
instanceKlass java/nio/channels/Channels
instanceKlass sun/nio/ch/FileChannelImpl$Closer
instanceKlass sun/nio/ch/NativeThreadSet
instanceKlass sun/nio/ch/IOUtil
instanceKlass sun/nio/ch/NativeDispatcher
instanceKlass java/nio/channels/spi/AbstractInterruptibleChannel
instanceKlass java/nio/channels/InterruptibleChannel
instanceKlass java/nio/channels/ScatteringByteChannel
instanceKlass java/nio/channels/GatheringByteChannel
instanceKlass java/nio/channels/SeekableByteChannel
instanceKlass java/nio/channels/ByteChannel
instanceKlass java/nio/channels/WritableByteChannel
instanceKlass java/nio/channels/ReadableByteChannel
instanceKlass java/nio/channels/Channel
instanceKlass sun/nio/fs/WindowsChannelFactory$Flags
instanceKlass sun/nio/fs/WindowsChannelFactory$1
instanceKlass sun/nio/fs/WindowsChannelFactory
instanceKlass sun/nio/fs/WindowsSecurityDescriptor
instanceKlass java/nio/file/attribute/FileAttribute
instanceKlass  @bci javafx/scene/control/TextInputControl <init> (Ljavafx/scene/control/TextInputControl$Content;)V 260 <appendix> member <vmtarget> ; # javafx/scene/control/TextInputControl$$Lambda+0x00000257011267c8
instanceKlass  @bci javafx/scene/control/TextInputControl <init> (Ljavafx/scene/control/TextInputControl$Content;)V 247 <appendix> member <vmtarget> ; # javafx/scene/control/TextInputControl$$Lambda+0x00000257011261e0
instanceKlass  @bci javafx/scene/control/TextInputControl <init> (Ljavafx/scene/control/TextInputControl$Content;)V 234 <appendix> member <vmtarget> ; # javafx/scene/control/TextInputControl$$Lambda+0x0000025701125fc8
instanceKlass javafx/beans/property/IntegerPropertyBase$Listener
instanceKlass com/sun/javafx/binding/BindingHelperObserver
instanceKlass  @bci javafx/scene/control/TextInputControl <init> (Ljavafx/scene/control/TextInputControl$Content;)V 204 <appendix> member <vmtarget> ; # javafx/scene/control/TextInputControl$$Lambda+0x0000025701124bf8
instanceKlass javafx/scene/control/TextInputControl$UndoRedoChange
instanceKlass javafx/scene/control/IndexRange
instanceKlass javafx/scene/control/TextInputControl$ContentBase
instanceKlass javafx/beans/value/ObservableIntegerValue
instanceKlass javafx/beans/value/WritableIntegerValue
instanceKlass javafx/scene/control/TextInputControl$Content
instanceKlass com/sun/javafx/scene/control/FormatterAccessor
instanceKlass  @bci javafx/scene/control/Label <init> (Ljava/lang/String;)V 7 <appendix> member <vmtarget> ; # javafx/scene/control/Label$$Lambda+0x0000025701117580
instanceKlass  @cpi com/example/TableUtils$EnhancedTable 770 form vmentry <vmtarget> ; # java/lang/invoke/LambdaForm$DMH+0x0000025701114400
instanceKlass javafx/beans/value/ChangeListener
instanceKlass javafx/event/WeakEventHandler
instanceKlass com/sun/javafx/event/CompositeEventHandler$EventProcessorRecord
instanceKlass com/sun/javafx/event/CompositeEventHandler
instanceKlass javafx/event/EventType
instanceKlass  @bci javafx/event/Event <clinit> ()V 0 <appendix> argL0 ; # javafx/event/Event$$Lambda+0x0000025701113460
instanceKlass  @bci javafx/scene/control/Control <clinit> ()V 35 <appendix> argL0 ; # javafx/scene/control/Control$$Lambda+0x0000025701113250
instanceKlass  @cpi org/h2/table/TableFilter 680 form vmentry <vmtarget> ; # java/lang/invoke/LambdaForm$DMH+0x0000025701114000
instanceKlass javafx/event/EventHandler
instanceKlass java/util/EventListener
instanceKlass com/sun/javafx/css/StyleManager$RefList
instanceKlass javafx/css/converter/FontConverter$FontWeightConverter$Holder
instanceKlass javafx/css/converter/StringConverter$Holder
instanceKlass javafx/css/converter/FontConverter$FontSizeConverter$Holder
instanceKlass javafx/css/converter/EffectConverter$Holder
instanceKlass javafx/scene/effect/Effect
instanceKlass com/sun/javafx/scene/layout/region/Margins
instanceKlass com/sun/javafx/scene/layout/region/Margins$Holder
instanceKlass javafx/css/converter/BooleanConverter$Holder
instanceKlass javafx/css/converter/SizeConverter$Holder
instanceKlass javafx/css/converter/InsetsConverter$Holder
instanceKlass com/sun/javafx/css/SelectorPartitioning$Slot
instanceKlass com/sun/javafx/css/BitSet$1
instanceKlass com/sun/javafx/css/SelectorPartitioning$Partition
instanceKlass javafx/css/converter/PaintConverter$Holder
instanceKlass javafx/css/converter/StopConverter$Holder
instanceKlass javafx/css/converter/LadderConverter$Holder
instanceKlass javafx/css/converter/DeriveColorConverter$Holder
instanceKlass javafx/css/converter/URLConverter$Holder
instanceKlass javafx/css/StyleConverter
instanceKlass javafx/css/Size
instanceKlass javafx/css/ParsedValue
instanceKlass javafx/css/Declaration
instanceKlass javafx/css/Rule$Observables
instanceKlass  @bci com/sun/javafx/css/SelectorPartitioning <clinit> ()V 28 <appendix> argL0 ; # com/sun/javafx/css/SelectorPartitioning$$Lambda+0x0000025701106608
instanceKlass com/sun/javafx/css/SelectorPartitioning$PartitionKey
instanceKlass com/sun/javafx/css/SelectorPartitioning
instanceKlass com/sun/javafx/css/StyleManager$StylesheetContainer
instanceKlass java/util/AbstractList$SubList$1
instanceKlass javafx/collections/ModifiableObservableListBase$SubObservableList
instanceKlass javafx/css/StyleClass
instanceKlass javafx/css/Selector
instanceKlass javafx/css/Rule
instanceKlass javafx/css/StyleConverter$StringStore
instanceKlass sun/net/www/protocol/jar/JarFileFactory
instanceKlass sun/net/www/protocol/jar/URLJarFile$URLJarFileCloseController
instanceKlass javafx/css/Stylesheet
# instanceKlass java/lang/invoke/LambdaForm$MH+0x0000025701104400
# instanceKlass java/lang/invoke/LambdaForm$MH+0x0000025701104000
instanceKlass javafx/geometry/Point2D
instanceKlass  @bci com/sun/javafx/font/PrismFontFactory <clinit> ()V 59 <appendix> member <vmtarget> ; # com/sun/javafx/font/PrismFontFactory$$Lambda+0x00000257010ffc28
instanceKlass java/io/FilenameFilter
instanceKlass com/sun/javafx/font/FontResource
instanceKlass com/sun/javafx/font/PGFont
instanceKlass com/sun/javafx/font/PrismFontFactory
instanceKlass com/sun/javafx/scene/text/TextLine
instanceKlass com/sun/javafx/scene/text/GlyphList
instanceKlass java/text/CharacterIterator
instanceKlass com/sun/javafx/text/PrismTextLayout
instanceKlass com/sun/javafx/scene/text/TextLayout
instanceKlass com/sun/javafx/text/PrismTextLayoutFactory
instanceKlass  @bci javafx/scene/text/Text <init> ()V 64 <appendix> member <vmtarget> ; # javafx/scene/text/Text$$Lambda+0x00000257010fe7c0
instanceKlass  @bci javafx/scene/text/Text <init> ()V 37 <appendix> member <vmtarget> ; # javafx/scene/text/Text$$Lambda+0x00000257010fe370
instanceKlass javafx/scene/paint/Paint$1
instanceKlass com/sun/javafx/tk/Toolkit$PaintAccessor
instanceKlass javafx/scene/text/Text$1
instanceKlass javafx/scene/shape/Shape$1
instanceKlass com/sun/javafx/scene/text/TextSpan
instanceKlass com/sun/javafx/scene/shape/TextHelper$TextAccessor
instanceKlass com/sun/javafx/scene/shape/ShapeHelper$ShapeAccessor
instanceKlass com/sun/javafx/scene/control/skin/Utils
instanceKlass  @bci com/sun/javafx/css/StyleManager loadStylesheetUnPrivileged (Ljava/lang/String;)Ljavafx/css/Stylesheet; 7 <appendix> member <vmtarget> ; # com/sun/javafx/css/StyleManager$$Lambda+0x00000257010f5368
instanceKlass com/sun/javafx/css/StyleManager$ImageCache
instanceKlass com/sun/javafx/css/StyleManager$InstanceHolder
instanceKlass com/sun/javafx/css/StyleManager
instanceKlass  @bci com/sun/javafx/application/PlatformImpl _setPlatformUserAgentStylesheet (Ljava/lang/String;)V 370 <appendix> member <vmtarget> ; # com/sun/javafx/application/PlatformImpl$$Lambda+0x00000257010f4b58
instanceKlass  @bci com/sun/javafx/application/PlatformImpl _setAccessibilityTheme (Ljava/lang/String;)V 0 <appendix> argL0 ; # com/sun/javafx/application/PlatformImpl$$Lambda+0x00000257010f4948
instanceKlass  @bci com/sun/glass/ui/win/WinApplication getHighContrastScheme (Ljava/lang/String;)Ljava/lang/String; 11 <appendix> member <vmtarget> ; # com/sun/glass/ui/win/WinApplication$$Lambda+0x00000257010f4710
instanceKlass java/util/Collections$SynchronizedCollection
instanceKlass java/util/Properties$EntrySet
instanceKlass java/io/Reader
instanceKlass  @bci java/util/ResourceBundle$ResourceBundleProviderHelper loadPropertyResourceBundle (Ljava/lang/Module;Ljava/lang/Module;Ljava/lang/String;Ljava/util/Locale;)Ljava/util/ResourceBundle; 14 <appendix> member <vmtarget> ; # java/util/ResourceBundle$ResourceBundleProviderHelper$$Lambda+0x000002570105f698
instanceKlass sun/security/util/SecurityProperties
instanceKlass sun/security/util/FilePermCompat
instanceKlass  @bci java/util/ResourceBundle$ResourceBundleProviderHelper loadResourceBundle (Ljava/lang/Module;Ljava/lang/Module;Ljava/lang/String;Ljava/util/Locale;)Ljava/util/ResourceBundle; 13 <appendix> member <vmtarget> ; # java/util/ResourceBundle$ResourceBundleProviderHelper$$Lambda+0x000002570105f0b0
instanceKlass java/util/ResourceBundle$ResourceBundleProviderHelper
instanceKlass java/util/ResourceBundle$CacheKeyReference
instanceKlass java/util/ResourceBundle$CacheKey
instanceKlass  @bci java/util/ResourceBundle getLoader (Ljava/lang/Module;)Ljava/lang/ClassLoader; 6 <appendix> member <vmtarget> ; # java/util/ResourceBundle$$Lambda+0x000002570105e848
instanceKlass java/util/ResourceBundle$Control
instanceKlass java/util/ResourceBundle$1
instanceKlass jdk/internal/access/JavaUtilResourceBundleAccess
instanceKlass java/util/ResourceBundle
instanceKlass com/sun/javafx/tk/quantum/QuantumToolkit$6
instanceKlass com/sun/javafx/application/PlatformImpl$2
instanceKlass  @bci com/sun/javafx/application/PlatformImpl _setPlatformUserAgentStylesheet (Ljava/lang/String;)V 8 <appendix> argL0 ; # com/sun/javafx/application/PlatformImpl$$Lambda+0x00000257010f34a8
instanceKlass javafx/scene/control/Control$1
instanceKlass javafx/scene/control/Skin
instanceKlass com/sun/javafx/scene/control/ControlHelper$ControlAccessor
instanceKlass javafx/scene/Scene
instanceKlass javafx/scene/text/Font
instanceKlass java/time/LocalDate
instanceKlass java/time/chrono/ChronoLocalDate
instanceKlass java/time/temporal/TemporalAdjuster
instanceKlass java/time/temporal/Temporal
instanceKlass java/time/temporal/TemporalAccessor
instanceKlass  @bci javafx/scene/layout/Region <init> ()V 6 <appendix> member <vmtarget> ; # javafx/scene/layout/Region$$Lambda+0x00000257010e99a0
instanceKlass  @bci javafx/scene/layout/HBox <clinit> ()V 0 <appendix> argL0 ; # javafx/scene/layout/HBox$$Lambda+0x00000257010e73d0
instanceKlass javafx/geometry/Insets
instanceKlass javafx/scene/layout/Pane$1
instanceKlass com/sun/javafx/geom/Vec2d
instanceKlass javafx/scene/layout/Region$1
instanceKlass javafx/scene/Parent$1
instanceKlass  @bci javafx/scene/PropertyHelper getBooleanProperty (Ljava/lang/String;)Z 1 <appendix> member <vmtarget> ; # javafx/scene/PropertyHelper$$Lambda+0x00000257010e5f30
instanceKlass javafx/scene/PropertyHelper
instanceKlass com/sun/javafx/scene/layout/PaneHelper$PaneAccessor
instanceKlass com/sun/javafx/scene/layout/RegionHelper$RegionAccessor
instanceKlass com/sun/javafx/scene/ParentHelper$ParentAccessor
instanceKlass javafx/beans/WeakInvalidationListener
instanceKlass javafx/collections/SetChangeListener
instanceKlass javafx/scene/image/ImageView$1
instanceKlass  @bci javafx/scene/Node <clinit> ()V 123 <appendix> argL0 ; # javafx/scene/Node$$Lambda+0x00000257010da148
instanceKlass  @cpi javafx/scene/Node 3284 form vmentry <vmtarget> ; # java/lang/invoke/LambdaForm$DMH+0x00000257010dc000
instanceKlass com/sun/javafx/scene/BoundsAccessor
instanceKlass javafx/collections/SetChangeListener$Change
instanceKlass javafx/css/PseudoClass
instanceKlass javafx/geometry/Point3D
instanceKlass com/sun/javafx/scene/transform/TransformHelper
instanceKlass javafx/scene/transform/Transform$1
instanceKlass com/sun/javafx/scene/transform/TransformHelper$TransformAccessor
instanceKlass javafx/scene/transform/Transform
instanceKlass com/sun/javafx/scene/NodeHelper
instanceKlass javafx/scene/Node$1
instanceKlass com/sun/javafx/sg/prism/NGNode
instanceKlass com/sun/javafx/scene/ImageViewHelper$ImageViewAccessor
instanceKlass com/sun/javafx/beans/event/AbstractNotifyListener
instanceKlass com/sun/glass/ui/Accessible$EventHandler
instanceKlass javafx/css/StyleableProperty
instanceKlass com/sun/javafx/scene/NodeHelper$NodeAccessor
instanceKlass java/nio/charset/CoderResult
instanceKlass java/lang/Readable
instanceKlass com/sun/javafx/collections/VetoableListDecorator$ModCountAccessorImpl
instanceKlass com/sun/javafx/collections/VetoableListDecorator$VetoableIteratorDecorator
instanceKlass java/util/Collections$1
instanceKlass com/sun/prism/Image$Serial
instanceKlass com/sun/javafx/image/impl/ByteRgba$Accessor
instanceKlass com/sun/javafx/image/impl/ByteRgba
instanceKlass com/sun/javafx/image/impl/ByteBgraPre$Accessor
instanceKlass com/sun/javafx/image/impl/ByteBgraPre
instanceKlass com/sun/javafx/image/impl/BaseByteToByteConverter
instanceKlass com/sun/javafx/image/ByteToBytePixelConverter
instanceKlass com/sun/javafx/image/PixelConverter
instanceKlass com/sun/javafx/image/impl/ByteBgra$Accessor
instanceKlass com/sun/javafx/image/BytePixelAccessor
instanceKlass com/sun/javafx/image/BytePixelSetter
instanceKlass com/sun/javafx/image/PixelSetter
instanceKlass com/sun/javafx/image/BytePixelGetter
instanceKlass com/sun/javafx/image/impl/ByteBgra
instanceKlass com/sun/prism/Image$1
instanceKlass javafx/scene/image/PixelFormat
instanceKlass com/sun/javafx/image/PixelGetter
instanceKlass com/sun/prism/Image$Accessor
instanceKlass com/sun/prism/Image
instanceKlass com/sun/javafx/iio/ImageFrame
instanceKlass com/sun/javafx/iio/ImageMetadata
instanceKlass com/sun/javafx/iio/common/ImageLoaderImpl
instanceKlass java/util/Collections$3
instanceKlass com/sun/javafx/iio/common/ImageTools
instanceKlass com/sun/javafx/iio/ImageFormatDescription$Signature
instanceKlass com/sun/javafx/iio/common/ImageDescriptor
instanceKlass com/sun/javafx/iio/bmp/BMPImageLoaderFactory
instanceKlass com/sun/javafx/iio/png/PNGImageLoaderFactory
instanceKlass com/sun/javafx/iio/jpeg/JPEGImageLoaderFactory
instanceKlass com/sun/javafx/iio/ImageLoader
instanceKlass com/sun/javafx/iio/ImageFormatDescription
instanceKlass com/sun/javafx/iio/gif/GIFImageLoaderFactory
instanceKlass com/sun/javafx/iio/ImageLoaderFactory
instanceKlass com/sun/javafx/iio/ImageStorage$InstanceHolder
instanceKlass com/sun/javafx/iio/ImageStorage
instanceKlass com/sun/javafx/tk/quantum/PrismImageLoader2$PrismLoadListener
instanceKlass com/sun/javafx/iio/ImageLoadListener
instanceKlass com/sun/javafx/tk/quantum/PrismImageLoader2
instanceKlass sun/net/www/MessageHeader
instanceKlass java/net/URLConnection
instanceKlass jdk/internal/jimage/ImageLocation
instanceKlass jdk/internal/jimage/decompressor/Decompressor
instanceKlass jdk/internal/jimage/ImageStringsReader
instanceKlass jdk/internal/jimage/ImageStrings
instanceKlass jdk/internal/jimage/ImageHeader
instanceKlass jdk/internal/jimage/NativeImageBuffer$1
instanceKlass jdk/internal/jimage/NativeImageBuffer
instanceKlass jdk/internal/jimage/BasicImageReader$1
instanceKlass jdk/internal/jimage/BasicImageReader
instanceKlass jdk/internal/jimage/ImageReader
instanceKlass jdk/internal/jimage/ImageReaderFactory$1
instanceKlass jdk/internal/jimage/ImageReaderFactory
instanceKlass jdk/internal/module/SystemModuleFinders$SystemImage
instanceKlass jdk/internal/module/SystemModuleFinders$SystemModuleReader
instanceKlass jdk/internal/loader/BuiltinClassLoader$2
instanceKlass  @bci com/sun/javafx/collections/VetoableListDecorator <init> (Ljavafx/collections/ObservableList;)V 14 <appendix> member <vmtarget> ; # com/sun/javafx/collections/VetoableListDecorator$$Lambda+0x00000257010b6cd8
instanceKlass  @bci com/sun/javafx/collections/TrackableObservableList <init> ()V 13 <appendix> member <vmtarget> ; # com/sun/javafx/collections/TrackableObservableList$$Lambda+0x00000257010b6ac0
instanceKlass com/sun/javafx/collections/VetoableListDecorator$ModCountAccessor
instanceKlass com/sun/javafx/collections/VetoableListDecorator
instanceKlass com/sun/javafx/event/EventDispatchChainImpl
instanceKlass javafx/event/EventDispatchChain
instanceKlass com/sun/javafx/event/BasicEventDispatcher
instanceKlass javafx/event/EventDispatcher
instanceKlass javafx/beans/binding/NumberBinding
instanceKlass javafx/stage/Window$TKBoundsConfigurator
instanceKlass com/sun/javafx/tk/TKPulseListener
instanceKlass javafx/stage/Stage$2
instanceKlass javafx/stage/Stage$1
instanceKlass com/sun/javafx/stage/WindowHelper
instanceKlass javafx/stage/Window$1
instanceKlass com/sun/javafx/stage/WindowPeerListener
instanceKlass com/sun/javafx/tk/TKStageListener
instanceKlass javafx/beans/binding/StringExpression
instanceKlass javafx/beans/value/ObservableStringValue
instanceKlass javafx/beans/value/WritableStringValue
instanceKlass com/sun/javafx/stage/StagePeerListener$StageAccessor
instanceKlass com/sun/javafx/stage/StageHelper$StageAccessor
instanceKlass com/sun/javafx/stage/WindowHelper$WindowAccessor
instanceKlass javafx/beans/value/WritableDoubleValue
instanceKlass javafx/beans/value/WritableNumberValue
instanceKlass  @bci com/sun/javafx/application/LauncherImpl launchApplication1 (Ljava/lang/Class;Ljava/lang/Class;[Ljava/lang/String;)V 415 <appendix> member <vmtarget> ; # com/sun/javafx/application/LauncherImpl$$Lambda+0x000002570109e0f8
instanceKlass  @bci com/sun/javafx/application/PlatformImpl setApplicationName (Ljava/lang/Class;)V 1 <appendix> member <vmtarget> ; # com/sun/javafx/application/PlatformImpl$$Lambda+0x000002570109dee0
instanceKlass java/nio/file/FileSystems$DefaultFileSystemHolder$1
instanceKlass java/nio/file/FileSystems$DefaultFileSystemHolder
instanceKlass java/nio/file/Paths
instanceKlass com/google/zxing/Binarizer
instanceKlass com/google/zxing/LuminanceSource
instanceKlass com/lowagie/text/TextElementArray
instanceKlass com/lowagie/text/Element
instanceKlass java/util/EventObject
instanceKlass javafx/scene/control/Skinnable
instanceKlass javafx/stage/Window
instanceKlass org/kordamp/ikonli/javafx/Icon
instanceKlass javafx/scene/Node
instanceKlass javafx/css/Styleable
instanceKlass javafx/event/EventTarget
instanceKlass org/kordamp/ikonli/Ikon
instanceKlass java/util/zip/Checksum$1
instanceKlass java/util/zip/CRC32
instanceKlass java/util/zip/Checksum
instanceKlass java/util/NavigableSet
instanceKlass java/util/SortedSet
instanceKlass jdk/internal/loader/FileURLMapper
instanceKlass jdk/internal/loader/URLClassPath$JarLoader$1
instanceKlass  @bci com/sun/javafx/application/PlatformImpl lambda$runLater$11 (Ljava/lang/Runnable;Ljava/security/AccessControlContext;)V 1 <appendix> member <vmtarget> ; # com/sun/javafx/application/PlatformImpl$$Lambda+0x00000257010867e0
instanceKlass com/sun/scenario/animation/AbstractPrimaryTimer$MainLoop
instanceKlass com/sun/scenario/DelayedRunnable
instanceKlass com/sun/glass/ui/InvokeLaterDispatcher$Future
instanceKlass com/sun/scenario/animation/shared/TimerReceiver
instanceKlass com/sun/scenario/animation/shared/PulseReceiver
instanceKlass java/util/concurrent/LinkedBlockingDeque$Node
instanceKlass  @bci com/sun/javafx/application/PlatformImpl runLater (Ljava/lang/Runnable;Z)V 68 <appendix> member <vmtarget> ; # com/sun/javafx/application/PlatformImpl$$Lambda+0x00000257010857d0
instanceKlass com/sun/javafx/animation/TickCalculation
instanceKlass  @bci com/sun/javafx/application/PlatformImpl runAndWait (Ljava/lang/Runnable;Z)V 43 <appendix> member <vmtarget> ; # com/sun/javafx/application/PlatformImpl$$Lambda+0x00000257010853c0
instanceKlass  @bci com/sun/scenario/animation/AbstractPrimaryTimer <clinit> ()V 16 <appendix> argL0 ; # com/sun/scenario/animation/AbstractPrimaryTimer$$Lambda+0x00000257010851b0
instanceKlass  @bci com/sun/javafx/application/LauncherImpl launchApplication1 (Ljava/lang/Class;Ljava/lang/Class;[Ljava/lang/String;)V 303 <appendix> member <vmtarget> ; # com/sun/javafx/application/LauncherImpl$$Lambda+0x0000025701084f98
instanceKlass  @cpi com/example/TableUtils$EnhancedTable 776 form vmentry <vmtarget> ; # java/lang/invoke/LambdaForm$DMH+0x0000025701080400
instanceKlass com/sun/scenario/Settings
instanceKlass com/sun/javafx/application/LauncherImpl$1
instanceKlass java/util/AbstractList$Itr
instanceKlass javafx/collections/ListChangeBuilder$SubChange
instanceKlass javafx/collections/ListChangeBuilder
instanceKlass javafx/geometry/Rectangle2D
instanceKlass  @bci javafx/stage/Screen <clinit> ()V 29 <appendix> argL0 ; # javafx/stage/Screen$$Lambda+0x000002570103fd20
instanceKlass  @cpi javafx/stage/Screen 283 form vmentry <vmtarget> ; # java/lang/invoke/LambdaForm$DMH+0x0000025701080000
instanceKlass com/sun/javafx/tk/TKScreenConfigurationListener
instanceKlass com/sun/javafx/binding/ExpressionHelperBase
instanceKlass javafx/collections/WeakListChangeListener
instanceKlass javafx/beans/WeakListener
instanceKlass  @bci javafx/collections/FXCollections$UnmodifiableObservableListImpl <init> (Ljavafx/collections/ObservableList;)V 11 <appendix> member <vmtarget> ; # javafx/collections/FXCollections$UnmodifiableObservableListImpl$$Lambda+0x000002570103ea60
instanceKlass javafx/collections/ListChangeListener
instanceKlass javafx/collections/ListChangeListener$Change
instanceKlass javafx/util/Callback
instanceKlass com/sun/javafx/collections/SortableList
instanceKlass javafx/collections/FXCollections$EmptyObservableSet$1
instanceKlass javafx/collections/FXCollections$EmptyObservableList$1
instanceKlass javafx/collections/ObservableFloatArray
instanceKlass javafx/collections/ObservableIntegerArray
instanceKlass javafx/collections/ObservableArray
instanceKlass javafx/collections/ObservableSet
instanceKlass javafx/collections/ObservableList
instanceKlass javafx/collections/ObservableMap
instanceKlass javafx/collections/FXCollections
instanceKlass javafx/stage/Screen
instanceKlass  @bci com/sun/javafx/tk/quantum/QuantumToolkit runToolkit ()V 55 <appendix> member <vmtarget> ; # com/sun/javafx/tk/quantum/QuantumToolkit$$Lambda+0x00000257010392b8
instanceKlass  @bci com/sun/javafx/tk/quantum/QuantumToolkit runToolkit ()V 45 <appendix> member <vmtarget> ; # com/sun/javafx/tk/quantum/QuantumToolkit$$Lambda+0x00000257010390a0
instanceKlass com/sun/prism/impl/ps/BaseShaderContext$State
instanceKlass com/sun/javafx/geom/Vec3d
instanceKlass com/sun/prism/impl/VertexBuffer
instanceKlass com/sun/javafx/geom/BaseBounds
instanceKlass com/sun/javafx/geom/transform/GeneralTransform3D
instanceKlass com/sun/javafx/geom/transform/BaseTransform
instanceKlass com/sun/javafx/geom/transform/CanTransformVec3d
instanceKlass com/sun/prism/MaskTextureGraphics
instanceKlass com/sun/prism/ReadbackGraphics
instanceKlass com/sun/prism/ps/ShaderGraphics
instanceKlass com/sun/prism/impl/BaseGraphics
instanceKlass com/sun/prism/RectShadowGraphics
instanceKlass com/sun/prism/Graphics
instanceKlass com/sun/prism/impl/BaseContext
instanceKlass com/sun/prism/ps/Shader
instanceKlass com/sun/prism/Presentable
instanceKlass com/sun/prism/RTTexture
instanceKlass com/sun/prism/RenderTarget
instanceKlass com/sun/prism/Surface
instanceKlass com/sun/prism/Texture
instanceKlass com/sun/prism/MeshView
instanceKlass com/sun/prism/impl/TextureResourcePool
instanceKlass com/sun/prism/impl/ResourcePool
instanceKlass com/sun/prism/PhongMaterial
instanceKlass com/sun/prism/Material
instanceKlass com/sun/prism/Mesh
instanceKlass com/sun/prism/shape/ShapeRep
instanceKlass java/util/concurrent/Executors$RunnableAdapter
instanceKlass java/util/concurrent/FutureTask$WaitNode
instanceKlass  @bci com/sun/javafx/tk/quantum/QuantumRenderer createResourceFactory ()V 16 <appendix> argL0 ; # com/sun/javafx/tk/quantum/QuantumRenderer$$Lambda+0x0000025701034540
instanceKlass  @bci com/sun/javafx/tk/quantum/QuantumRenderer createResourceFactory ()V 10 <appendix> member <vmtarget> ; # com/sun/javafx/tk/quantum/QuantumRenderer$$Lambda+0x0000025701034328
instanceKlass java/util/concurrent/FutureTask
instanceKlass java/util/Arrays$ArrayItr
instanceKlass  @bci com/sun/glass/ui/Screen <clinit> ()V 4 <appendix> argL0 ; # com/sun/glass/ui/Screen$$Lambda+0x000002570102dd78
instanceKlass  @bci com/sun/glass/ui/win/WinApplication lambda$runLoop$4 (ILjava/lang/Runnable;)Ljava/lang/Thread; 7 <appendix> member <vmtarget> ; # com/sun/glass/ui/win/WinApplication$$Lambda+0x000002570102db60
instanceKlass  @cpi javafx/scene/control/Tooltip$TooltipBehavior 325 form vmentry <vmtarget> ; # java/lang/invoke/LambdaForm$DMH+0x0000025701030000
instanceKlass  @bci com/sun/glass/ui/win/WinApplication runLoop (Ljava/lang/Runnable;)V 58 <adapter> ; # java/lang/invoke/LambdaForm$MH+0x000002570102cc00
# instanceKlass java/lang/invoke/LambdaForm$DMH+0x000002570102c800
instanceKlass  @bci com/sun/glass/ui/win/WinApplication runLoop (Ljava/lang/Runnable;)V 58 <appendix> form vmentry <vmtarget> ; # java/lang/invoke/LambdaForm$DMH+0x000002570102c400
instanceKlass  @bci com/sun/glass/ui/win/WinApplication runLoop (Ljava/lang/Runnable;)V 58 <appendix> member <vmtarget> ; # com/sun/glass/ui/win/WinApplication$$Lambda+0x000002570102d948
instanceKlass  @bci com/sun/glass/ui/win/WinApplication getDesiredAwarenesslevel ()I 8 <appendix> argL0 ; # com/sun/glass/ui/win/WinApplication$$Lambda+0x000002570102d738
instanceKlass  @bci com/sun/glass/ui/win/WinApplication runLoop (Ljava/lang/Runnable;)V 0 <appendix> argL0 ; # com/sun/glass/ui/win/WinApplication$$Lambda+0x000002570102d528
instanceKlass  @bci com/sun/glass/ui/Application run (Ljava/lang/Runnable;)V 29 <appendix> member <vmtarget> ; # com/sun/glass/ui/Application$$Lambda+0x000002570102d310
instanceKlass java/util/concurrent/BlockingDeque
instanceKlass  @bci com/sun/glass/ui/win/WinApplication <init> ()V 4 <appendix> argL0 ; # com/sun/glass/ui/win/WinApplication$$Lambda+0x000002570102fbf8
instanceKlass java/lang/ProcessEnvironment$CheckedEntry
instanceKlass java/lang/ProcessEnvironment$CheckedEntrySet$1
instanceKlass java/lang/ProcessEnvironment$EntryComparator
instanceKlass java/lang/ProcessEnvironment$NameComparator
instanceKlass com/sun/glass/ui/win/WinApplication$1
instanceKlass com/sun/glass/ui/View
instanceKlass com/sun/glass/ui/Timer
instanceKlass com/sun/glass/ui/Cursor
instanceKlass com/sun/glass/ui/Accessible
instanceKlass com/sun/glass/ui/Window
instanceKlass com/sun/glass/ui/Pixels
instanceKlass com/sun/glass/ui/GlassRobot
instanceKlass com/sun/glass/ui/delegate/MenuDelegate
instanceKlass com/sun/glass/ui/delegate/MenuItemDelegate
instanceKlass com/sun/glass/ui/delegate/ClipboardDelegate
instanceKlass com/sun/glass/ui/delegate/MenuBarDelegate
instanceKlass com/sun/glass/ui/InvokeLaterDispatcher$InvokeLaterSubmitter
instanceKlass  @bci com/sun/glass/ui/Platform determinePlatform ()Ljava/lang/String; 6 <appendix> argL0 ; # com/sun/glass/ui/Platform$$Lambda+0x0000025701029cf0
instanceKlass com/sun/glass/ui/Platform
instanceKlass com/sun/glass/ui/PlatformFactory
instanceKlass  @bci com/sun/javafx/tk/quantum/QuantumToolkit startup (Ljava/lang/Runnable;)V 16 <appendix> member <vmtarget> ; # com/sun/javafx/tk/quantum/QuantumToolkit$$Lambda+0x00000257010296c0
instanceKlass  @bci com/sun/javafx/application/PlatformImpl startup (Ljava/lang/Runnable;Z)V 234 <appendix> member <vmtarget> ; # com/sun/javafx/application/PlatformImpl$$Lambda+0x00000257010294a8
instanceKlass java/lang/Shutdown$Lock
instanceKlass java/lang/Shutdown
instanceKlass java/lang/ApplicationShutdownHooks$1
instanceKlass java/lang/ApplicationShutdownHooks
instanceKlass  @bci com/sun/javafx/tk/quantum/QuantumToolkit init ()Z 37 <appendix> member <vmtarget> ; # com/sun/javafx/tk/quantum/QuantumToolkit$$Lambda+0x0000025701029290
instanceKlass  @bci com/sun/javafx/tk/quantum/PaintCollector <clinit> ()V 16 <appendix> argL0 ; # com/sun/javafx/tk/quantum/PaintCollector$$Lambda+0x0000025701029008
instanceKlass  @cpi javafx/scene/control/TableColumnBase 526 form vmentry <vmtarget> ; # java/lang/invoke/LambdaForm$DMH+0x000002570102c000
instanceKlass com/sun/javafx/tk/quantum/GlassScene
instanceKlass com/sun/javafx/tk/TKScene
instanceKlass com/sun/javafx/tk/quantum/PaintCollector
instanceKlass com/sun/javafx/tk/CompletionListener
instanceKlass java/util/concurrent/ForkJoinPool$2
instanceKlass jdk/internal/access/JavaUtilConcurrentFJPAccess
instanceKlass java/util/concurrent/ForkJoinPool$DefaultForkJoinWorkerThreadFactory
instanceKlass java/util/concurrent/ForkJoinPool$WorkQueue
instanceKlass java/util/concurrent/ForkJoinPool$ForkJoinWorkerThreadFactory
instanceKlass com/sun/glass/ui/View$Capability
instanceKlass com/sun/glass/ui/Screen
instanceKlass com/sun/prism/impl/BaseResourceFactory
instanceKlass com/sun/prism/ps/ShaderFactory
instanceKlass  @bci com/sun/prism/d3d/D3DPipeline <clinit> ()V 0 <appendix> argL0 ; # com/sun/prism/d3d/D3DPipeline$$Lambda+0x0000025701023968
instanceKlass com/sun/prism/ResourceFactory
instanceKlass com/sun/prism/GraphicsResource
instanceKlass  @bci java/sql/DriverManager getConnection (Ljava/lang/String;Ljava/util/Properties;Ljava/lang/Class;)Ljava/sql/Connection; 49 <appendix> argL2 form vmentry <vmtarget> ; # java/lang/invoke/LambdaForm$MH+0x0000025701026000
instanceKlass com/sun/javafx/font/FontFactory
instanceKlass com/sun/prism/GraphicsPipeline
instanceKlass  @bci com/sun/javafx/tk/quantum/QuantumRenderer$QuantumThreadFactory lambda$newThread$1 (Lcom/sun/javafx/tk/quantum/QuantumRenderer$PipelineRunnable;)Ljava/lang/Thread; 31 <appendix> argL0 ; # com/sun/javafx/tk/quantum/QuantumRenderer$QuantumThreadFactory$$Lambda+0x0000025701022c70
instanceKlass  @cpi javafx/scene/control/ListView$ListViewFocusModel 210 form vmentry <vmtarget> ; # java/lang/invoke/LambdaForm$DMH+0x0000025701025c00
instanceKlass  @bci com/sun/marlin/RendererContext createContext ()Lcom/sun/marlin/RendererContext; 10 <appendix> form vmentry <vmtarget> ; # java/lang/invoke/LambdaForm$MH+0x0000025701025800
instanceKlass  @bci com/sun/marlin/RendererContext createContext ()Lcom/sun/marlin/RendererContext; 10 <appendix> argL3 form vmentry <vmtarget> ; # java/lang/invoke/LambdaForm$MH+0x0000025701025400
# instanceKlass java/lang/invoke/LambdaForm$MH+0x0000025701025000
# instanceKlass java/lang/invoke/LambdaForm$MH+0x0000025701024c00
instanceKlass  @bci com/sun/javafx/property/PropertyReference reflect ()V 57 <appendix> argL1 argL0 form vmentry <vmtarget> ; # java/lang/invoke/LambdaForm$MH+0x0000025701024800
# instanceKlass java/lang/invoke/LambdaForm$MH+0x0000025701024400
instanceKlass  @bci com/sun/javafx/tk/quantum/QuantumRenderer$QuantumThreadFactory newThread (Ljava/lang/Runnable;)Ljava/lang/Thread; 19 <appendix> member <vmtarget> ; # com/sun/javafx/tk/quantum/QuantumRenderer$QuantumThreadFactory$$Lambda+0x0000025701022a58
instanceKlass com/sun/javafx/tk/quantum/QuantumRenderer$PipelineRunnable
instanceKlass com/sun/javafx/tk/quantum/QuantumRenderer$QuantumThreadFactory
instanceKlass jdk/internal/vm/ThreadContainers
instanceKlass jdk/internal/vm/StackableScope
instanceKlass java/util/concurrent/Executors$DefaultThreadFactory
instanceKlass java/util/concurrent/Executors
instanceKlass java/util/concurrent/LinkedBlockingQueue$Node
instanceKlass java/util/concurrent/atomic/AtomicReference
instanceKlass  @bci com/sun/javafx/tk/quantum/QuantumRenderer <clinit> ()V 16 <appendix> argL0 ; # com/sun/javafx/tk/quantum/QuantumRenderer$$Lambda+0x00000257010223f8
instanceKlass java/util/concurrent/ThreadPoolExecutor$AbortPolicy
instanceKlass java/util/concurrent/RejectedExecutionHandler
instanceKlass java/util/concurrent/RunnableFuture
instanceKlass java/util/concurrent/Future
instanceKlass java/util/concurrent/BlockingQueue
instanceKlass java/util/concurrent/AbstractExecutorService
instanceKlass java/util/concurrent/ExecutorService
instanceKlass java/util/concurrent/Executor
instanceKlass  @bci com/sun/javafx/tk/quantum/GlassSystemMenu <init> ()V 16 <appendix> member <vmtarget> ; # com/sun/javafx/tk/quantum/GlassSystemMenu$$Lambda+0x0000025701021dc8
instanceKlass  @cpi javafx/scene/control/Tab 500 form vmentry <vmtarget> ; # java/lang/invoke/LambdaForm$DMH+0x0000025701024000
instanceKlass javafx/scene/input/KeyCombination
instanceKlass com/sun/glass/ui/MenuItem$Callback
instanceKlass com/sun/glass/ui/Menu$EventHandler
instanceKlass com/sun/javafx/menu/MenuItemBase
instanceKlass com/sun/javafx/tk/quantum/GlassSystemMenu
instanceKlass java/util/Collections$SynchronizedMap
instanceKlass  @bci com/sun/prism/impl/PrismSettings <clinit> ()V 0 <appendix> argL0 ; # com/sun/prism/impl/PrismSettings$$Lambda+0x0000025701020710
instanceKlass com/sun/prism/impl/PrismSettings
instanceKlass com/sun/javafx/tk/quantum/PerformanceTrackerHelper$1
instanceKlass com/sun/javafx/tk/quantum/PerformanceTrackerHelper
instanceKlass com/sun/javafx/tk/quantum/QuantumToolkit$PulseTask
instanceKlass com/sun/javafx/geom/PathConsumer2D
instanceKlass com/sun/javafx/geom/Shape
instanceKlass com/sun/prism/BasicStroke
instanceKlass com/sun/javafx/tk/quantum/QuantumToolkit$3
instanceKlass  @bci com/sun/javafx/tk/quantum/QuantumToolkit <clinit> ()V 149 <appendix> argL0 ; # com/sun/javafx/tk/quantum/QuantumToolkit$$Lambda+0x000002570101f1e8
instanceKlass  @bci com/sun/javafx/tk/quantum/QuantumToolkit <clinit> ()V 132 <appendix> argL0 ; # com/sun/javafx/tk/quantum/QuantumToolkit$$Lambda+0x000002570101efd8
instanceKlass  @bci com/sun/javafx/tk/quantum/QuantumToolkit <clinit> ()V 115 <appendix> argL0 ; # com/sun/javafx/tk/quantum/QuantumToolkit$$Lambda+0x000002570101edc8
instanceKlass  @bci com/sun/javafx/tk/quantum/QuantumToolkit <clinit> ()V 98 <appendix> argL0 ; # com/sun/javafx/tk/quantum/QuantumToolkit$$Lambda+0x000002570101ebb8
instanceKlass  @bci com/sun/javafx/tk/quantum/QuantumToolkit <clinit> ()V 84 <appendix> argL0 ; # com/sun/javafx/tk/quantum/QuantumToolkit$$Lambda+0x000002570101e9a8
instanceKlass  @bci com/sun/javafx/tk/quantum/QuantumToolkit <clinit> ()V 67 <appendix> argL0 ; # com/sun/javafx/tk/quantum/QuantumToolkit$$Lambda+0x000002570101e798
instanceKlass  @bci com/sun/javafx/tk/quantum/QuantumToolkit <clinit> ()V 50 <appendix> argL0 ; # com/sun/javafx/tk/quantum/QuantumToolkit$$Lambda+0x000002570101e588
instanceKlass  @bci com/sun/javafx/tk/quantum/QuantumToolkit <clinit> ()V 33 <appendix> argL0 ; # com/sun/javafx/tk/quantum/QuantumToolkit$$Lambda+0x000002570101e378
instanceKlass  @bci com/sun/javafx/tk/quantum/QuantumToolkit <clinit> ()V 16 <appendix> argL0 ; # com/sun/javafx/tk/quantum/QuantumToolkit$$Lambda+0x000002570101e168
instanceKlass javafx/scene/shape/PathElement
instanceKlass com/sun/javafx/scene/text/TextLayoutFactory
instanceKlass com/sun/javafx/tk/PlatformImage
instanceKlass com/sun/javafx/tk/FontLoader
instanceKlass com/sun/scenario/animation/AbstractPrimaryTimer
instanceKlass com/sun/javafx/tk/TKSystemMenu
instanceKlass com/sun/javafx/tk/ImageLoader
instanceKlass com/sun/javafx/runtime/async/AbstractAsyncOperation
instanceKlass java/util/concurrent/Callable
instanceKlass com/sun/javafx/runtime/async/AsyncOperation
instanceKlass com/sun/javafx/tk/TKStage
instanceKlass com/sun/scenario/effect/FilterContext
instanceKlass com/sun/scenario/effect/Filterable
instanceKlass com/sun/scenario/effect/LockableResource
instanceKlass com/sun/glass/ui/Screen$EventHandler
instanceKlass com/sun/glass/ui/Application$EventHandler
instanceKlass com/sun/javafx/tk/ScreenConfigurationAccessor
instanceKlass com/sun/javafx/perf/PerformanceTracker
instanceKlass sun/security/provider/ByteArrayAccess
instanceKlass sun/security/provider/ByteArrayAccess$LE
instanceKlass sun/security/util/MessageDigestSpi2
instanceKlass sun/security/jca/GetInstance$Instance
instanceKlass jdk/internal/event/Event
instanceKlass java/util/Collections$EmptyIterator
instanceKlass java/util/LinkedHashMap$LinkedHashIterator
instanceKlass sun/security/util/SecurityProviderConstants
instanceKlass java/security/Provider$UString
instanceKlass java/security/Provider$Service
instanceKlass sun/security/provider/NativePRNG$NonBlocking
instanceKlass sun/security/provider/NativePRNG$Blocking
instanceKlass sun/security/provider/NativePRNG
instanceKlass sun/security/provider/SunEntries$1
instanceKlass sun/security/provider/SunEntries
instanceKlass sun/security/util/SecurityConstants
instanceKlass java/security/Security$1
instanceKlass jdk/internal/access/JavaSecurityPropertiesAccess
instanceKlass java/util/concurrent/ConcurrentHashMap$MapEntry
instanceKlass java/util/Properties$LineReader
instanceKlass  @bci java/security/Security <clinit> ()V 9 <appendix> argL0 ; # java/security/Security$$Lambda+0x80000000b
instanceKlass java/security/Security
instanceKlass sun/security/jca/ProviderList$2
instanceKlass java/security/Provider$EngineDescription
instanceKlass java/security/Provider$ServiceKey
instanceKlass sun/security/jca/ProviderConfig
instanceKlass sun/security/jca/ProviderList
instanceKlass sun/security/jca/Providers
instanceKlass sun/security/jca/GetInstance
instanceKlass java/security/MessageDigestSpi
instanceKlass  @bci com/sun/javafx/property/PropertyReference reflect ()V 69 <appendix> form vmentry <vmtarget> ; # java/lang/invoke/LambdaForm$MH+0x000002570101a400
instanceKlass  @bci com/sun/javafx/font/PrismFontFactory getJDKFontDir ()Ljava/lang/String; 13 <appendix> form vmentry <vmtarget> ; # java/lang/invoke/LambdaForm$MH+0x000002570101a000
# instanceKlass java/lang/invoke/LambdaForm$MH+0x0000025701019c00
instanceKlass  @bci com/sun/javafx/font/PrismFontFactory getJDKFontDir ()Ljava/lang/String; 13 <appendix> argL3 form vmentry <vmtarget> ; # java/lang/invoke/LambdaForm$MH+0x0000025701019800
# instanceKlass java/lang/invoke/LambdaForm$MH+0x0000025701019400
# instanceKlass java/lang/invoke/LambdaForm$MH+0x0000025701019000
# instanceKlass java/lang/invoke/LambdaForm$MH+0x0000025701018c00
# instanceKlass java/lang/invoke/LambdaForm$MH+0x0000025701018800
instanceKlass  @bci com/sun/javafx/font/PrismFontFactory getJDKFontDir ()Ljava/lang/String; 13 <appendix> argL1 form vmentry <vmtarget> ; # java/lang/invoke/LambdaForm$MH+0x0000025701018400
# instanceKlass java/lang/invoke/LambdaForm$MH+0x0000025701018000
# instanceKlass java/lang/invoke/LambdaForm$MH+0x0000025701017c00
# instanceKlass java/lang/invoke/LambdaForm$MH+0x0000025701017800
instanceKlass  @bci com/sun/javafx/font/LogicalFont <init> (Ljava/lang/String;ZZ)V 96 <appendix> form vmentry <vmtarget> ; # java/lang/invoke/LambdaForm$MH+0x0000025701017400
instanceKlass java/util/TreeMap$PrivateEntryIterator
instanceKlass java/util/TreeMap$Entry
instanceKlass java/lang/invoke/LambdaFormEditor$1
instanceKlass java/util/NavigableMap
instanceKlass java/util/SortedMap
# instanceKlass java/lang/invoke/LambdaForm$MH+0x0000025701017000
instanceKlass  @bci com/sun/javafx/font/LogicalFont <init> (Ljava/lang/String;ZZ)V 96 <appendix> argL3 form vmentry <vmtarget> ; # java/lang/invoke/LambdaForm$MH+0x0000025701016c00
instanceKlass java/lang/invoke/MethodHandles$1
# instanceKlass java/lang/invoke/LambdaForm$MH+0x0000025701016800
# instanceKlass java/lang/invoke/LambdaForm$MH+0x0000025701016400
# instanceKlass java/lang/invoke/LambdaForm$MH+0x0000025701016000
# instanceKlass java/lang/invoke/LambdaForm$MH+0x0000025701015c00
instanceKlass  @bci com/sun/javafx/font/LogicalFont <init> (Ljava/lang/String;ZZ)V 96 <appendix> argL1 form vmentry <vmtarget> ; # java/lang/invoke/LambdaForm$MH+0x0000025701015800
# instanceKlass java/lang/invoke/LambdaForm$MH+0x0000025701015400
instanceKlass  @bci com/sun/javafx/property/PropertyReference reflect ()V 57 <appendix> argL1 argL1 form vmentry <vmtarget> ; # java/lang/invoke/LambdaForm$MH+0x0000025701015000
# instanceKlass java/lang/invoke/LambdaForm$MH+0x0000025701014c00
# instanceKlass java/lang/invoke/LambdaForm$MH+0x0000025701014800
instanceKlass java/lang/Long$LongCache
# instanceKlass java/lang/invoke/LambdaForm$MH+0x0000025701014400
instanceKlass jdk/internal/module/Resources
instanceKlass java/lang/StackStreamFactory$FrameBuffer
instanceKlass java/lang/StackStreamFactory
instanceKlass  @bci com/sun/glass/utils/NativeLibLoader loadLibrary (Ljava/lang/String;)V 10 <appendix> argL0 ; # com/sun/glass/utils/NativeLibLoader$$Lambda+0x00000257010112b8
instanceKlass  @bci com/sun/glass/utils/NativeLibLoader <clinit> ()V 28 <appendix> argL0 ; # com/sun/glass/utils/NativeLibLoader$$Lambda+0x00000257010110a8
instanceKlass com/sun/glass/utils/NativeLibLoader
instanceKlass jdk/internal/math/FloatingDecimal$ASCIIToBinaryBuffer
instanceKlass jdk/internal/math/FloatingDecimal$PreparedASCIIToBinaryBuffer
instanceKlass jdk/internal/math/FloatingDecimal$ASCIIToBinaryConverter
instanceKlass jdk/internal/math/FloatingDecimal$BinaryToASCIIBuffer
instanceKlass jdk/internal/math/FloatingDecimal$ExceptionalBinaryToASCIIBuffer
instanceKlass jdk/internal/math/FloatingDecimal$BinaryToASCIIConverter
instanceKlass jdk/internal/math/FloatingDecimal
instanceKlass  @bci com/sun/javafx/PlatformUtil <clinit> ()V 72 <appendix> argL0 ; # com/sun/javafx/PlatformUtil$$Lambda+0x0000025701010ca0
instanceKlass  @bci com/sun/javafx/PlatformUtil <clinit> ()V 56 <appendix> argL0 ; # com/sun/javafx/PlatformUtil$$Lambda+0x0000025701010a90
instanceKlass  @bci com/sun/javafx/PlatformUtil <clinit> ()V 37 <appendix> argL0 ; # com/sun/javafx/PlatformUtil$$Lambda+0x0000025701010880
instanceKlass  @bci com/sun/javafx/PlatformUtil <clinit> ()V 18 <appendix> argL0 ; # com/sun/javafx/PlatformUtil$$Lambda+0x0000025701010670
instanceKlass com/sun/javafx/PlatformUtil
instanceKlass  @bci com/sun/javafx/property/PropertyReference reflect ()V 323 <appendix> form vmentry <vmtarget> ; # java/lang/invoke/LambdaForm$MH+0x0000025701014000
instanceKlass com/sun/javafx/runtime/VersionInfo
instanceKlass  @bci com/sun/javafx/tk/Toolkit getToolkit ()Lcom/sun/javafx/tk/Toolkit; 10 <appendix> argL0 ; # com/sun/javafx/tk/Toolkit$$Lambda+0x0000025701010268
instanceKlass  @bci java/util/regex/Pattern DOT ()Ljava/util/regex/Pattern$CharPredicate; 0 <appendix> argL0 ; # java/util/regex/Pattern$$Lambda+0x0000025701049e10
instanceKlass  @bci java/util/regex/CharPredicates ctype (I)Ljava/util/regex/Pattern$CharPredicate; 1 <appendix> member <vmtarget> ; # java/util/regex/CharPredicates$$Lambda+0x0000025701049b90
instanceKlass javafx/scene/image/Image$1
instanceKlass javafx/beans/binding/NumberExpressionBase
instanceKlass javafx/beans/binding/NumberExpression
instanceKlass javafx/beans/value/ObservableDoubleValue
instanceKlass javafx/beans/value/ObservableNumberValue
instanceKlass javafx/scene/image/PixelReader
instanceKlass com/sun/javafx/tk/Toolkit$ImageAccessor
instanceKlass javafx/geometry/Bounds
instanceKlass com/sun/javafx/util/Utils
instanceKlass javafx/scene/image/Image
instanceKlass  @bci com/sun/javafx/tk/Toolkit <clinit> ()V 14 <appendix> argL0 ; # com/sun/javafx/tk/Toolkit$$Lambda+0x000002570100ba60
instanceKlass com/sun/javafx/tk/TKClipboard
instanceKlass javafx/animation/Interpolatable
instanceKlass javafx/scene/paint/Paint
instanceKlass com/sun/javafx/tk/Toolkit
instanceKlass com/sun/javafx/application/PlatformImpl$1
instanceKlass  @bci com/sun/javafx/application/PlatformImpl startup (Ljava/lang/Runnable;Z)V 145 <appendix> argL0 ; # com/sun/javafx/application/PlatformImpl$$Lambda+0x000002570100a908
instanceKlass  @bci com/sun/javafx/application/PlatformImpl <clinit> ()V 176 <appendix> argL0 ; # com/sun/javafx/application/PlatformImpl$$Lambda+0x000002570100a6f8
instanceKlass  @bci com/sun/javafx/application/PlatformImpl <clinit> ()V 159 <appendix> argL0 ; # com/sun/javafx/application/PlatformImpl$$Lambda+0x000002570100a4e8
instanceKlass javafx/beans/InvalidationListener
instanceKlass javafx/beans/value/WritableObjectValue
instanceKlass javafx/beans/binding/ObjectExpression
instanceKlass javafx/beans/value/ObservableObjectValue
instanceKlass javafx/beans/binding/Binding
instanceKlass com/sun/javafx/tk/TKListener
instanceKlass javafx/beans/binding/BooleanExpression
instanceKlass javafx/beans/value/ObservableBooleanValue
instanceKlass javafx/beans/value/WritableBooleanValue
instanceKlass javafx/beans/property/Property
instanceKlass javafx/beans/value/WritableValue
instanceKlass javafx/beans/property/ReadOnlyProperty
instanceKlass javafx/beans/value/ObservableValue
instanceKlass javafx/beans/Observable
instanceKlass com/sun/javafx/application/PlatformImpl
instanceKlass  @bci com/sun/javafx/application/LauncherImpl startToolkit ()V 21 <appendix> member <vmtarget> ; # com/sun/javafx/application/LauncherImpl$$Lambda+0x0000025701002840
instanceKlass  @cpi sun/nio/ch/NioSocketImpl 908 form vmentry <vmtarget> ; # java/lang/invoke/LambdaForm$DMH+0x0000025701003400
instanceKlass java/lang/Thread$ThreadNumbering
instanceKlass  @bci org/h2/mvstore/MVStore serializeAndStore (ZJLjava/util/function/Supplier;Ljava/util/ArrayList;JJ)V 65 <appendix> form vmentry <vmtarget> ; # java/lang/invoke/LambdaForm$DMH+0x0000025701003000
instanceKlass  @bci com/sun/javafx/application/LauncherImpl launchApplication (Ljava/lang/Class;Ljava/lang/Class;[Ljava/lang/String;)V 109 <appendix> member <vmtarget> ; # com/sun/javafx/application/LauncherImpl$$Lambda+0x0000025701002628
instanceKlass java/util/concurrent/CountDownLatch
instanceKlass  @bci com/sun/glass/ui/Application <clinit> ()V 4 <appendix> argL0 ; # com/sun/glass/ui/Application$$Lambda+0x0000025701002418
instanceKlass com/sun/glass/ui/Application
instanceKlass  @bci com/sun/javafx/application/LauncherImpl launchApplication (Ljava/lang/Class;[Ljava/lang/String;)V 8 <appendix> argL0 ; # com/sun/javafx/application/LauncherImpl$$Lambda+0x0000025701001c60
instanceKlass java/util/concurrent/atomic/AtomicBoolean
instanceKlass  @bci com/sun/javafx/application/LauncherImpl <clinit> ()V 0 <appendix> argL0 ; # com/sun/javafx/application/LauncherImpl$$Lambda+0x0000025701001a50
instanceKlass javafx/application/Application$Parameters
instanceKlass com/sun/javafx/application/PlatformImpl$FinishListener
instanceKlass com/sun/javafx/application/LauncherImpl
instanceKlass javafx/application/Application
instanceKlass jdk/internal/module/ModulePatcher$PatchedModuleReader
instanceKlass java/util/concurrent/locks/ReentrantReadWriteLock$WriteLock
instanceKlass java/util/concurrent/locks/ReentrantReadWriteLock$ReadLock
instanceKlass java/util/concurrent/locks/ReentrantReadWriteLock
instanceKlass java/util/concurrent/locks/ReadWriteLock
instanceKlass jdk/internal/module/ModuleReferences$SafeCloseModuleReader
instanceKlass jdk/internal/loader/BuiltinClassLoader$5
instanceKlass jdk/internal/misc/PreviewFeatures
instanceKlass jdk/internal/misc/MainMethodFinder
instanceKlass com/example/Launcher
instanceKlass java/security/SecureClassLoader$DebugHolder
instanceKlass java/security/Permission
instanceKlass java/security/Guard
instanceKlass java/security/PermissionCollection
instanceKlass java/security/SecureClassLoader$1
instanceKlass java/io/FileInputStream$1
instanceKlass sun/nio/ByteBuffered
instanceKlass java/lang/Package$VersionInfo
instanceKlass java/lang/NamedPackage
instanceKlass jdk/internal/loader/Resource
instanceKlass jdk/internal/loader/URLClassPath$Loader
instanceKlass jdk/internal/loader/URLClassPath$3
instanceKlass java/security/PrivilegedExceptionAction
instanceKlass sun/net/util/URLUtil
instanceKlass sun/nio/cs/ArrayDecoder
instanceKlass java/nio/charset/CharsetDecoder
instanceKlass sun/launcher/LauncherHelper
instanceKlass jdk/internal/vm/PostVMInitHook$1
instanceKlass jdk/internal/util/EnvUtils
instanceKlass jdk/internal/vm/PostVMInitHook$2
instanceKlass jdk/internal/vm/PostVMInitHook
instanceKlass java/lang/invoke/StringConcatFactory
instanceKlass jdk/internal/module/ModuleBootstrap$SafeModuleFinder
instanceKlass java/lang/ModuleLayer$Controller
instanceKlass java/util/concurrent/CopyOnWriteArrayList
instanceKlass jdk/internal/module/ServicesCatalog$ServiceProvider
instanceKlass jdk/internal/loader/AbstractClassLoaderValue$Memoizer
instanceKlass jdk/internal/module/ModuleLoaderMap$Modules
instanceKlass jdk/internal/module/ModuleLoaderMap$Mapper
instanceKlass jdk/internal/module/ModuleLoaderMap
instanceKlass java/lang/module/ResolvedModule
instanceKlass java/util/SequencedSet
instanceKlass java/lang/ModuleLayer
instanceKlass java/util/stream/ForEachOps$ForEachOp
instanceKlass java/util/stream/ForEachOps
instanceKlass  @bci java/lang/module/ModuleFinder$2 findAll ()Ljava/util/Set; 50 <appendix> member <vmtarget> ; # java/lang/module/ModuleFinder$2$$Lambda+0x800000006
instanceKlass  @bci java/lang/module/ModuleFinder$2 findAll ()Ljava/util/Set; 38 <appendix> argL0 ; # java/lang/module/ModuleFinder$2$$Lambda+0x800000007
instanceKlass  @bci jdk/internal/module/ModulePath deriveModuleDescriptor (Ljava/util/jar/JarFile;)Ljava/lang/module/ModuleDescriptor; 373 <appendix> argL0 ; # jdk/internal/module/ModulePath$$Lambda+0x0000025701045008
instanceKlass  @bci jdk/internal/module/ModulePath deriveModuleDescriptor (Ljava/util/jar/JarFile;)Ljava/lang/module/ModuleDescriptor; 363 <appendix> member <vmtarget> ; # jdk/internal/module/ModulePath$$Lambda+0x80000005e
instanceKlass  @bci java/lang/module/ModuleDescriptor$Builder packages (Ljava/util/Set;)Ljava/lang/module/ModuleDescriptor$Builder; 17 <appendix> argL0 ; # java/lang/module/ModuleDescriptor$Builder$$Lambda+0x800000002
instanceKlass  @bci jdk/internal/module/ModulePath deriveModuleDescriptor (Ljava/util/jar/JarFile;)Ljava/lang/module/ModuleDescriptor; 324 <appendix> argL0 ; # jdk/internal/module/ModulePath$$Lambda+0x800000058
instanceKlass  @bci jdk/internal/module/ModulePath deriveModuleDescriptor (Ljava/util/jar/JarFile;)Ljava/lang/module/ModuleDescriptor; 314 <appendix> member <vmtarget> ; # jdk/internal/module/ModulePath$$Lambda+0x0000025701044dd0
instanceKlass java/util/HashMap$HashMapSpliterator
instanceKlass  @bci java/util/stream/Collectors partitioningBy (Ljava/util/function/Predicate;Ljava/util/stream/Collector;)Ljava/util/stream/Collector; 33 <appendix> member <vmtarget> ; # java/util/stream/Collectors$$Lambda+0x800000048
instanceKlass  @bci java/util/stream/Collectors partitioningBy (Ljava/util/function/Predicate;Ljava/util/stream/Collector;)Ljava/util/stream/Collector; 25 <appendix> member <vmtarget> ; # java/util/stream/Collectors$$Lambda+0x800000045
instanceKlass  @bci java/util/stream/Collectors partitioningBy (Ljava/util/function/Predicate;Ljava/util/stream/Collector;)Ljava/util/stream/Collector; 9 <appendix> member <vmtarget> ; # java/util/stream/Collectors$$Lambda+0x800000040
instanceKlass  @bci jdk/internal/module/ModulePath deriveModuleDescriptor (Ljava/util/jar/JarFile;)Ljava/lang/module/ModuleDescriptor; 255 <appendix> argL0 ; # jdk/internal/module/ModulePath$$Lambda+0x800000061
instanceKlass  @bci jdk/internal/module/ModulePath deriveModuleDescriptor (Ljava/util/jar/JarFile;)Ljava/lang/module/ModuleDescriptor; 245 <appendix> argL0 ; # jdk/internal/module/ModulePath$$Lambda+0x800000060
instanceKlass  @bci jdk/internal/module/ModulePath deriveModuleDescriptor (Ljava/util/jar/JarFile;)Ljava/lang/module/ModuleDescriptor; 235 <appendix> argL0 ; # jdk/internal/module/ModulePath$$Lambda+0x0000025701044ba0
instanceKlass  @bci jdk/internal/module/ModulePath deriveModuleDescriptor (Ljava/util/jar/JarFile;)Ljava/lang/module/ModuleDescriptor; 225 <appendix> argL0 ; # jdk/internal/module/ModulePath$$Lambda+0x80000005f
instanceKlass java/util/regex/ASCII
instanceKlass java/util/regex/IntHashSet
instanceKlass java/util/regex/Matcher
instanceKlass java/util/regex/MatchResult
instanceKlass  @bci java/util/regex/Pattern negate (Ljava/util/regex/Pattern$CharPredicate;)Ljava/util/regex/Pattern$CharPredicate; 1 <appendix> member <vmtarget> ; # java/util/regex/Pattern$$Lambda+0x800000032
instanceKlass  @bci java/util/regex/Pattern union (Ljava/util/regex/Pattern$CharPredicate;Ljava/util/regex/Pattern$CharPredicate;Z)Ljava/util/regex/Pattern$CharPredicate; 6 <appendix> member <vmtarget> ; # java/util/regex/Pattern$$Lambda+0x800000033
instanceKlass  @bci java/util/regex/Pattern Range (II)Ljava/util/regex/Pattern$CharPredicate; 23 <appendix> member <vmtarget> ; # java/util/regex/Pattern$$Lambda+0x80000002b
instanceKlass java/util/regex/Pattern$BitClass
instanceKlass java/util/regex/Pattern$TreeInfo
instanceKlass  @bci java/util/regex/CharPredicates ASCII_DIGIT ()Ljava/util/regex/Pattern$BmpCharPredicate; 0 <appendix> argL0 ; # java/util/regex/CharPredicates$$Lambda+0x800000026
instanceKlass java/util/regex/CharPredicates
instanceKlass  @bci java/util/regex/Pattern Single (I)Ljava/util/regex/Pattern$BmpCharPredicate; 1 <appendix> member <vmtarget> ; # java/util/regex/Pattern$$Lambda+0x80000002a
instanceKlass java/util/regex/Pattern$BmpCharPredicate
instanceKlass java/util/regex/Pattern$CharPredicate
instanceKlass java/util/regex/Pattern$Node
instanceKlass java/util/regex/Pattern
instanceKlass jdk/internal/module/ModulePath$Patterns
instanceKlass java/util/SequencedMap
instanceKlass java/util/jar/Attributes
instanceKlass java/util/jar/JarVerifier
instanceKlass java/io/RandomAccessFile$1
instanceKlass java/util/WeakHashMap$HashIterator
instanceKlass  @bci jdk/internal/module/ModuleReferences newJarModule (Ljdk/internal/module/ModuleInfo$Attributes;Ljdk/internal/module/ModulePatcher;Ljava/nio/file/Path;)Ljava/lang/module/ModuleReference; 18 <appendix> member <vmtarget> ; # jdk/internal/module/ModuleReferences$$Lambda+0x800000062
instanceKlass  @bci jdk/internal/module/ModuleReferences newJarModule (Ljdk/internal/module/ModuleInfo$Attributes;Ljdk/internal/module/ModulePatcher;Ljava/nio/file/Path;)Ljava/lang/module/ModuleReference; 9 <appendix> member <vmtarget> ; # jdk/internal/module/ModuleReferences$$Lambda+0x800000063
instanceKlass java/lang/module/ModuleReader
instanceKlass java/net/URI$Parser
instanceKlass sun/nio/fs/WindowsUriSupport
instanceKlass jdk/internal/module/ModuleReferences
instanceKlass jdk/internal/module/ModuleInfo$Attributes
instanceKlass java/util/Collections$UnmodifiableCollection$1
instanceKlass jdk/internal/module/Checks
instanceKlass  @bci jdk/internal/module/ModulePath jarPackages (Ljava/util/jar/JarFile;)Ljava/util/Set; 35 <appendix> argL0 ; # jdk/internal/module/ModulePath$$Lambda+0x800000059
instanceKlass  @bci jdk/internal/module/ModulePath jarPackages (Ljava/util/jar/JarFile;)Ljava/util/Set; 25 <appendix> member <vmtarget> ; # jdk/internal/module/ModulePath$$Lambda+0x80000005b
instanceKlass  @bci jdk/internal/module/ModulePath jarPackages (Ljava/util/jar/JarFile;)Ljava/util/Set; 14 <appendix> argL0 ; # jdk/internal/module/ModulePath$$Lambda+0x80000005a
instanceKlass  @bci jdk/internal/module/ModulePath jarPackages (Ljava/util/jar/JarFile;)Ljava/util/Set; 4 <appendix> argL0 ; # jdk/internal/module/ModulePath$$Lambda+0x0000025701043940
instanceKlass  @bci java/util/zip/ZipFile jarStream ()Ljava/util/stream/Stream; 25 <appendix> member <vmtarget> ; # java/util/zip/ZipFile$$Lambda+0x800000051
instanceKlass java/util/function/IntFunction
instanceKlass java/util/Spliterators$AbstractSpliterator
instanceKlass java/lang/module/ModuleDescriptor$Builder
instanceKlass jdk/internal/module/ModuleInfo$ConstantPool$Entry
instanceKlass jdk/internal/module/ModuleInfo$ConstantPool
instanceKlass java/lang/invoke/VarHandle$AccessDescriptor
instanceKlass java/lang/invoke/VarForm
instanceKlass java/lang/invoke/VarHandleGuards
instanceKlass java/lang/ClassValue$Version
instanceKlass java/lang/ClassValue$Identity
instanceKlass java/lang/ClassValue
instanceKlass java/lang/invoke/VarHandles
instanceKlass jdk/internal/util/ByteArray
instanceKlass jdk/internal/module/ModuleInfo$CountingDataInput
instanceKlass jdk/internal/module/ModuleInfo
instanceKlass  @bci jdk/internal/module/ModulePath readJar (Ljava/nio/file/Path;)Ljava/lang/module/ModuleReference; 99 <appendix> member <vmtarget> ; # jdk/internal/module/ModulePath$$Lambda+0x0000025701042620
instanceKlass sun/security/action/GetIntegerAction
instanceKlass sun/security/util/Debug
instanceKlass sun/security/util/SignatureFileVerifier
instanceKlass java/util/zip/ZipFile$InflaterCleanupAction
instanceKlass java/util/zip/Inflater$InflaterZStreamRef
instanceKlass java/util/zip/Inflater
instanceKlass java/util/zip/ZipEntry
instanceKlass java/util/zip/ZipFile$2
instanceKlass jdk/internal/perf/PerfCounter$CoreCounters
instanceKlass sun/util/locale/LocaleObjectCache
instanceKlass sun/util/locale/BaseLocale$Key
instanceKlass sun/util/locale/LocaleUtils
instanceKlass sun/util/locale/BaseLocale
instanceKlass java/util/Locale
instanceKlass java/nio/file/attribute/FileTime
instanceKlass java/lang/StringCoding
instanceKlass java/util/zip/ZipUtils
instanceKlass java/util/zip/ZipFile$Source$End
instanceKlass java/io/RandomAccessFile$2
instanceKlass jdk/internal/access/JavaIORandomAccessFileAccess
instanceKlass java/io/RandomAccessFile
instanceKlass java/io/DataInput
instanceKlass java/io/DataOutput
instanceKlass java/util/zip/ZipFile$Source$Key
instanceKlass java/util/zip/ZipFile$Source
instanceKlass java/util/zip/ZipCoder
instanceKlass java/util/zip/ZipFile$CleanableResource
instanceKlass sun/nio/fs/WindowsNativeDispatcher$CompletionStatus
instanceKlass sun/nio/fs/WindowsNativeDispatcher$AclInformation
instanceKlass sun/nio/fs/WindowsNativeDispatcher$Account
instanceKlass sun/nio/fs/WindowsNativeDispatcher$DiskFreeSpace
instanceKlass sun/nio/fs/WindowsNativeDispatcher$VolumeInformation
instanceKlass sun/nio/fs/WindowsNativeDispatcher$FirstStream
instanceKlass sun/nio/fs/WindowsNativeDispatcher$FirstFile
instanceKlass java/util/Enumeration
instanceKlass java/util/concurrent/ConcurrentHashMap$Traverser
instanceKlass jdk/internal/loader/NativeLibraries$3
instanceKlass jdk/internal/loader/NativeLibrary
instanceKlass java/util/ArrayDeque$DeqIterator
instanceKlass jdk/internal/loader/NativeLibraries$NativeLibraryContext$1
instanceKlass jdk/internal/loader/NativeLibraries$NativeLibraryContext
instanceKlass jdk/internal/loader/NativeLibraries$2
instanceKlass java/util/concurrent/ForkJoinPool$ManagedBlocker
instanceKlass java/util/concurrent/locks/AbstractQueuedSynchronizer$Node
instanceKlass jdk/internal/loader/NativeLibraries$1
instanceKlass jdk/internal/loader/NativeLibraries$LibraryPaths
instanceKlass sun/nio/fs/WindowsNativeDispatcher
instanceKlass sun/nio/fs/NativeBuffer$Deallocator
instanceKlass java/lang/ref/Cleaner$Cleanable
instanceKlass jdk/internal/ref/CleanerImpl
instanceKlass java/lang/ref/Cleaner$1
instanceKlass java/lang/ref/Cleaner
instanceKlass jdk/internal/ref/CleanerFactory$1
instanceKlass java/util/concurrent/ThreadFactory
instanceKlass jdk/internal/ref/CleanerFactory
instanceKlass sun/nio/fs/NativeBuffer
instanceKlass java/lang/ThreadLocal$ThreadLocalMap
instanceKlass java/lang/ThreadLocal
instanceKlass sun/nio/fs/NativeBuffers
instanceKlass sun/nio/fs/WindowsFileAttributes
instanceKlass java/nio/file/attribute/DosFileAttributes
instanceKlass sun/nio/fs/AbstractBasicFileAttributeView
instanceKlass sun/nio/fs/DynamicFileAttributeView
instanceKlass sun/nio/fs/WindowsFileAttributeViews
instanceKlass sun/nio/fs/Util
instanceKlass java/nio/file/attribute/BasicFileAttributeView
instanceKlass java/nio/file/attribute/FileAttributeView
instanceKlass java/nio/file/attribute/AttributeView
instanceKlass java/nio/file/Files
instanceKlass java/nio/file/CopyOption
instanceKlass java/nio/file/attribute/BasicFileAttributes
instanceKlass java/util/ImmutableCollections$ListItr
instanceKlass java/util/ListIterator
instanceKlass java/lang/module/ModuleFinder$1
instanceKlass java/lang/module/Resolver
instanceKlass java/lang/module/Configuration
instanceKlass  @bci jdk/internal/module/DefaultRoots exportsAPI (Ljava/lang/module/ModuleDescriptor;)Z 9 <appendix> argL0 ; # jdk/internal/module/DefaultRoots$$Lambda+0x800000056
instanceKlass  @bci java/lang/module/ModuleFinder$2 find (Ljava/lang/String;)Ljava/util/Optional; 62 <appendix> member <vmtarget> ; # java/lang/module/ModuleFinder$2$$Lambda+0x800000005
instanceKlass java/util/stream/Streams
instanceKlass java/util/stream/Stream$Builder
instanceKlass java/util/stream/Streams$AbstractStreamBuilderImpl
instanceKlass  @bci java/util/stream/FindOps$FindSink$OfRef <clinit> ()V 43 <appendix> argL0 ; # java/util/stream/FindOps$FindSink$OfRef$$Lambda+0x80000004d
instanceKlass  @bci java/util/stream/FindOps$FindSink$OfRef <clinit> ()V 38 <appendix> argL0 ; # java/util/stream/FindOps$FindSink$OfRef$$Lambda+0x80000004f
instanceKlass  @bci java/util/stream/FindOps$FindSink$OfRef <clinit> ()V 16 <appendix> argL0 ; # java/util/stream/FindOps$FindSink$OfRef$$Lambda+0x80000004e
instanceKlass  @bci java/util/stream/FindOps$FindSink$OfRef <clinit> ()V 11 <appendix> argL0 ; # java/util/stream/FindOps$FindSink$OfRef$$Lambda+0x800000050
instanceKlass java/util/stream/FindOps$FindOp
instanceKlass java/util/stream/FindOps$FindSink
instanceKlass java/util/stream/FindOps
instanceKlass  @bci java/lang/module/ModuleFinder$2 find (Ljava/lang/String;)Ljava/util/Optional; 43 <appendix> argL0 ; # java/lang/module/ModuleFinder$2$$Lambda+0x800000008
instanceKlass  @bci java/lang/module/ModuleFinder$2 find (Ljava/lang/String;)Ljava/util/Optional; 33 <appendix> member <vmtarget> ; # java/lang/module/ModuleFinder$2$$Lambda+0x800000009
instanceKlass java/util/AbstractList$RandomAccessSpliterator
instanceKlass java/util/stream/Sink$ChainedReference
instanceKlass java/util/stream/ReduceOps$AccumulatingSink
instanceKlass java/util/stream/TerminalSink
instanceKlass java/util/stream/Sink
instanceKlass java/util/function/Consumer
instanceKlass java/util/stream/ReduceOps$Box
instanceKlass java/util/stream/ReduceOps$ReduceOp
instanceKlass java/util/stream/TerminalOp
instanceKlass java/util/stream/ReduceOps
instanceKlass  @bci java/util/stream/Collectors castingIdentity ()Ljava/util/function/Function; 0 <appendix> argL0 ; # java/util/stream/Collectors$$Lambda+0x800000043
instanceKlass  @bci java/util/stream/Collectors toSet ()Ljava/util/stream/Collector; 14 <appendix> argL0 ; # java/util/stream/Collectors$$Lambda+0x800000041
instanceKlass java/util/function/BinaryOperator
instanceKlass  @bci java/util/stream/Collectors toSet ()Ljava/util/stream/Collector; 9 <appendix> argL0 ; # java/util/stream/Collectors$$Lambda+0x80000003a
instanceKlass java/util/function/BiConsumer
instanceKlass  @bci java/util/stream/Collectors toSet ()Ljava/util/stream/Collector; 4 <appendix> argL0 ; # java/util/stream/Collectors$$Lambda+0x800000046
instanceKlass java/util/stream/Collector
instanceKlass java/util/Collections$UnmodifiableCollection
instanceKlass java/util/stream/Collectors
instanceKlass  @bci jdk/internal/module/DefaultRoots compute (Ljava/lang/module/ModuleFinder;Ljava/lang/module/ModuleFinder;)Ljava/util/Set; 42 <appendix> argL0 ; # jdk/internal/module/DefaultRoots$$Lambda+0x800000053
instanceKlass  @bci jdk/internal/module/DefaultRoots compute (Ljava/lang/module/ModuleFinder;Ljava/lang/module/ModuleFinder;)Ljava/util/Set; 32 <appendix> member <vmtarget> ; # jdk/internal/module/DefaultRoots$$Lambda+0x800000057
instanceKlass  @bci jdk/internal/module/DefaultRoots compute (Ljava/lang/module/ModuleFinder;Ljava/lang/module/ModuleFinder;)Ljava/util/Set; 21 <appendix> argL0 ; # jdk/internal/module/DefaultRoots$$Lambda+0x800000054
instanceKlass  @bci com/example/TableUtils$EnhancedTable <init> (Ljavafx/scene/control/TableView;Ljavafx/collections/ObservableList;)V 95 <appendix> form vmentry <vmtarget> ; # java/lang/invoke/LambdaForm$MH+0x0000025701000800
instanceKlass  @bci jdk/internal/module/DefaultRoots compute (Ljava/lang/module/ModuleFinder;Ljava/lang/module/ModuleFinder;)Ljava/util/Set; 11 <appendix> argL0 ; # jdk/internal/module/DefaultRoots$$Lambda+0x800000055
instanceKlass java/lang/invoke/LambdaProxyClassArchive
instanceKlass java/lang/invoke/InfoFromMemberName
instanceKlass java/lang/invoke/MethodHandleInfo
instanceKlass jdk/internal/org/objectweb/asm/ConstantDynamic
instanceKlass jdk/internal/org/objectweb/asm/Handle
instanceKlass sun/security/action/GetBooleanAction
instanceKlass java/lang/invoke/AbstractValidatingLambdaMetafactory
instanceKlass java/lang/invoke/BootstrapMethodInvoker
instanceKlass java/util/function/Predicate
instanceKlass java/lang/WeakPairMap$Pair$Lookup
instanceKlass java/lang/WeakPairMap$Pair
instanceKlass java/lang/WeakPairMap
instanceKlass java/lang/Module$ReflectionData
instanceKlass java/lang/invoke/LambdaMetafactory
# instanceKlass java/lang/invoke/LambdaForm$MH+0x0000025701000400
instanceKlass java/lang/invoke/MethodHandles$Lookup$ClassDefiner
instanceKlass java/lang/invoke/MethodHandles$Lookup$ClassFile
instanceKlass jdk/internal/org/objectweb/asm/Handler
instanceKlass jdk/internal/org/objectweb/asm/Attribute
instanceKlass jdk/internal/org/objectweb/asm/FieldVisitor
instanceKlass java/util/ArrayList$Itr
instanceKlass sun/invoke/empty/Empty
instanceKlass sun/invoke/util/VerifyType
instanceKlass java/lang/invoke/InvokerBytecodeGenerator$ClassData
instanceKlass jdk/internal/org/objectweb/asm/AnnotationVisitor
instanceKlass jdk/internal/org/objectweb/asm/Frame
instanceKlass jdk/internal/org/objectweb/asm/Label
instanceKlass jdk/internal/org/objectweb/asm/Type
instanceKlass jdk/internal/org/objectweb/asm/MethodVisitor
instanceKlass sun/invoke/util/BytecodeDescriptor
instanceKlass jdk/internal/org/objectweb/asm/ByteVector
instanceKlass jdk/internal/org/objectweb/asm/Symbol
instanceKlass jdk/internal/org/objectweb/asm/SymbolTable
instanceKlass jdk/internal/org/objectweb/asm/ClassVisitor
instanceKlass java/lang/invoke/LambdaFormBuffer
instanceKlass java/lang/invoke/LambdaFormEditor$TransformKey
instanceKlass java/lang/invoke/LambdaFormEditor
instanceKlass java/lang/invoke/Invokers$Holder
instanceKlass java/lang/invoke/DelegatingMethodHandle$Holder
instanceKlass java/lang/invoke/DirectMethodHandle$2
instanceKlass java/lang/invoke/ClassSpecializer$Factory
instanceKlass java/lang/invoke/ClassSpecializer$SpeciesData
instanceKlass java/lang/invoke/ClassSpecializer$1
instanceKlass java/lang/invoke/ClassSpecializer
instanceKlass java/lang/invoke/InvokerBytecodeGenerator$1
instanceKlass java/lang/invoke/InvokerBytecodeGenerator
instanceKlass java/lang/invoke/LambdaForm$Holder
instanceKlass java/lang/invoke/LambdaForm$Name
instanceKlass java/lang/invoke/Invokers
instanceKlass sun/invoke/util/ValueConversions
instanceKlass java/lang/invoke/DirectMethodHandle$Holder
instanceKlass java/lang/Void
instanceKlass sun/invoke/util/Wrapper$Format
instanceKlass java/lang/invoke/MethodHandleImpl$1
instanceKlass jdk/internal/access/JavaLangInvokeAccess
instanceKlass java/lang/invoke/LambdaForm$NamedFunction
instanceKlass java/lang/invoke/MethodHandleImpl
instanceKlass jdk/internal/reflect/MethodHandleAccessorFactory$LazyStaticHolder
instanceKlass java/lang/invoke/MethodTypeForm
instanceKlass java/lang/invoke/MethodType$ConcurrentWeakInternSet
instanceKlass sun/reflect/annotation/AnnotationParser
instanceKlass java/lang/Class$3
instanceKlass java/lang/PublicMethods$Key
instanceKlass java/lang/PublicMethods$MethodList
instanceKlass java/util/EnumMap$1
instanceKlass java/util/stream/StreamOpFlag$MaskBuilder
instanceKlass java/util/stream/Stream
instanceKlass java/util/stream/BaseStream
instanceKlass java/util/stream/PipelineHelper
instanceKlass java/util/stream/StreamSupport
instanceKlass java/util/Spliterators$IteratorSpliterator
instanceKlass java/util/Spliterator$OfDouble
instanceKlass java/util/Spliterator$OfLong
instanceKlass java/util/Spliterator$OfInt
instanceKlass java/util/Spliterator$OfPrimitive
instanceKlass java/util/Spliterator
instanceKlass java/util/Spliterators$EmptySpliterator
instanceKlass java/util/Spliterators
instanceKlass jdk/internal/module/DefaultRoots
instanceKlass java/lang/module/ModuleFinder$2
instanceKlass jdk/internal/loader/BuiltinClassLoader$LoadedModule
instanceKlass jdk/internal/loader/AbstractClassLoaderValue
instanceKlass jdk/internal/module/ServicesCatalog
instanceKlass java/util/Deque
instanceKlass java/util/Queue
instanceKlass sun/net/util/IPAddressUtil$MASKS
instanceKlass sun/net/util/IPAddressUtil
instanceKlass java/net/URLStreamHandler
instanceKlass sun/net/www/ParseUtil
instanceKlass java/net/URL$3
instanceKlass jdk/internal/access/JavaNetURLAccess
instanceKlass java/net/URL$DefaultFactory
instanceKlass java/net/URLStreamHandlerFactory
instanceKlass jdk/internal/loader/URLClassPath
instanceKlass java/security/Principal
instanceKlass java/security/ProtectionDomain$Key
instanceKlass java/security/ProtectionDomain$JavaSecurityAccessImpl
instanceKlass jdk/internal/access/JavaSecurityAccess
instanceKlass java/lang/ClassLoader$ParallelLoaders
instanceKlass java/security/cert/Certificate
instanceKlass jdk/internal/loader/ArchivedClassLoaders
instanceKlass java/util/concurrent/ConcurrentHashMap$CollectionView
instanceKlass jdk/internal/loader/ClassLoaderHelper
instanceKlass jdk/internal/loader/NativeLibraries
instanceKlass java/lang/Module$EnableNativeAccess
instanceKlass jdk/internal/loader/BootLoader
instanceKlass jdk/internal/module/SystemModuleFinders$SystemModuleFinder
instanceKlass jdk/internal/module/SystemModuleFinders$3
instanceKlass jdk/internal/module/ModuleHashes$HashSupplier
instanceKlass jdk/internal/module/SystemModuleFinders$2
instanceKlass java/util/function/Supplier
instanceKlass java/lang/module/ModuleReference
instanceKlass jdk/internal/module/ModuleResolution
instanceKlass java/util/Collections$UnmodifiableMap
instanceKlass jdk/internal/module/ModuleHashes$Builder
instanceKlass jdk/internal/module/ModuleHashes
instanceKlass jdk/internal/module/ModuleTarget
instanceKlass java/util/ImmutableCollections$Set12$1
instanceKlass java/lang/reflect/AccessFlag$18
instanceKlass java/lang/reflect/AccessFlag$17
instanceKlass java/lang/reflect/AccessFlag$16
instanceKlass java/lang/reflect/AccessFlag$15
instanceKlass java/lang/reflect/AccessFlag$14
instanceKlass java/lang/reflect/AccessFlag$13
instanceKlass java/lang/reflect/AccessFlag$12
instanceKlass java/lang/reflect/AccessFlag$11
instanceKlass java/lang/reflect/AccessFlag$10
instanceKlass java/lang/reflect/AccessFlag$9
instanceKlass java/lang/reflect/AccessFlag$8
instanceKlass java/lang/reflect/AccessFlag$7
instanceKlass java/lang/reflect/AccessFlag$6
instanceKlass java/lang/reflect/AccessFlag$5
instanceKlass java/lang/reflect/AccessFlag$4
instanceKlass java/lang/reflect/AccessFlag$3
instanceKlass java/lang/reflect/AccessFlag$2
instanceKlass java/lang/reflect/AccessFlag$1
instanceKlass java/lang/module/ModuleDescriptor$Version
instanceKlass java/lang/module/ModuleDescriptor$Provides
instanceKlass java/lang/module/ModuleDescriptor$Opens
instanceKlass java/util/ImmutableCollections$SetN$SetNIterator
instanceKlass java/lang/module/ModuleDescriptor$Exports
instanceKlass java/lang/module/ModuleDescriptor$Requires
instanceKlass jdk/internal/module/Builder
instanceKlass jdk/internal/module/SystemModules$all
instanceKlass jdk/internal/module/SystemModules
instanceKlass jdk/internal/module/SystemModulesMap
instanceKlass java/net/URI$1
instanceKlass jdk/internal/access/JavaNetUriAccess
instanceKlass java/net/URI
instanceKlass jdk/internal/module/SystemModuleFinders
instanceKlass jdk/internal/module/ArchivedModuleGraph
instanceKlass java/util/Optional
instanceKlass java/lang/Runtime$Version
instanceKlass java/util/jar/JavaUtilJarAccessImpl
instanceKlass jdk/internal/access/JavaUtilJarAccess
instanceKlass java/util/zip/ZipFile$1
instanceKlass jdk/internal/access/JavaUtilZipFileAccess
instanceKlass java/util/zip/ZipFile
instanceKlass java/util/zip/ZipConstants
instanceKlass java/nio/Bits$1
instanceKlass jdk/internal/misc/VM$BufferPool
instanceKlass java/nio/Bits
instanceKlass sun/nio/ch/DirectBuffer
instanceKlass jdk/internal/perf/Perf
instanceKlass jdk/internal/perf/Perf$GetPerfAction
instanceKlass jdk/internal/perf/PerfCounter
instanceKlass java/lang/reflect/Array
instanceKlass java/util/jar/Attributes$Name
instanceKlass jdk/internal/module/ModulePath
instanceKlass java/lang/module/ModuleFinder
instanceKlass sun/nio/fs/WindowsPath
instanceKlass sun/nio/fs/WindowsPathParser$Result
instanceKlass sun/nio/fs/WindowsPathParser
instanceKlass java/nio/file/FileSystem
instanceKlass java/nio/file/OpenOption
instanceKlass java/nio/file/spi/FileSystemProvider
instanceKlass sun/nio/fs/DefaultFileSystemProvider
instanceKlass java/nio/file/FileSystems
instanceKlass java/nio/file/Path
instanceKlass java/nio/file/Watchable
instanceKlass jdk/internal/module/ArchivedBootLayer
instanceKlass jdk/internal/module/ModuleBootstrap$Counters
instanceKlass jdk/internal/module/ModulePatcher
instanceKlass java/io/FileSystem
instanceKlass java/io/DefaultFileSystem
instanceKlass java/io/File
instanceKlass java/lang/module/ModuleDescriptor$1
instanceKlass jdk/internal/access/JavaLangModuleAccess
instanceKlass sun/invoke/util/VerifyAccess
instanceKlass java/util/KeyValueHolder
instanceKlass java/util/ImmutableCollections$MapN$MapNIterator
instanceKlass java/lang/StrictMath
instanceKlass java/lang/invoke/MethodHandles$Lookup
instanceKlass java/lang/invoke/MemberName$Factory
instanceKlass java/lang/invoke/MethodHandles
instanceKlass java/lang/module/ModuleDescriptor
instanceKlass jdk/internal/module/ModuleBootstrap
instanceKlass java/lang/Character$CharacterCache
instanceKlass java/util/HexFormat
instanceKlass jdk/internal/util/ClassFileDumper
instanceKlass sun/security/action/GetPropertyAction
instanceKlass java/lang/invoke/MethodHandleStatics
instanceKlass jdk/internal/misc/Blocker
instanceKlass java/util/concurrent/locks/AbstractQueuedSynchronizer$ConditionObject
instanceKlass java/util/concurrent/locks/Condition
instanceKlass java/util/Collections
instanceKlass java/lang/Thread$ThreadIdentifiers
instanceKlass sun/io/Win32ErrorMode
instanceKlass jdk/internal/misc/OSEnvironment
instanceKlass java/lang/Integer$IntegerCache
instanceKlass jdk/internal/misc/Signal$NativeHandler
instanceKlass java/util/Hashtable$Entry
instanceKlass jdk/internal/misc/Signal
instanceKlass java/lang/Terminator$1
instanceKlass jdk/internal/misc/Signal$Handler
instanceKlass java/lang/Terminator
instanceKlass java/nio/ByteOrder
instanceKlass java/nio/Buffer$2
instanceKlass jdk/internal/access/JavaNioAccess
instanceKlass java/nio/Buffer$1
instanceKlass jdk/internal/misc/ScopedMemoryAccess
instanceKlass java/nio/charset/CodingErrorAction
instanceKlass sun/nio/cs/SingleByte
instanceKlass java/lang/StringUTF16
instanceKlass sun/nio/cs/MS1252$Holder
instanceKlass sun/nio/cs/ArrayEncoder
instanceKlass java/nio/charset/CharsetEncoder
instanceKlass java/io/Writer
instanceKlass java/io/PrintStream$1
instanceKlass jdk/internal/access/JavaIOPrintStreamAccess
instanceKlass jdk/internal/misc/InternalLock
instanceKlass java/io/OutputStream
instanceKlass java/io/Flushable
instanceKlass java/io/FileDescriptor$1
instanceKlass jdk/internal/access/JavaIOFileDescriptorAccess
instanceKlass java/io/FileDescriptor
instanceKlass jdk/internal/util/StaticProperty
instanceKlass jdk/internal/reflect/MethodHandleAccessorFactory
instanceKlass java/lang/reflect/Modifier
instanceKlass java/lang/Class$1
instanceKlass java/lang/Class$Atomic
instanceKlass java/lang/Class$ReflectionData
instanceKlass java/nio/charset/StandardCharsets
instanceKlass sun/nio/cs/HistoricallyNamedCharset
instanceKlass java/nio/charset/spi/CharsetProvider
instanceKlass java/nio/charset/Charset
instanceKlass java/util/HashMap$HashIterator
instanceKlass java/util/concurrent/locks/LockSupport
instanceKlass java/util/concurrent/ConcurrentHashMap$Node
instanceKlass java/util/concurrent/ConcurrentHashMap$CounterCell
instanceKlass java/util/concurrent/locks/ReentrantLock
instanceKlass java/util/concurrent/locks/Lock
instanceKlass java/lang/CharacterData
instanceKlass java/util/Arrays
instanceKlass jdk/internal/util/Preconditions$3
instanceKlass jdk/internal/util/Preconditions$2
instanceKlass jdk/internal/util/Preconditions$4
instanceKlass java/util/function/BiFunction
instanceKlass jdk/internal/util/Preconditions$1
instanceKlass java/util/function/Function
instanceKlass jdk/internal/util/Preconditions
instanceKlass java/lang/Runtime
instanceKlass java/lang/VersionProps
instanceKlass java/lang/StringConcatHelper
instanceKlass java/util/HashMap$Node
instanceKlass java/util/Map$Entry
instanceKlass jdk/internal/util/ArraysSupport
instanceKlass jdk/internal/util/SystemProps$Raw
instanceKlass jdk/internal/util/SystemProps
instanceKlass java/lang/System$2
instanceKlass jdk/internal/access/JavaLangAccess
instanceKlass java/lang/ref/NativeReferenceQueue$Lock
instanceKlass java/lang/ref/ReferenceQueue
instanceKlass java/lang/ref/Reference$1
instanceKlass jdk/internal/access/JavaLangRefAccess
instanceKlass jdk/internal/reflect/ReflectionFactory
instanceKlass java/lang/Math
instanceKlass java/lang/StringLatin1
instanceKlass jdk/internal/reflect/Reflection
instanceKlass jdk/internal/reflect/ReflectionFactory$GetReflectionFactoryAction
instanceKlass java/security/PrivilegedAction
instanceKlass jdk/internal/access/SharedSecrets
instanceKlass java/lang/reflect/ReflectAccess
instanceKlass jdk/internal/access/JavaLangReflectAccess
instanceKlass java/util/ImmutableCollections
instanceKlass java/util/Objects
instanceKlass java/util/Set
instanceKlass jdk/internal/misc/CDS
instanceKlass java/lang/Module$ArchivedData
instanceKlass jdk/internal/misc/VM
instanceKlass java/lang/String$CaseInsensitiveComparator
instanceKlass java/util/Comparator
instanceKlass java/io/ObjectStreamField
instanceKlass jdk/internal/vm/FillerObject
instanceKlass jdk/internal/vm/vector/VectorSupport$VectorPayload
instanceKlass jdk/internal/vm/vector/VectorSupport
instanceKlass java/lang/reflect/RecordComponent
instanceKlass java/util/Iterator
instanceKlass java/lang/Number
instanceKlass java/lang/Character
instanceKlass java/lang/Boolean
instanceKlass java/util/concurrent/locks/AbstractOwnableSynchronizer
instanceKlass java/lang/LiveStackFrame
instanceKlass java/lang/StackFrameInfo
instanceKlass java/lang/StackWalker$StackFrame
instanceKlass java/lang/StackStreamFactory$AbstractStackWalker
instanceKlass java/lang/StackWalker
instanceKlass java/nio/Buffer
instanceKlass java/lang/StackTraceElement
instanceKlass java/util/RandomAccess
instanceKlass java/util/List
instanceKlass java/util/SequencedCollection
instanceKlass java/util/AbstractCollection
instanceKlass java/util/Collection
instanceKlass java/lang/Iterable
instanceKlass java/util/concurrent/ConcurrentMap
instanceKlass java/util/AbstractMap
instanceKlass java/security/CodeSource
instanceKlass jdk/internal/loader/ClassLoaders
instanceKlass java/util/jar/Manifest
instanceKlass java/lang/Enum
instanceKlass java/net/URL
instanceKlass java/io/InputStream
instanceKlass java/io/Closeable
instanceKlass java/lang/AutoCloseable
instanceKlass jdk/internal/module/Modules
instanceKlass jdk/internal/misc/Unsafe
instanceKlass jdk/internal/misc/UnsafeConstants
instanceKlass java/lang/AbstractStringBuilder
instanceKlass java/lang/Appendable
instanceKlass java/lang/AssertionStatusDirectives
instanceKlass jdk/internal/foreign/abi/ABIDescriptor
instanceKlass jdk/internal/foreign/abi/NativeEntryPoint
instanceKlass java/lang/invoke/CallSite
instanceKlass java/lang/invoke/MethodType
instanceKlass java/lang/invoke/TypeDescriptor$OfMethod
instanceKlass java/lang/invoke/LambdaForm
instanceKlass java/lang/invoke/MethodHandleNatives
instanceKlass java/lang/invoke/ResolvedMethodName
instanceKlass java/lang/invoke/MemberName
instanceKlass java/lang/invoke/VarHandle
instanceKlass java/lang/invoke/MethodHandle
instanceKlass jdk/internal/reflect/CallerSensitive
instanceKlass java/lang/annotation/Annotation
instanceKlass jdk/internal/reflect/FieldAccessor
instanceKlass jdk/internal/reflect/ConstantPool
instanceKlass jdk/internal/reflect/ConstructorAccessor
instanceKlass jdk/internal/reflect/MethodAccessor
instanceKlass jdk/internal/reflect/MagicAccessorImpl
instanceKlass jdk/internal/vm/StackChunk
instanceKlass jdk/internal/vm/Continuation
instanceKlass jdk/internal/vm/ContinuationScope
instanceKlass java/lang/reflect/Parameter
instanceKlass java/lang/reflect/Member
instanceKlass java/lang/reflect/AccessibleObject
instanceKlass java/lang/Module
instanceKlass java/util/Map
instanceKlass java/util/Dictionary
instanceKlass java/lang/ThreadGroup
instanceKlass java/lang/Thread$UncaughtExceptionHandler
instanceKlass java/lang/Thread$Constants
instanceKlass java/lang/Thread$FieldHolder
instanceKlass java/lang/Thread
instanceKlass java/lang/Runnable
instanceKlass java/lang/ref/Reference
instanceKlass java/lang/Record
instanceKlass java/security/AccessController
instanceKlass java/security/AccessControlContext
instanceKlass java/security/ProtectionDomain
instanceKlass java/lang/SecurityManager
instanceKlass java/lang/Throwable
instanceKlass java/lang/System
instanceKlass java/lang/ClassLoader
instanceKlass java/lang/Cloneable
instanceKlass java/lang/Class
instanceKlass java/lang/invoke/TypeDescriptor$OfField
instanceKlass java/lang/invoke/TypeDescriptor
instanceKlass java/lang/reflect/Type
instanceKlass java/lang/reflect/GenericDeclaration
instanceKlass java/lang/reflect/AnnotatedElement
instanceKlass java/lang/String
instanceKlass java/lang/constant/ConstantDesc
instanceKlass java/lang/constant/Constable
instanceKlass java/lang/CharSequence
instanceKlass java/lang/Comparable
instanceKlass java/io/Serializable
ciInstanceKlass java/lang/Object 1 1 124 7 1 10 12 1 1 10 7 12 1 1 1 10 7 12 1 1 1 10 12 1 1 8 1 10 12 1 1 10 7 12 1 1 1 10 12 1 10 12 1 1 10 7 12 1 1 1 10 12 1 10 12 1 7 1 10 7 12 1 1 1 10 12 1 1 10 12 1 100 1 8 1 10 12 1 3 8 1 7 1 5 0 1 1 1 1 1 1 1 1 1 1 1 1 1 1 1 1 100 1 1 1 1 1 1 1 1 1 1 7 1 1 1 1 1 1 1 1 1 1 3 1 1
ciMethod java/lang/Object equals (Ljava/lang/Object;)Z 518 0 21446 0 88
ciMethod java/lang/Object hashCode ()I 256 0 128 0 -1
ciMethod java/lang/Object clone ()Ljava/lang/Object; 256 0 128 0 -1
ciInstanceKlass java/io/Serializable 1 0 7 100 1 100 1 1 1
ciInstanceKlass java/lang/System 1 1 834 10 7 12 1 1 1 9 7 12 1 1 1 10 12 1 10 12 1 1 10 12 1 1 10 12 1 9 12 1 1 10 7 12 1 1 1 11 100 12 1 1 1 10 100 12 1 1 1 10 12 1 1 10 12 1 1 100 1 8 1 10 12 1 10 7 12 1 1 1 10 7 12 1 1 1 18 12 1 1 10 7 12 1 1 1 7 1 10 12 1 1 10 7 12 1 1 1 10 12 1 10 7 12 1 1 1 9 100 12 1 1 1 10 7 12 1 1 1 11 7 12 1 1 1 10 12 1 1 10 7 12 1 1 1 7 1 10 10 12 1 1 8 1 10 12 1 8 1 10 12 1 9 12 1 1 8 1 10 7 12 1 1 1 10 12 1 1 100 1 8 1 10 9 12 1 1 8 1 10 12 1 1 10 100 12 1 1 1 8 1 10 12 1 7 1 10 12 1 8 1 10 12 1 10 12 1 1 100 1 10 12 10 12 1 9 12 1 1 9 12 1 1 10 7 12 1 1 1 10 7 12 1 1 1 10 12 1 1 10 12 1 10 12 1 10 7 12 1 1 1 10 12 1 100 1 100 1 8 1 10 12 1 10 12 1 1 7 1 10 12 1 100 1 8 1 10 10 12 1 100 1 8 1 10 8 1 10 7 12 1 1 8 1 10 12 100 1 8 1 10 10 12 1 1 10 7 12 1 1 1 100 1 18 12 1 100 1 9 100 12 1 1 1 10 12 1 100 1 10 12 1 1 10 12 1 1 10 7 12 1 1 1 10 12 1 1 10 12 1 10 12 1 10 12 1 1 10 12 1 7 1 10 12 1 9 7 12 1 1 1 10 7 12 1 1 1 10 12 1 10 12 1 10 7 12 1 1 1 7 1 8 1 10 9 12 1 9 12 1 10 12 1 10 7 12 1 1 10 12 1 10 12 1 1 8 1 10 12 1 1 8 1 11 12 1 10 12 11 12 1 1 11 7 12 1 1 1 11 7 12 1 1 11 12 1 1 7 1 11 12 1 10 12 1 8 1 10 12 1 1 8 1 8 1 8 1 8 1 11 12 1 10 12 1 10 12 1 10 12 1 8 1 10 12 1 1 8 1 9 12 1 8 1 10 7 12 1 1 8 1 7 1 9 7 12 1 1 1 10 12 1 7 1 9 12 10 9 12 7 1 10 12 9 12 1 1 8 1 10 12 1 1 8 1 10 7 12 1 1 10 12 1 10 12 1 1 11 7 12 1 1 10 12 10 7 12 1 1 1 9 12 1 1 7 1 8 1 10 12 1 1 10 7 12 1 1 1 7 1 10 12 1 1 10 12 1 8 1 8 1 10 8 1 8 1 8 1 8 1 10 10 7 12 1 1 10 12 1 10 12 1 1 10 12 1 1 10 12 1 10 100 12 1 1 1 10 7 1 8 1 10 10 10 12 1 1 10 12 1 1 8 1 10 12 1 8 1 8 1 10 12 1 10 7 12 1 1 1 10 12 1 1 7 1 10 10 12 1 10 12 1 9 12 1 1 3 1 3 1 1 1 1 1 1 1 1 1 1 1 1 100 1 1 100 1 1 1 1 1 1 1 1 1 1 1 100 1 7 1 1 1 1 1 1 1 1 1 1 1 1 1 1 1 1 1 1 1 1 1 1 1 1 1 1 1 1 1 1 1 1 1 1 1 1 1 1 1 1 1 1 1 1 1 1 1 1 1 1 1 1 1 1 1 1 1 1 100 1 1 1 1 1 1 1 1 1 1 1 1 1 1 1 1 1 1 1 1 1 1 1 1 1 1 1 1 1 1 1 1 1 100 1 1 16 15 10 12 1 1 16 15 10 12 16 1 15 10 100 12 1 1 1 1 1 1 1 1 1 100 1 100 1 1
staticfield java/lang/System in Ljava/io/InputStream; java/io/BufferedInputStream
staticfield java/lang/System out Ljava/io/PrintStream; java/io/PrintStream
staticfield java/lang/System err Ljava/io/PrintStream; java/io/PrintStream
ciInstanceKlass java/lang/SecurityManager 0 0 576 10 7 12 1 1 1 9 7 12 1 1 1 10 7 12 1 1 1 100 1 8 1 10 12 1 10 12 1 1 10 7 12 1 1 1 10 7 1 10 100 1 10 9 100 12 1 1 1 10 7 12 1 1 1 10 12 1 1 10 7 12 1 1 100 1 8 1 10 9 12 1 1 9 12 1 8 1 9 12 1 7 1 10 8 1 10 12 1 1 10 12 1 10 12 1 1 100 1 10 10 12 1 1 100 1 8 1 10 12 1 8 1 8 1 8 1 8 1 8 1 8 1 10 12 1 8 1 8 1 8 1 8 1 8 1 10 7 12 1 1 1 10 12 1 1 8 1 100 1 8 1 10 8 1 8 1 8 1 8 1 8 1 10 100 12 1 1 8 1 100 1 8 1 8 1 10 8 1 10 12 1 100 1 8 1 10 10 12 1 1 10 12 1 10 12 1 10 12 1 10 100 12 1 1 1 10 12 1 10 100 12 1 1 11 100 12 1 1 1 18 12 1 1 11 100 12 1 1 1 18 12 1 1 11 12 1 1 18 18 11 12 1 18 12 1 11 12 1 1 9 12 1 1 9 12 1 9 12 1 9 12 1 100 1 10 100 12 1 1 10 12 1 10 12 1 18 12 1 18 10 100 12 1 1 1 18 12 1 10 12 1 18 18 8 1 10 12 1 9 12 1 1 11 7 12 1 1 1 8 1 100 1 10 12 1 10 12 1 1 10 12 1 1 9 12 1 1 10 12 1 10 12 1 1 8 1 100 1 10 9 12 1 8 1 10 12 1 8 1 100 1 10 10 100 12 1 1 10 100 1 9 7 12 1 1 1 11 12 1 1 10 12 1 11 12 1 10 12 1 7 1 10 10 12 1 1 10 12 1 1 1 1 1 1 1 1 1 1 1 7 1 1 1 1 1 1 1 1 1 1 1 1 1 1 1 1 1 1 1 1 1 1 1 1 1 1 1 1 1 1 1 1 1 1 1 1 1 1 1 1 1 1 1 1 1 1 1 1 1 1 1 1 1 1 1 1 3 1 1 1 1 1 1 1 1 1 1 100 1 1 1 1 1 1 1 1 1 1 1 1 1 1 1 1 1 1 1 1 1 1 1 1 1 1 1 1 1 1 1 1 1 1 1 1 1 1 16 15 10 7 12 1 1 1 16 1 16 15 10 12 16 1 15 10 12 16 15 11 7 1 16 1 16 1 15 10 12 16 15 10 12 16 15 10 12 1 16 1 15 11 12 1 15 10 12 16 15 10 16 1 15 10 100 12 1 1 1 1 1 1 100 1 100 1 1
ciInstanceKlass java/security/AccessController 1 1 295 10 7 12 1 1 1 10 7 12 1 1 1 10 7 12 1 1 1 10 12 1 1 10 12 1 1 10 7 12 1 1 1 10 12 1 1 10 12 1 10 12 1 1 10 12 1 100 1 8 1 10 12 1 10 12 1 10 12 1 1 10 12 1 7 1 7 1 10 12 1 1 10 12 1 10 12 1 10 12 1 1 10 7 12 1 1 1 10 12 1 1 9 100 12 1 1 1 10 7 12 1 1 1 10 12 1 10 12 1 9 100 12 1 1 1 10 12 1 10 12 1 1 9 12 1 1 10 100 1 10 11 7 12 1 1 1 10 7 12 1 1 11 7 1 100 1 10 12 1 10 12 1 10 12 1 8 1 10 12 1 1 8 1 10 100 12 1 1 1 8 1 7 1 10 10 12 1 1 10 12 1 10 7 12 1 1 1 10 12 1 8 1 10 7 12 1 1 8 1 8 1 10 12 1 8 1 10 12 1 10 12 1 1 10 12 1 1 1 1 1 1 1 1 1 1 1 1 1 1 1 1 1 1 1 1 1 1 1 1 1 1 1 1 100 1 1 1 1 1 1 1 1 1 1 1 1 1 1 1 1 1 1 1 1 1 1 1 1 1 1 1 1 1 1 1 1 1 1 100 1 100 1 1 1 1 1 1 1 1 1 3 1 1 1
staticfield java/security/AccessController $assertionsDisabled Z 1
ciInstanceKlass java/security/ProtectionDomain 1 1 348 10 7 12 1 1 1 9 7 12 1 1 1 7 1 10 9 12 1 1 9 12 1 1 9 12 1 1 10 7 12 1 1 7 1 9 12 1 9 12 1 1 7 1 9 12 1 1 9 12 1 10 100 12 1 1 10 100 12 1 1 1 10 12 1 1 10 12 1 9 12 1 9 100 12 1 1 10 12 1 1 10 100 1 10 12 1 1 8 1 7 1 8 1 10 12 1 10 11 10 7 12 1 1 1 10 12 1 1 8 1 11 8 1 10 12 1 8 1 8 1 10 12 1 1 10 12 1 10 12 1 1 10 12 1 8 1 10 12 1 8 1 8 1 10 7 12 1 1 1 9 100 12 1 1 1 10 12 1 1 9 100 12 1 1 1 10 7 12 1 1 1 100 1 18 12 1 1 10 7 12 1 1 1 10 7 1 10 12 1 10 12 1 1 11 100 12 1 1 11 12 1 100 1 11 7 12 1 1 1 10 12 1 10 11 12 1 1 11 12 1 1 10 12 1 10 7 12 1 1 10 100 12 1 1 11 12 1 10 12 10 12 1 8 1 8 1 10 7 12 1 1 1 7 1 10 10 7 12 1 1 1 1 1 1 1 1 1 1 7 1 1 7 1 1 1 1 1 1 1 1 1 1 1 1 1 1 1 1 1 1 1 1 1 1 1 1 1 1 1 1 1 1 1 1 1 1 1 1 1 1 1 1 1 1 1 1 7 1 1 1 1 1 1 100 1 1 16 15 10 12 16 15 10 100 12 1 1 1 1 1 1 1 100 1 100 1 1
staticfield java/security/ProtectionDomain filePermCompatInPD Z 0
ciInstanceKlass java/security/CodeSource 1 1 398 10 7 12 1 1 1 9 7 12 1 1 1 9 12 1 1 9 12 1 1 9 12 1 1 10 7 12 1 1 1 9 12 1 1 10 100 12 1 1 10 100 10 7 12 1 1 1 10 100 12 1 1 1 10 12 1 1 7 1 10 10 100 12 1 1 1 10 100 12 1 1 1 10 12 1 1 100 1 10 12 1 1 10 12 1 1 10 12 1 1 10 12 1 10 10 10 12 1 1 10 7 12 1 1 1 10 12 1 10 12 1 10 12 1 8 1 10 12 1 10 12 1 10 12 1 1 10 12 1 8 1 10 12 1 1 10 7 1 10 10 12 1 1 8 1 10 12 1 10 12 1 10 12 1 8 1 8 1 9 12 1 1 100 1 8 1 10 12 1 10 12 1 1 8 1 10 12 1 8 1 8 1 8 1 10 100 12 1 1 10 12 1 1 10 12 1 10 12 1 1 10 12 1 1 10 12 1 1 100 1 100 1 10 12 1 10 12 10 12 1 1 10 100 12 1 1 10 12 1 7 1 10 12 10 100 12 1 1 1 10 8 1 10 12 1 10 12 1 10 12 1 1 100 1 10 12 1 1 100 1 7 1 8 1 8 1 10 10 12 1 1 10 100 12 1 1 1 7 1 10 12 10 12 1 1 11 7 12 1 1 10 10 12 1 11 10 12 1 8 1 100 1 10 12 1 10 12 1 1 10 12 1 11 12 1 1 7 1 1 1 1 5 0 1 1 1 1 1 1 1 1 1 1 1 1 1 1 1 1 1 1 1 1 1 1 1 1 1 1 1 1 1 1 1 1 1 1 1 1 1 1 1 1 1 1 1 1 1 1 1 1 1 1 1 1 1 1 1 1 1 1 1 1 1 1 1 1 1 1 100 1 1 1 1 1 1 1
ciInstanceKlass java/lang/Boolean 1 1 152 10 7 12 1 1 1 9 7 12 1 1 1 10 12 1 1 10 12 1 8 1 10 7 12 1 1 9 12 1 1 9 12 1 10 12 1 1 10 12 1 1 10 12 1 1 10 7 12 1 1 1 100 1 100 1 10 12 1 1 9 100 12 1 1 9 12 10 100 12 1 1 1 10 12 1 1 8 1 10 7 12 1 1 1 9 12 1 1 7 1 7 1 7 1 1 1 1 1 1 5 0 1 1 1 1 1 1 1 1 1 1 3 1 1 1 1 1 1 1 1 1 1 1 1 1 1 1 1 1 1 7 1 1 1 1 1 1 1 1 1 1 100 1 1 1 1 1 1 1 1 1
staticfield java/lang/Boolean TRUE Ljava/lang/Boolean; java/lang/Boolean
staticfield java/lang/Boolean FALSE Ljava/lang/Boolean; java/lang/Boolean
staticfield java/lang/Boolean TYPE Ljava/lang/Class; java/lang/Class
ciInstanceKlass java/lang/Comparable 1 0 12 100 1 100 1 1 1 1 1 1 1 1
ciInstanceKlass java/lang/constant/Constable 1 0 11 100 1 100 1 1 1 1 1 1 1
ciInstanceKlass java/util/Map 1 1 263 11 7 12 1 1 1 11 12 1 1 10 7 12 1 1 11 12 1 1 11 7 12 1 1 1 11 100 12 1 1 1 11 12 1 1 7 1 11 12 1 11 12 1 100 1 100 1 10 12 1 1 11 100 12 1 1 1 11 100 12 1 1 1 11 12 1 11 12 1 10 12 1 1 11 12 1 11 7 12 1 9 7 12 1 1 1 7 1 10 12 7 1 7 1 10 12 1 7 1 10 7 1 11 12 1 11 12 1 1 11 12 1 1 7 1 11 12 1 1 1 1 1 1 1 1 1 1 1 1 1 1 1 1 1 1 1 1 1 1 1 1 1 1 1 1 1 1 1 1 1 1 1 1 1 1 1 1 1 1 1 1 1 1 1 1 1 1 1 1 1 1 1 1 1 1 1 1 1 1 1 1 1 1 1 1 1 1 1 1 1 1 1 1 1 1 1 1 1 1 1 1 1 1 1 1 1 1 1 1 1 1 1 1 1 1 1 1 1 1 1 1 1 1 1 1 1 1 1 1 1 1 1 1 1 1 1 1 1 1 1 1 1 1 100 1 1 1 1 1 1 1 1 1 1 1 1 1 1 1 1 1 1
ciInstanceKlass java/lang/Class 1 1 1687 10 7 12 1 1 1 9 7 12 1 1 1 9 12 1 1 10 12 1 1 8 1 10 12 1 8 1 8 1 10 12 1 1 10 7 12 1 1 1 10 12 1 7 1 10 10 12 1 10 12 1 1 10 12 1 1 10 12 1 1 10 7 12 1 1 10 12 1 10 12 1 10 12 1 8 1 10 12 1 8 1 10 12 1 8 1 8 1 10 12 1 1 10 7 12 1 1 1 18 12 1 1 11 7 12 1 1 1 8 1 8 1 8 1 10 7 12 1 1 1 11 12 1 1 8 1 10 12 1 10 11 100 12 1 1 1 11 7 12 1 1 1 11 8 1 18 8 1 10 12 1 10 7 12 1 1 10 12 1 1 10 7 12 1 1 1 10 12 1 1 10 12 1 1 10 7 12 1 1 1 10 12 9 100 12 1 1 1 10 7 12 1 1 1 10 12 1 10 7 12 1 1 1 10 12 1 1 18 12 1 1 10 7 12 1 1 1 10 7 12 1 10 12 1 1 10 7 1 7 1 10 12 1 1 9 12 1 1 100 1 8 1 10 12 1 10 12 1 1 10 12 1 1 10 7 12 1 1 1 7 1 10 12 1 7 1 100 1 10 10 12 1 1 10 12 1 1 100 1 10 7 12 1 1 1 10 12 1 1 10 12 1 1 9 12 1 1 10 12 1 10 12 1 1 9 12 1 1 9 12 1 1 10 12 1 1 10 100 1 10 12 1 10 12 1 10 12 1 1 10 9 12 1 10 12 1 8 1 10 12 1 1 10 12 1 1 10 12 1 10 12 1 1 10 12 1 1 10 12 1 1 9 7 12 1 1 1 10 100 12 1 1 10 12 10 12 1 10 12 1 10 12 1 10 12 1 9 100 12 1 1 1 9 12 1 10 12 1 10 100 12 1 1 1 10 12 1 1 10 100 12 1 1 10 12 1 10 12 1 1 10 100 12 1 1 1 10 12 1 10 12 1 1 10 12 1 10 12 1 10 12 1 1 10 7 1 10 10 10 12 1 1 10 12 1 1 10 12 10 10 12 1 1 7 1 8 1 10 10 12 1 1 10 12 1 100 1 11 12 1 10 100 12 1 1 10 12 1 10 12 1 10 100 12 1 1 10 10 12 1 1 8 1 10 12 1 10 12 1 1 8 1 10 12 1 9 12 1 10 12 1 10 12 1 10 12 1 10 12 7 1 9 12 1 10 12 1 9 12 1 10 12 1 10 12 1 10 12 1 10 10 12 1 10 12 1 10 7 12 1 1 10 12 1 10 12 1 10 12 1 1 10 12 1 10 12 1 10 12 1 100 1 10 12 1 10 12 1 1 10 12 1 1 10 12 1 1 10 12 1 1 10 12 1 1 10 12 1 1 7 1 10 10 12 1 1 10 12 1 1 10 12 1 1 10 10 12 1 10 12 1 1 10 12 1 1 10 12 1 1 10 12 1 1 7 1 10 10 12 11 7 12 1 1 10 12 1 10 12 1 10 7 12 1 1 1 10 12 1 1 10 10 12 1 1 7 1 10 10 12 1 1 10 7 12 1 1 1 100 1 100 1 10 12 1 1 10 12 1 10 10 12 1 1 10 12 1 10 12 1 10 12 1 10 100 12 1 1 1 11 100 12 1 1 10 12 1 10 12 1 9 12 1 10 12 1 1 10 12 1 9 100 12 1 1 1 9 12 1 10 100 12 1 1 1 10 12 1 10 12 1 10 100 12 1 1 1 10 12 1 10 12 10 12 1 1 100 1 10 8 1 10 12 1 11 11 12 1 1 11 7 12 1 1 11 12 1 8 1 10 12 1 10 12 1 1 9 12 1 9 12 1 1 10 7 12 1 1 9 12 1 10 12 1 1 10 10 12 1 10 7 12 1 1 1 10 100 12 1 1 10 100 12 1 1 9 12 1 1 10 12 1 9 12 1 10 12 1 10 12 1 1 9 12 1 1 9 12 1 10 12 1 10 12 1 1 9 12 1 100 1 10 10 12 1 1 7 1 10 12 1 1 100 11 7 1 9 12 1 1 9 12 1 7 1 10 12 1 9 12 1 1 9 12 1 10 12 1 10 12 1 1 9 12 1 7 1 10 10 12 1 1 10 10 12 1 10 12 10 10 12 1 9 12 1 10 12 1 1 10 7 12 1 1 1 10 12 1 1 10 12 1 8 10 100 8 1 18 8 1 8 1 10 12 1 9 12 1 9 12 1 1 10 12 1 7 1 7 1 10 12 1 9 12 1 1 7 1 10 10 12 1 10 7 1 9 12 1 8 1 10 12 1 7 1 10 12 1 10 12 1 1 100 1 7 1 9 12 1 100 1 8 1 10 10 7 12 1 1 1 10 12 11 7 12 1 1 1 10 12 1 10 12 1 1 10 8 1 8 1 10 12 1 1 9 100 12 1 1 11 12 7 1 11 7 12 1 1 9 12 1 10 100 12 1 1 1 10 100 12 1 1 10 12 1 1 9 12 1 9 10 12 1 1 10 12 1 1 10 12 1 1 10 12 1 1 10 12 1 1 11 12 1 100 1 11 12 1 10 100 12 1 1 1 10 12 1 11 12 1 10 100 12 1 1 1 10 12 1 10 100 12 1 1 1 11 12 1 11 12 1 1 10 12 1 10 12 1 1 9 12 1 1 9 100 12 1 1 10 12 1 10 100 12 1 1 1 10 12 1 1 10 12 1 10 12 1 10 12 1 10 7 12 1 1 1 10 12 1 8 1 10 12 1 10 12 1 10 12 1 100 1 10 12 10 100 12 1 1 1 11 100 12 1 1 1 10 12 1 1 10 12 1 18 12 1 1 11 12 1 1 18 11 12 1 18 12 1 11 12 1 10 12 1 1 10 12 1 10 12 1 10 12 1 10 12 1 10 12 10 12 1 8 1 10 12 1 7 1 9 12 1 1 7 1 7 1 7 1 7 1 1 1 3 1 3 1 3 1 1 1 1 1 1 1 5 0 1 1 1 1 1 1 1 1 1 1 1 1 1 1 1 1 1 1 1 1 1 1 1 1 100 1 1 1 1 1 1 1 100 1 1 1 1 1 7 1 1 1 1 1 1 1 1 1 1 1 1 1 1 1 1 1 1 1 1 1 1 1 1 1 1 1 1 1 1 1 1 1 1 1 1 1 1 1 1 1 1 100 1 1 1 1 1 1 1 1 1 1 1 1 1 1 1 1 1 1 1 1 1 1 1 1 1 1 1 1 1 1 1 100 1 1 1 1 1 1 1 1 1 1 1 1 1 1 1 1 1 1 1 1 3 1 1 1 1 1 1 1 1 1 1 1 1 1 1 1 1 1 1 1 1 1 1 1 1 1 1 1 1 1 1 1 1 1 1 1 7 1 7 1 1 1 1 1 1 1 7 1 1 1 1 1 1 1 1 1 1 1 1 1 1 1 1 1 1 1 1 1 1 1 1 1 1 1 1 1 1 1 1 1 1 1 1 1 1 1 1 1 1 1 1 1 1 1 1 1 1 1 1 1 1 1 1 1 1 1 1 1 1 1 1 1 1 1 1 1 1 1 1 1 1 1 1 1 1 1 1 1 1 1 1 1 1 1 1 1 1 1 1 1 1 1 1 1 1 1 1 1 1 1 1 1 1 1 1 1 1 1 1 1 1 1 1 1 1 1 1 1 1 1 1 16 15 10 12 16 15 11 12 16 1 16 15 16 15 10 12 16 16 15 10 12 16 15 16 1 15 10 12 16 15 10 7 12 1 1 1 1 1 1 1 1 1 1 1 1 1 7 1 1 100 1 100 1 1 100 1 100 1 1 100 1 100 1 1
staticfield java/lang/Class EMPTY_CLASS_ARRAY [Ljava/lang/Class; 0 [Ljava/lang/Class;
staticfield java/lang/Class serialPersistentFields [Ljava/io/ObjectStreamField; 0 [Ljava/io/ObjectStreamField;
ciInstanceKlass java/lang/reflect/AnnotatedElement 1 1 164 11 7 12 1 1 1 11 12 1 1 7 1 10 100 12 1 1 1 10 12 1 1 10 12 1 1 10 12 1 10 100 12 1 1 1 11 12 1 1 11 7 12 1 1 10 7 12 1 1 1 10 12 1 10 100 12 1 1 1 18 12 1 1 11 100 12 1 1 18 12 1 18 12 1 1 10 100 12 1 1 1 11 100 12 1 1 1 7 1 10 100 12 1 1 1 1 1 1 1 1 1 1 1 1 1 1 1 1 1 1 1 1 1 1 1 1 1 100 1 1 1 1 1 1 1 1 1 1 1 16 15 16 1 16 1 15 11 12 16 16 1 15 10 100 12 1 1 1 16 1 15 10 100 12 1 1 1 1 100 1 100 1 1
ciInstanceKlass java/lang/invoke/TypeDescriptor 1 0 17 100 1 100 1 1 1 1 1 1 100 1 100 1 1 1 1
ciInstanceKlass java/lang/reflect/GenericDeclaration 1 0 30 7 1 7 1 7 1 1 1 1 1 1 1 1 100 1 8 1 1 12 10 1 1 1 8 1 1 1 8 1
ciInstanceKlass java/lang/reflect/Type 1 1 17 11 100 12 1 1 1 100 1 1 1 1 1 1 1 1 1
ciInstanceKlass java/lang/invoke/TypeDescriptor$OfField 1 0 21 100 1 100 1 100 1 1 1 1 1 1 1 1 1 1 1 1 1 1 1
ciMethod java/lang/Class isArray ()Z 256 0 128 0 -1
ciMethod java/lang/Class isPrimitive ()Z 256 0 128 0 -1
ciInstanceKlass java/lang/StringBuilder 1 1 422 10 7 12 1 1 1 10 12 1 10 12 1 10 12 1 1 10 7 12 1 1 1 10 7 12 1 1 1 10 12 1 10 12 1 10 12 1 10 12 1 10 12 1 10 12 1 10 12 1 10 12 1 10 12 1 10 12 1 10 12 1 10 12 1 10 12 1 10 12 1 1 10 12 1 10 12 1 1 10 12 1 1 10 12 1 10 12 1 10 12 1 10 12 1 10 12 1 10 12 1 10 12 1 10 12 10 12 1 10 12 1 10 12 1 10 12 1 1 10 12 1 10 12 1 10 12 10 12 1 1 10 12 1 10 12 1 10 12 1 10 100 12 1 1 1 9 12 1 1 10 12 1 10 12 1 1 10 12 1 1 9 12 1 1 10 100 12 1 1 1 10 100 1 10 12 1 1 10 100 12 1 1 10 12 1 10 12 1 1 100 1 100 1 8 1 10 10 12 1 1 10 12 1 10 12 1 10 12 1 1 10 12 1 10 12 1 10 12 1 10 12 1 10 12 1 10 12 10 12 1 10 12 1 10 12 1 10 12 1 10 12 1 10 12 1 10 12 1 10 12 1 10 12 1 1 10 12 1 1 10 12 1 10 12 1 10 12 1 10 12 10 12 10 12 1 10 12 1 10 12 1 10 12 10 12 1 10 12 1 10 12 1 10 12 1 10 12 1 10 12 1 10 12 1 10 12 1 10 12 1 1 10 12 1 10 12 1 1 10 12 1 10 12 1 1 10 12 1 10 12 1 1 10 12 1 10 12 1 10 12 1 10 10 12 1 10 12 1 7 1 7 1 7 1 7 1 1 1 1 5 0 1 1 1 1 1 1 1 1 1 1 1 1 1 1 1 1 1 1 1 1 1 1 1 1 1 1 1 1 1 1 1 1 1 1 1 1 1 1 1 1 1 1 1 1 100 1 1 1 7 1 1 1 1 1 1 1 1 1 1 1
instanceKlass java/lang/StringBuilder
instanceKlass java/lang/StringBuffer
ciInstanceKlass java/lang/AbstractStringBuilder 1 1 607 7 1 10 7 12 1 1 1 9 7 12 1 1 1 9 12 1 9 12 1 1 9 12 1 1 10 7 12 1 1 1 10 12 1 1 7 1 3 3 10 12 1 10 12 1 1 11 7 1 100 1 7 1 10 8 1 10 12 1 10 12 1 10 12 1 1 10 12 1 10 12 1 9 12 1 10 12 1 9 12 1 1 10 12 1 1 10 7 12 1 1 1 10 10 12 1 10 12 1 10 12 1 1 10 12 1 1 10 7 12 1 1 1 10 7 12 1 1 1 7 1 8 1 10 10 12 1 1 100 1 10 12 10 12 1 1 10 10 12 1 1 10 12 1 1 10 12 1 1 10 12 1 1 10 10 7 12 1 1 1 10 12 1 100 1 10 10 7 12 1 1 1 9 12 1 1 9 12 1 10 12 1 1 10 10 12 1 1 10 12 10 12 1 10 12 1 1 10 12 1 1 10 12 1 1 10 12 1 10 12 1 1 10 12 1 1 10 12 1 10 12 1 1 8 1 10 12 1 1 10 12 1 10 12 1 10 12 1 10 12 1 10 12 1 10 12 1 10 7 12 1 1 10 12 1 10 12 1 10 100 12 1 1 1 100 1 100 1 10 12 1 10 100 12 1 1 10 12 1 10 12 1 1 10 12 1 10 12 1 1 10 12 1 10 12 1 1 10 12 1 1 10 10 7 12 1 1 1 10 12 1 10 12 1 10 12 1 1 10 12 1 10 12 1 10 12 1 10 12 1 10 12 1 10 12 1 10 12 1 10 12 1 1 10 12 1 10 12 1 10 12 10 12 1 1 18 12 1 1 100 1 10 100 12 1 1 1 18 10 12 1 1 10 12 1 1 10 12 1 10 12 1 1 11 12 1 1 10 12 1 10 12 1 10 12 10 10 10 12 1 10 5 0 10 10 12 1 1 100 1 8 1 10 10 12 1 1 10 100 12 1 1 1 10 12 1 10 12 1 1 100 1 10 12 100 1 10 100 1 10 7 1 1 1 1 1 1 1 1 1 1 1 100 1 1 1 1 1 1 1 1 1 1 1 1 1 1 1 1 1 1 1 1 1 1 1 1 1 1 1 1 1 1 1 1 1 1 1 1 1 1 1 1 1 1 1 1 1 1 1 1 1 1 1 1 1 1 1 1 1 1 1 1 1 1 1 1 1 1 1 1 1 1 1 1 1 1 1 1 1 1 1 1 1 1 1 1 1 1 1 1 1 1 1 1 1 1 1 1 1 1 1 1 100 1 1 1 1 1 1 1 1 1 1 1 1 1 1 1 1 1 100 1 1 1 1 1 1 7 1 1 16 1 15 10 12 16 15 10 12 15 10 100 12 1 1 1 1 1 1 1 100 1 100 1 1
staticfield java/lang/AbstractStringBuilder EMPTYVALUE [B 0
ciMethod java/lang/StringBuilder toString ()Ljava/lang/String; 34 0 22866 0 -1
ciInstanceKlass java/lang/Appendable 1 0 14 100 1 100 1 1 1 1 100 1 1 1 1 1
ciInstanceKlass java/lang/CharSequence 1 1 131 11 7 12 1 1 1 18 12 1 1 100 1 10 100 12 1 1 1 18 10 100 12 1 1 1 11 12 1 1 11 7 1 11 12 1 1 10 100 12 1 1 1 11 12 1 1 100 1 10 12 1 1 10 100 12 1 1 1 100 1 10 10 12 1 1 7 1 1 1 1 1 1 1 1 1 1 1 1 1 1 1 1 1 1 1 1 1 1 1 1 1 1 1 1 1 1 1 1 1 16 1 15 11 12 16 15 11 12 15 10 100 12 1 1 1 1 1 100 1 100 1 1 100 1 1 100 1 100 1 1
ciInstanceKlass java/lang/AutoCloseable 1 0 12 100 1 100 1 1 1 1 100 1 1 1
ciInstanceKlass java/io/Closeable 1 0 14 100 1 100 1 100 1 1 1 1 100 1 1 1
instanceKlass sun/nio/fs/WindowsException
instanceKlass org/h2/security/auth/AuthenticationException
instanceKlass java/sql/SQLException
instanceKlass javafx/css/CssParser$ParseException
instanceKlass javafx/scene/transform/NonInvertibleTransformException
instanceKlass java/lang/CloneNotSupportedException
instanceKlass java/security/PrivilegedActionException
instanceKlass java/net/URISyntaxException
instanceKlass com/sun/javafx/geom/transform/NoninvertibleTransformException
instanceKlass java/util/concurrent/ExecutionException
instanceKlass java/security/GeneralSecurityException
instanceKlass java/lang/InterruptedException
instanceKlass java/io/IOException
instanceKlass java/lang/ReflectiveOperationException
instanceKlass java/lang/RuntimeException
ciInstanceKlass java/lang/Exception 1 1 40 10 7 12 1 1 1 10 12 1 10 12 1 10 12 1 10 12 1 100 1 1 1 1 5 0 1 1 1 1 1 1 1 1 1 1 1 1 1 1
instanceKlass java/lang/Exception
instanceKlass java/lang/Error
ciInstanceKlass java/lang/Throwable 1 1 404 10 7 12 1 1 1 9 7 12 1 1 1 9 12 1 1 9 12 1 9 12 1 1 9 12 1 10 12 1 1 9 12 1 1 10 12 1 1 10 12 1 100 1 7 1 10 8 1 10 12 1 1 8 1 10 100 12 1 1 10 10 12 1 100 1 8 1 10 10 12 1 1 10 7 12 1 1 10 12 1 8 1 9 7 12 1 1 1 10 12 1 1 7 1 10 12 10 12 1 10 7 12 1 1 1 7 1 10 12 10 12 1 10 12 1 7 1 10 10 7 12 1 1 1 11 7 12 1 1 1 10 12 1 1 10 12 1 1 8 1 10 12 1 10 12 1 1 8 1 8 1 10 12 1 1 10 12 1 8 1 8 1 9 12 1 1 10 12 1 1 100 1 10 11 12 1 8 1 8 1 10 7 12 1 1 8 1 10 12 1 8 1 7 1 10 12 1 9 12 1 1 10 12 1 10 100 12 1 9 12 1 1 10 12 1 1 100 1 8 1 10 12 1 10 100 12 1 1 10 12 1 1 7 1 10 100 12 1 1 1 10 12 1 11 7 12 1 1 1 11 7 12 1 1 11 12 1 8 1 10 12 1 1 8 1 10 10 9 100 12 1 1 1 8 1 10 12 1 1 11 10 100 1 8 1 10 11 12 1 1 8 1 9 12 1 10 100 12 1 1 11 9 12 1 1 11 12 1 1 100 10 12 1 10 12 1 1 7 1 1 1 1 5 0 1 1 1 1 1 1 1 1 1 1 1 1 1 7 1 1 1 1 1 1 1 1 1 1 1 1 1 1 1 1 1 1 1 1 1 1 1 1 1 1 1 1 1 1 1 1 1 1 1 1 1 1 1 1 1 1 1 1 100 1 7 1 1 1 1 1 1 1 1 1 1 1 1 1 1 1 1 1 1
staticfield java/lang/Throwable UNASSIGNED_STACK [Ljava/lang/StackTraceElement; 0 [Ljava/lang/StackTraceElement;
staticfield java/lang/Throwable SUPPRESSED_SENTINEL Ljava/util/List; java/util/Collections$EmptyList
staticfield java/lang/Throwable EMPTY_THROWABLE_ARRAY [Ljava/lang/Throwable; 0 [Ljava/lang/Throwable;
staticfield java/lang/Throwable $assertionsDisabled Z 1
instanceKlass org/h2/util/SortedProperties
instanceKlass java/security/Provider
ciInstanceKlass java/util/Properties 1 1 690 10 7 12 1 1 1 100 1 10 7 12 1 1 7 1 10 12 1 9 12 1 1 9 12 1 1 9 12 1 1 10 7 12 1 1 1 10 12 1 1 8 1 10 7 12 1 1 1 7 1 10 12 1 10 12 1 1 8 1 10 12 1 7 1 10 12 10 12 1 1 9 12 1 1 10 12 1 1 7 1 10 12 1 10 12 1 10 12 1 1 100 1 8 1 10 12 1 10 12 1 10 12 1 1 10 12 1 7 1 3 10 10 7 12 1 1 1 10 12 1 10 12 1 1 8 1 10 12 1 10 12 1 1 8 1 10 7 12 1 1 10 12 1 1 10 12 1 10 12 1 1 100 1 10 12 1 10 12 1 1 7 1 9 7 12 1 1 1 10 12 1 10 12 1 1 10 12 1 1 10 12 1 1 7 1 9 12 1 1 7 1 7 1 10 12 1 7 1 11 7 12 1 1 1 11 12 1 1 11 7 12 1 1 1 11 7 12 1 1 1 11 12 1 1 11 12 1 11 12 1 10 12 1 1 8 1 10 12 1 10 7 12 1 1 10 12 1 7 1 10 10 12 1 10 12 1 100 1 10 10 12 1 1 10 7 12 1 1 9 100 12 1 1 10 12 1 1 10 100 12 1 1 1 100 1 100 1 100 1 10 8 1 8 1 10 12 1 10 12 1 10 12 1 1 10 10 12 1 1 10 12 1 1 7 1 10 10 12 1 11 7 12 1 1 10 7 12 1 1 1 8 1 10 100 12 1 1 11 11 7 1 8 1 10 100 1 11 10 12 1 10 10 12 1 10 12 1 1 10 12 1 1 10 12 1 1 10 12 1 10 12 1 10 10 12 1 10 12 1 10 12 1 10 10 12 1 1 10 12 1 1 10 10 12 1 10 12 1 10 12 1 10 12 1 10 12 1 1 10 12 1 1 10 12 1 10 12 1 10 12 1 1 10 12 10 12 1 1 10 12 1 1 10 12 1 10 12 1 1 10 12 1 1 10 12 10 11 12 1 4 11 10 12 1 1 10 100 12 1 1 11 12 1 10 12 1 1 10 100 12 1 1 10 12 1 100 1 8 1 10 12 1 10 10 100 12 1 1 1 100 1 6 0 10 12 1 1 11 100 12 1 1 1 10 12 1 10 12 1 1 1 1 1 5 0 1 1 1 1 1 1 1 1 1 1 1 1 1 1 1 1 1 1 1 1 1 1 1 1 1 1 1 1 1 1 1 1 1 1 1 1 1 1 1 100 1 1 1 1 1 1 1 1 1 1 1 1 1 1 1 1 1 1 1 1 100 1 1 1 1 1 1 1 1 1 1 1 1 7 1 7 1 1 1 1 1 100 1 1 1 1 1 1 1 1 1 1 1 1 1 1 1 1 1 1 1 1 1 1 1 1 1 1 1 1 1 1 1 1 1 1 1 1 1 1 1 1 1 1 1 1 1 1 1 1 1 1 1 1 1 1 1 1 1 1 1 1 1 1 1 1 1 1 1 1 1 1 1 1 1 1 1 1 1 7 1 1 1 1 1 1 1 1 1 1 1 100 1 1
staticfield java/util/Properties UNSAFE Ljdk/internal/misc/Unsafe; jdk/internal/misc/Unsafe
instanceKlass java/util/Hashtable
ciInstanceKlass java/util/Dictionary 1 1 36 10 7 12 1 1 1 100 1 1 1 1 1 1 1 1 1 1 1 1 1 1 1 1 1 1 1 1 1 1 1 1 1 1 1 1
instanceKlass java/util/Properties
ciInstanceKlass java/util/Hashtable 1 1 516 7 1 10 7 12 1 1 1 9 7 12 1 1 1 100 1 7 1 10 8 1 10 12 1 1 10 12 1 10 12 1 1 10 12 1 10 7 12 1 1 1 8 1 10 12 1 9 12 1 1 7 1 9 12 1 1 4 10 7 12 1 1 1 9 12 1 4 10 12 1 11 7 12 1 1 1 10 12 1 1 10 12 1 1 9 12 1 10 12 1 1 100 1 10 9 12 1 1 10 7 12 1 1 1 9 12 1 1 10 12 1 10 12 1 3 9 12 1 9 12 1 3 10 12 1 10 12 1 10 12 1 1 11 12 1 1 11 100 12 1 1 1 11 7 12 1 1 1 11 12 1 100 1 11 12 1 11 12 1 10 12 1 1 10 12 1 1 10 12 1 9 12 1 1 9 12 9 12 1 1 10 100 1 7 1 10 12 1 10 8 1 10 10 12 1 8 1 10 8 1 10 100 12 1 1 1 7 1 10 12 1 10 12 1 100 1 10 12 1 10 12 1 1 100 1 10 100 1 10 10 12 1 1 11 12 1 1 11 12 1 7 1 10 10 10 100 12 1 1 11 100 12 1 1 1 100 1 10 11 100 12 1 1 11 100 12 1 10 12 1 10 12 1 1 10 100 12 1 1 10 12 1 1 10 12 1 1 10 12 1 1 10 100 12 1 1 1 8 10 100 12 1 1 100 1 8 1 10 4 4 10 12 1 1 10 12 1 8 1 4 10 12 10 100 12 1 1 1 100 1 11 100 12 1 1 1 10 100 12 1 1 1 10 12 1 10 12 1 1 10 7 1 7 1 1 1 1 1 1 5 0 1 1 1 1 1 3 1 3 1 3 1 1 1 1 1 1 1 1 1 1 1 1 1 1 1 1 1 1 1 1 1 1 1 1 1 100 1 1 1 1 1 1 1 1 1 1 1 1 1 1 1 1 1 1 1 1 1 1 1 1 1 1 1 1 1 7 1 1 1 1 1 1 1 1 1 1 1 1 1 1 7 1 1 1 1 1 1 1 1 1 1 1 1 1 1 1 1 1 1 1 1 1 1 1 1 1 1 1 1 1 1 1 1 1 1 1 1 1 1 1 1 1 1 1 1 100 1 1 1 7 1 1 1 1 1 7 1 1 1 1 1 1 1 1 1 1 1 1 1 1 1 1 1 1
ciInstanceKlass java/lang/String 1 1 1452 10 7 12 1 1 1 8 1 9 7 12 1 1 1 9 12 1 1 9 12 1 1 9 12 1 1 10 12 1 10 12 1 1 10 12 1 1 9 12 1 10 7 12 1 1 1 10 12 1 1 10 12 1 10 7 12 1 1 1 10 12 1 1 10 12 1 1 10 12 1 10 12 1 1 10 12 1 10 7 12 1 1 1 7 1 9 7 12 1 1 1 10 7 12 1 1 1 10 12 1 1 10 12 1 1 10 7 12 1 1 1 10 12 1 1 9 7 12 1 1 10 12 9 7 12 1 1 10 12 1 1 3 10 12 1 1 7 1 11 12 1 1 11 12 1 11 12 1 1 10 7 12 1 1 1 10 12 1 1 9 7 12 1 1 1 10 12 1 1 10 12 1 11 12 1 1 10 12 1 10 12 10 12 1 1 10 7 12 1 1 1 10 7 12 1 1 1 10 12 1 1 100 1 7 1 10 12 1 10 12 1 10 12 1 1 10 12 1 1 100 1 10 12 1 1 100 1 10 12 1 1 10 12 1 1 10 12 1 10 10 12 1 10 12 1 100 1 100 1 100 1 10 12 1 10 12 1 1 10 12 1 1 10 12 1 10 12 1 1 10 12 1 1 10 100 12 1 1 100 1 11 10 7 12 1 1 11 12 1 11 12 1 10 12 1 1 10 12 1 10 12 10 12 1 1 10 10 7 12 1 1 1 10 7 12 1 1 10 12 1 1 10 7 12 1 1 10 12 1 10 12 1 1 10 12 1 1 10 12 1 10 12 1 10 12 1 1 100 1 10 12 1 1 10 12 10 12 1 10 12 1 10 12 1 1 10 7 12 1 1 1 10 12 1 10 12 1 1 10 12 1 10 12 1 3 3 10 12 1 1 10 12 1 10 12 1 1 10 12 1 1 10 12 1 1 10 12 1 10 12 1 1 10 12 1 1 10 12 1 10 12 1 10 12 1 10 12 1 1 10 12 1 10 12 1 10 12 1 10 12 1 10 12 1 10 12 1 10 7 1 10 8 1 10 12 1 1 10 12 1 8 1 10 12 1 1 10 12 10 12 1 8 1 10 10 12 1 1 10 12 1 1 10 12 1 1 10 7 1 10 10 12 1 10 12 1 10 12 1 10 10 12 1 10 12 1 10 12 1 10 12 1 10 12 1 10 12 1 10 12 1 1 10 12 1 1 10 12 1 1 10 10 12 1 1 10 10 12 1 100 1 10 10 12 1 1 10 12 1 1 10 7 1 10 12 1 10 12 1 10 7 12 1 1 1 10 12 1 10 12 1 1 10 12 1 11 7 1 11 12 10 12 1 10 12 1 1 10 12 1 1 10 10 12 1 10 12 1 9 12 1 1 11 7 12 1 1 1 10 12 10 10 12 1 10 12 1 1 10 10 12 1 10 12 1 10 12 1 1 10 12 1 1 10 10 12 1 1 10 12 1 10 10 12 1 10 12 10 10 12 10 10 12 1 10 12 1 10 10 12 10 7 12 1 1 1 10 12 10 10 12 10 12 1 10 12 10 12 10 10 12 1 10 12 1 1 10 12 1 1 10 10 12 1 10 7 12 1 1 1 10 12 1 1 10 10 7 12 1 1 1 11 10 12 1 10 12 1 1 10 12 1 1 10 7 12 1 1 1 10 12 1 10 12 1 10 12 1 10 12 1 10 12 1 10 12 1 100 1 7 1 8 1 10 10 10 12 1 10 12 1 1 8 1 10 12 1 3 3 10 12 1 10 12 1 1 10 12 7 1 10 10 12 1 1 10 12 1 10 12 1 10 12 1 1 10 12 1 1 11 7 12 1 1 1 7 1 10 12 1 10 12 1 1 8 1 10 12 1 1 10 12 1 11 7 12 1 1 1 11 7 12 1 1 11 12 1 10 12 1 10 12 1 1 10 10 7 12 1 1 1 10 12 1 10 12 1 10 10 12 10 12 1 1 10 10 12 1 10 10 12 1 10 10 12 1 10 10 12 1 10 12 1 1 10 10 12 1 8 1 10 12 1 1 18 12 1 1 11 100 12 1 1 1 7 1 3 18 12 1 18 12 1 8 1 10 100 12 1 1 1 11 12 1 1 10 12 10 10 12 1 10 11 12 1 1 10 12 1 1 11 12 1 18 3 11 10 12 1 11 11 10 12 1 10 12 1 1 8 1 10 12 1 10 12 1 10 12 1 1 10 10 12 1 11 100 12 1 7 1 100 1 10 7 1 10 10 7 12 1 1 1 100 1 10 7 1 10 10 12 1 10 10 12 1 8 1 10 10 12 1 8 1 8 1 10 12 1 10 12 1 10 10 12 10 7 12 1 1 10 7 12 1 1 10 7 12 1 1 8 1 10 12 1 10 12 1 10 9 12 1 10 12 9 7 12 1 1 1 10 12 1 10 12 1 10 12 1 10 12 10 12 1 10 12 1 8 1 10 100 12 1 1 1 10 12 10 12 1 1 10 12 10 10 12 10 12 7 1 9 12 1 1 7 1 10 7 1 7 1 7 1 7 1 1 1 1 1 1 5 0 1 1 1 1 1 3 1 3 1 1 1 1 1 1 1 1 1 1 1 1 1 1 1 100 1 1 1 1 1 1 1 1 1 1 1 1 1 1 1 1 1 1 1 1 1 1 1 1 1 1 1 1 1 1 1 100 1 1 1 1 1 1 1 1 1 1 1 1 7 1 1 1 1 1 1 1 1 1 1 1 1 1 1 1 1 1 1 1 1 1 1 1 1 1 1 1 1 1 1 1 1 1 1 1 1 1 1 1 1 1 1 1 1 1 1 1 1 1 1 1 1 1 1 1 1 1 1 1 1 1 1 1 1 1 1 1 1 1 1 1 1 1 1 1 1 1 1 1 1 1 1 1 1 1 1 1 1 1 1 1 1 1 1 1 1 1 1 1 1 1 1 1 1 1 1 1 1 1 1 1 1 1 1 1 1 1 1 1 1 1 1 1 1 1 1 1 1 1 1 1 1 1 1 1 1 1 1 1 1 1 1 1 1 1 1 1 1 1 1 1 1 1 1 1 1 1 1 1 1 1 1 1 1 1 1 1 1 1 1 1 1 1 1 100 1 1 1 1 1 1 1 1 1 1 1 1 1 1 1 1 1 1 1 1 1 1 1 100 1 1 1 1 1 1 1 1 1 1 1 1 1 1 1 7 1 1 1 1 1 1 1 1 1 1 1 1 1 1 1 16 15 10 12 16 15 10 12 15 10 12 15 10 12 15 10 100 12 1 1 1 1 1 1 1 100 1 100 1 1 1
staticfield java/lang/String COMPACT_STRINGS Z 1
staticfield java/lang/String serialPersistentFields [Ljava/io/ObjectStreamField; 0 [Ljava/io/ObjectStreamField;
staticfield java/lang/String CASE_INSENSITIVE_ORDER Ljava/util/Comparator; java/lang/String$CaseInsensitiveComparator
ciMethod java/lang/String equals (Ljava/lang/Object;)Z 1024 0 27179 0 384
ciMethod java/lang/String hashCode ()I 1024 0 14561 0 736
ciMethod java/lang/String length ()I 1024 0 327581 0 112
ciMethod java/lang/String isEmpty ()Z 516 0 117126 0 112
ciInstanceKlass java/lang/constant/ConstantDesc 1 0 37 100 1 100 1 1 1 1 100 1 1 1 1 100 1 100 1 100 1 100 1 100 1 100 1 100 1 100 1 100 1 1 100 1 100 1 1
ciInstanceKlass jdk/internal/misc/VM 1 1 320 10 7 12 1 1 1 9 7 12 1 1 1 9 12 1 1 7 1 7 1 10 8 1 10 12 1 1 10 12 1 10 12 1 1 10 12 1 10 12 1 10 12 1 9 12 1 1 8 1 10 12 1 9 12 1 1 9 12 1 9 12 1 3 10 7 12 1 1 1 9 12 1 1 100 1 8 1 10 11 7 12 1 1 1 7 1 10 100 12 1 1 1 10 12 1 8 1 8 1 10 12 1 1 8 1 10 12 1 1 10 7 12 1 1 1 10 12 1 1 10 7 12 1 1 1 5 0 8 1 8 1 8 1 10 12 1 1 10 12 1 1 10 7 12 1 1 1 10 12 1 9 12 1 100 1 10 12 1 10 7 12 1 1 9 12 1 9 12 1 9 7 12 1 1 1 9 12 1 9 12 1 9 12 1 9 12 1 9 12 1 10 12 1 10 12 1 10 12 1 10 12 1 10 12 1 9 100 12 1 1 1 5 0 10 1 1 3 1 3 1 3 1 3 1 3 1 1 1 1 1 1 1 1 1 3 1 3 1 3 1 1 1 1 1 1 1 7 1 1 1 100 1 1 1 1 1 1 1 1 1 1 1 1 1 1 1 1 1 1 1 1 1 1 1 1 1 1 1 1 1 1 1 1 1 1 1 1 1 1 1 1 1 1 1 1 1 1 1 1 1 1 1 1 1 1 1 1 1 1 1 1 100 1 1 7 1 1 1 1
staticfield jdk/internal/misc/VM lock Ljava/lang/Object; java/lang/Object
ciInstanceKlass java/lang/InternalError 0 0 34 10 100 12 1 1 1 10 12 1 10 12 1 10 12 1 100 1 1 1 1 5 0 1 1 1 1 1 1 1 1 1 1 1
instanceKlass java/lang/AssertionError
instanceKlass java/lang/VirtualMachineError
instanceKlass java/lang/LinkageError
ciInstanceKlass java/lang/Error 1 1 40 10 7 12 1 1 1 10 12 1 10 12 1 10 12 1 10 12 1 100 1 1 1 1 5 0 1 1 1 1 1 1 1 1 1 1 1 1 1 1
instanceKlass java/lang/StackOverflowError
instanceKlass java/lang/OutOfMemoryError
instanceKlass java/lang/InternalError
ciInstanceKlass java/lang/VirtualMachineError 1 1 34 10 7 12 1 1 1 10 12 1 10 12 1 10 12 1 100 1 1 1 1 5 0 1 1 1 1 1 1 1 1 1 1 1
ciInstanceKlass java/util/Set 1 1 144 100 1 10 7 12 1 1 1 9 7 12 1 1 1 7 1 10 12 1 1 10 12 1 7 1 7 1 10 12 1 7 1 7 1 11 7 12 1 1 1 11 12 1 1 7 1 10 12 1 10 12 1 1 11 12 1 1 1 1 1 1 1 1 1 1 1 1 1 1 1 1 1 1 1 1 1 1 1 1 1 1 1 1 1 1 1 1 1 1 1 1 1 1 1 1 1 1 1 1 1 1 1 1 1 1 1 1 1 1 1 1 1 1 1 1 1 1 1 1 1 1 1 1 1 1 1 1 1 1 1 1 1 1 1 1 1 1 1 1 1 1 1 1
ciInstanceKlass java/util/Iterator 1 1 53 100 1 8 1 10 12 1 1 10 7 12 1 1 1 11 7 12 1 1 1 11 12 1 1 11 7 12 1 1 1 7 1 1 1 1 1 1 1 1 1 1 1 1 1 1 1 1 1 1 1 1 1
ciInstanceKlass java/util/Map$Entry 1 1 178 18 12 1 1 7 1 7 1 18 10 100 12 1 1 1 18 12 1 18 100 1 11 7 12 1 1 1 11 12 1 11 7 12 1 1 1 10 100 12 1 1 1 10 7 12 1 1 1 8 1 10 12 1 1 8 1 8 1 8 1 10 12 1 10 12 1 8 10 7 1 10 12 1 8 10 12 1 8 1 10 12 1 8 10 12 1 8 1 10 12 1 1 8 1 100 1 8 1 10 12 1 1 11 12 7 1 11 12 1 1 1 1 1 1 1 1 1 1 1 1 1 1 1 1 1 1 1 1 1 1 1 1 1 1 1 1 1 1 1 1 1 1 1 1 1 1 1 16 15 11 12 16 3 3 15 11 12 15 11 12 15 11 12 15 10 7 12 1 1 1 1 1 100 1 100 1 1
instanceKlass sun/nio/ch/NioSocketImpl$1
instanceKlass java/net/Socket$SocketInputStream
instanceKlass java/io/ObjectInputStream
instanceKlass org/h2/mvstore/StreamStore$Stream
instanceKlass org/h2/store/CountingReaderInputStream
instanceKlass org/h2/store/fs/FileChannelInputStream
instanceKlass sun/nio/ch/ChannelInputStream
instanceKlass com/sun/javafx/iio/png/PNGIDATChunkInputStream
instanceKlass java/io/SequenceInputStream
instanceKlass java/util/zip/ZipFile$ZipFileInputStream
instanceKlass java/io/FilterInputStream
instanceKlass java/io/FileInputStream
instanceKlass java/io/ByteArrayInputStream
ciInstanceKlass java/io/InputStream 1 1 195 7 1 10 7 12 1 1 1 100 1 10 10 7 12 1 1 1 10 7 12 1 1 1 10 12 1 100 1 3 10 12 1 1 100 1 8 1 10 12 1 10 7 12 1 1 1 3 7 1 8 1 10 10 7 12 1 1 1 7 1 10 11 7 12 1 1 1 10 12 1 1 11 12 1 1 11 7 12 1 1 1 11 12 1 1 7 1 10 7 12 1 1 1 5 0 10 12 1 10 12 1 1 100 1 10 8 1 10 8 1 8 1 10 12 1 1 10 100 12 1 1 1 7 1 5 0 10 12 1 100 1 7 1 1 1 1 3 1 3 1 1 1 1 1 1 1 1 1 1 1 1 1 1 1 1 1 1 1 1 1 1 1 1 1 1 1 1 1 1 1 1 1 1 1 1 1 1 1 1 1 1 1 1 1 1 1 1 1 1 1 1 1 1 1
ciInstanceKlass jdk/internal/misc/Unsafe 1 1 1287 10 7 12 1 1 1 9 7 12 1 1 1 9 12 1 1 10 12 1 1 10 7 12 1 1 1 10 12 1 1 10 12 1 1 10 12 1 1 10 12 1 1 10 12 1 1 10 12 1 1 10 12 1 1 10 12 1 1 10 12 1 1 10 12 1 1 10 12 1 1 10 12 1 1 10 12 1 1 10 12 1 10 12 1 100 1 10 10 12 1 1 10 12 1 1 5 0 10 12 1 1 10 12 1 1 10 7 12 1 1 1 10 12 1 1 10 12 1 10 12 1 10 12 1 1 10 12 1 1 10 12 1 10 12 1 7 1 7 1 10 8 1 10 12 1 1 10 12 1 8 1 10 12 1 1 10 12 1 10 12 1 10 12 1 1 10 12 1 10 12 1 1 10 12 1 1 10 12 1 10 12 1 10 12 1 10 12 1 1 10 12 1 10 12 1 10 12 1 1 10 12 1 5 0 5 0 5 0 10 12 1 10 12 1 10 12 1 10 12 1 10 12 1 10 12 1 10 12 1 10 12 1 10 12 1 1 10 12 1 10 12 1 7 1 8 1 10 100 1 10 10 12 1 1 10 12 1 1 10 12 1 10 12 1 1 10 12 1 1 10 12 1 10 12 1 1 10 12 1 9 7 12 1 1 9 12 1 100 1 10 10 12 1 1 8 1 10 8 1 8 1 10 12 1 1 9 7 12 1 1 1 9 7 1 9 7 1 9 7 1 9 9 7 1 9 7 1 9 7 1 10 12 1 1 10 12 1 1 10 12 1 1 10 12 1 1 5 0 5 0 9 12 1 1 10 12 1 10 12 1 10 12 1 1 10 12 1 1 10 12 1 8 1 3 10 12 1 1 10 12 1 1 10 12 1 10 12 1 1 10 12 1 1 10 12 1 10 12 1 10 12 1 10 12 1 10 12 1 10 12 1 1 10 12 1 1 10 12 1 10 12 1 10 12 1 10 12 1 10 12 1 10 12 1 1 10 12 1 1 10 12 1 10 12 1 10 12 1 10 12 1 10 12 1 10 12 1 1 10 12 1 1 10 12 1 1 10 12 1 1 10 12 1 10 12 1 10 12 1 10 12 1 10 12 1 10 12 1 10 12 1 1 10 12 1 1 10 12 1 10 12 1 10 12 1 10 12 1 10 12 1 10 12 1 10 12 1 1 10 12 1 1 10 12 1 10 12 1 10 12 1 10 12 1 10 12 1 10 12 1 10 12 1 10 12 1 1 10 12 1 10 12 1 10 12 1 10 12 1 10 12 1 1 10 12 1 10 12 1 10 12 1 10 12 1 10 12 1 10 12 1 10 12 1 10 12 1 1 10 12 1 10 12 1 10 12 1 10 12 1 10 12 1 10 12 1 1 10 12 1 10 12 1 10 12 1 1 10 12 1 10 12 1 10 12 1 10 12 1 10 12 1 10 12 1 10 12 1 10 12 1 10 12 1 10 12 1 10 12 1 10 12 1 10 12 1 10 12 1 10 12 1 10 12 1 10 12 1 10 12 1 10 12 1 10 12 1 10 12 1 10 12 1 10 12 1 100 1 10 100 1 10 9 12 1 5 0 10 12 1 1 5 0 10 12 1 5 0 10 12 1 10 12 1 10 12 1 1 10 12 1 1 10 12 1 10 12 1 10 12 1 10 12 1 1 10 12 1 10 12 1 10 12 1 10 12 1 10 12 1 1 10 12 1 10 12 1 10 12 1 10 12 1 1 10 12 1 10 12 1 10 12 1 1 10 12 1 10 12 1 10 12 1 10 12 1 1 10 12 1 10 10 12 1 1 10 12 1 10 12 1 1 10 12 1 10 12 5 0 5 0 5 0 10 12 1 1 10 12 1 10 12 1 10 12 10 100 12 1 1 8 1 100 1 11 12 1 1 8 1 11 12 1 1 10 100 12 1 1 10 12 1 10 12 1 10 12 1 10 12 1 10 12 1 1 10 12 1 10 12 1 10 12 1 10 12 1 10 12 1 10 12 1 10 7 1 10 12 1 9 12 1 7 1 9 12 1 7 1 9 12 1 7 1 9 12 1 7 1 9 12 1 7 1 9 12 1 7 1 9 12 1 7 1 9 12 1 7 1 9 12 1 10 12 1 9 12 1 9 12 1 9 12 1 9 12 1 9 12 1 9 12 1 9 12 1 9 12 1 9 12 1 9 12 1 1 1 3 1 1 1 1 1 1 1 1 1 1 1 1 1 1 1 1 1 1 1 1 1 1 1 1 1 1 1 1 1 1 1 1 1 1 1 1 1 1 1 1 1 1 1 1 1 1 1 1 1 1 1 1 1 1 1 1 1 1 1 1 1 1 1 1 1 1 1 1 1 1 1 1 1 1 1 1 1 1 1 1 1 1 1 1 1 1 1 1 1 100 1 1 1 1 1 1 1 1 1 1 1 1 1 1 1 1 1 1 1 1 1 1 1 1 1 1 1 1 1 1 1 1 1 1 1 1 1 1 1 1 1 1 1 1 1 1 1 1 1 1 1 1 1 1 1 1 1 1 1 1 1 1 1 1 1 1 1 1 1 1 1 1 1 1 1 1 1 1 1 1 1 1 1 1 1 1 1 1 1 1 1 1 1 1 1 1 1 1 1 1 1 1 1 1 1 1 1 1 1 1 1 1 1 1 1 1 1 1 1 1 1 1 1 1 1 1 1 1 1 1 1 1 1 1 1 1 1 1 1 1 1 1 1 1 1 1 1 1 1 1 1 1 1 1 1 1 1 1 1 1 1 1 1 1 1 1 1 1 1 1 1 1 1 1 1 1 1 1 1 1 1 1 1 1 1 1 1 1 1 1 1 1 1 1 1 1 1 1 1 1 1 1 1 1 1 1 3 1 1 1 1 1 1 1 1 1 1 1 1 1 1 1 1 1 1 1 1 1
staticfield jdk/internal/misc/Unsafe theUnsafe Ljdk/internal/misc/Unsafe; jdk/internal/misc/Unsafe
staticfield jdk/internal/misc/Unsafe ARRAY_BOOLEAN_BASE_OFFSET I 16
staticfield jdk/internal/misc/Unsafe ARRAY_BYTE_BASE_OFFSET I 16
staticfield jdk/internal/misc/Unsafe ARRAY_SHORT_BASE_OFFSET I 16
staticfield jdk/internal/misc/Unsafe ARRAY_CHAR_BASE_OFFSET I 16
staticfield jdk/internal/misc/Unsafe ARRAY_INT_BASE_OFFSET I 16
staticfield jdk/internal/misc/Unsafe ARRAY_LONG_BASE_OFFSET I 16
staticfield jdk/internal/misc/Unsafe ARRAY_FLOAT_BASE_OFFSET I 16
staticfield jdk/internal/misc/Unsafe ARRAY_DOUBLE_BASE_OFFSET I 16
staticfield jdk/internal/misc/Unsafe ARRAY_OBJECT_BASE_OFFSET I 16
staticfield jdk/internal/misc/Unsafe ARRAY_BOOLEAN_INDEX_SCALE I 1
staticfield jdk/internal/misc/Unsafe ARRAY_BYTE_INDEX_SCALE I 1
staticfield jdk/internal/misc/Unsafe ARRAY_SHORT_INDEX_SCALE I 2
staticfield jdk/internal/misc/Unsafe ARRAY_CHAR_INDEX_SCALE I 2
staticfield jdk/internal/misc/Unsafe ARRAY_INT_INDEX_SCALE I 4
staticfield jdk/internal/misc/Unsafe ARRAY_LONG_INDEX_SCALE I 8
staticfield jdk/internal/misc/Unsafe ARRAY_FLOAT_INDEX_SCALE I 4
staticfield jdk/internal/misc/Unsafe ARRAY_DOUBLE_INDEX_SCALE I 8
staticfield jdk/internal/misc/Unsafe ARRAY_OBJECT_INDEX_SCALE I 4
staticfield jdk/internal/misc/Unsafe ADDRESS_SIZE I 8
instanceKlass jdk/internal/reflect/DelegatingClassLoader
instanceKlass java/security/SecureClassLoader
ciInstanceKlass java/lang/ClassLoader 1 1 1108 9 7 12 1 1 1 10 7 12 1 1 1 9 12 1 1 10 7 12 1 1 1 7 1 10 12 1 1 10 12 1 1 9 12 1 1 10 12 1 1 100 1 10 12 1 10 12 1 1 10 7 12 1 1 1 100 1 8 1 10 12 1 10 7 12 1 1 1 10 7 12 1 10 7 1 10 7 1 7 1 7 1 10 12 1 10 12 1 9 12 1 1 10 10 7 12 1 1 1 9 12 1 1 9 12 1 9 12 1 1 9 12 1 9 12 1 1 9 12 1 1 7 1 10 12 1 9 12 1 1 10 12 1 1 10 7 12 1 1 1 9 12 1 9 12 1 1 9 12 1 10 12 1 1 9 12 10 12 1 1 7 1 10 8 1 10 12 1 1 10 12 1 10 7 1 7 1 10 12 1 1 10 7 12 1 1 1 8 1 10 12 1 10 12 1 10 12 1 1 10 12 1 1 10 12 1 1 10 12 1 1 10 12 1 1 10 12 1 7 1 10 12 1 10 100 12 1 1 1 10 12 1 1 10 12 1 10 12 1 10 12 1 10 12 1 10 12 1 1 10 10 12 1 10 12 1 10 100 12 1 1 10 12 1 1 10 12 1 1 10 12 1 100 1 10 12 1 7 1 10 12 1 10 7 12 1 1 1 10 10 12 1 1 10 12 1 1 7 1 8 1 10 8 1 10 12 1 10 12 1 100 1 8 1 10 12 1 1 10 12 1 1 10 10 12 1 1 10 12 1 1 10 12 1 1 10 7 1 10 12 1 1 10 12 1 1 10 12 1 1 10 12 1 1 10 12 1 1 10 12 1 1 10 12 1 10 7 12 1 1 1 10 12 1 10 12 1 10 12 1 1 10 12 1 10 12 1 10 12 1 10 12 1 1 10 12 1 10 12 1 1 8 1 9 12 1 10 12 1 1 8 1 8 1 10 7 12 1 1 100 1 10 10 12 10 12 1 10 12 1 10 12 1 10 12 1 1 10 7 12 1 1 10 12 1 10 7 1 7 1 10 12 1 1 10 12 1 10 7 1 10 12 1 100 1 18 12 1 10 100 12 1 1 1 10 100 12 1 1 1 10 7 12 1 1 10 12 1 10 12 1 100 1 10 12 1 8 1 10 10 12 1 1 10 12 1 10 12 1 1 100 1 10 12 1 10 12 1 1 10 7 12 1 1 10 12 1 8 1 100 1 10 10 12 1 9 12 1 10 7 12 1 1 10 12 1 7 1 8 1 10 12 1 10 8 1 8 1 10 12 1 1 10 12 1 1 10 12 1 1 10 7 12 1 1 7 1 100 1 10 12 1 1 7 1 7 1 10 7 12 1 1 10 12 1 10 12 1 1 10 12 1 10 12 1 1 10 12 1 1 9 100 12 1 1 1 10 12 1 1 10 12 1 10 12 1 10 12 1 1 10 12 1 8 1 7 1 18 12 1 1 10 12 1 1 10 12 1 10 12 1 10 12 1 8 1 10 12 1 10 12 1 18 12 1 11 100 12 1 1 1 100 1 10 12 1 1 10 12 1 10 11 12 1 1 10 18 10 12 1 1 11 7 12 1 18 12 1 11 12 1 1 10 12 10 12 1 1 10 12 1 1 7 1 8 1 10 10 12 1 8 1 8 1 10 100 12 1 1 10 12 1 100 1 10 10 12 1 8 1 8 1 8 1 10 12 1 10 12 1 1 10 12 1 10 7 12 1 1 1 11 7 12 1 1 100 1 10 11 10 12 1 10 12 1 10 12 1 1 9 7 12 1 1 9 12 1 1 9 12 9 12 1 9 12 1 9 12 1 8 10 12 1 1 10 7 12 1 1 1 10 12 1 1 10 12 1 1 10 12 1 10 10 12 1 11 12 1 1 10 100 12 1 1 1 100 1 10 12 1 10 12 1 10 12 1 1 1 1 1 1 1 1 1 1 1 1 1 1 1 1 1 1 1 1 1 1 1 1 1 1 1 1 100 1 1 1 1 1 1 1 1 1 1 1 1 1 1 1 1 1 1 1 1 1 100 1 1 1 1 1 1 1 1 1 1 100 1 1 1 1 1 1 1 1 1 1 1 1 1 1 1 1 1 1 1 1 1 1 1 1 1 1 1 1 1 1 1 1 1 1 1 1 1 1 1 1 1 100 1 1 1 1 1 1 1 1 1 1 1 1 1 1 1 1 1 1 1 7 1 1 1 1 1 1 1 1 1 1 1 1 1 1 1 1 1 1 1 1 1 1 1 1 1 1 1 1 1 1 1 1 1 1 1 1 1 1 1 1 1 1 1 1 1 1 1 1 1 1 100 1 1 1 1 1 1 1 1 1 1 1 1 1 1 1 1 1 1 1 1 1 1 1 1 1 1 1 1 1 1 1 1 1 1 1 1 1 1 1 1 1 1 1 1 1 1 16 1 15 10 12 16 1 16 15 10 12 16 1 16 1 15 10 12 16 15 10 12 16 15 10 12 16 15 10 7 12 1 1 1 1 1 100 1 100 1 1
staticfield java/lang/ClassLoader nocerts [Ljava/security/cert/Certificate; 0 [Ljava/security/cert/Certificate;
staticfield java/lang/ClassLoader $assertionsDisabled Z 1
ciMethod java/lang/ClassLoader definePackage (Ljava/lang/Class;)Ljava/lang/Package; 778 0 4282 0 0
ciMethod java/lang/ClassLoader definePackage (Ljava/lang/String;Ljava/lang/Module;)Ljava/lang/Package; 556 0 4903 0 0
ciInstanceKlass java/lang/reflect/Constructor 1 1 439 10 100 12 1 1 1 10 100 12 1 1 9 7 12 1 1 1 10 12 1 1 10 12 1 1 10 100 12 1 1 9 12 1 1 10 7 12 1 1 1 9 12 1 1 9 12 1 1 9 12 1 9 12 1 1 9 12 1 9 12 1 1 9 12 1 1 9 12 1 100 1 8 1 10 12 1 10 12 1 9 12 1 1 10 7 12 1 1 10 7 12 1 1 1 10 12 1 1 10 12 1 1 10 12 1 7 1 100 1 8 1 10 10 12 1 10 12 1 10 12 1 1 10 12 1 1 9 100 12 1 1 1 10 7 12 1 1 10 12 1 1 10 12 1 10 12 1 1 10 7 12 1 1 1 10 100 12 1 1 10 12 1 1 10 12 1 10 7 12 1 1 1 8 1 10 10 12 1 100 1 8 1 10 12 1 10 12 1 1 10 12 1 1 10 12 1 10 12 1 10 12 1 1 10 12 1 1 9 12 1 1 10 12 1 1 10 12 1 1 10 12 1 1 11 7 12 1 1 1 10 12 1 1 10 12 1 10 12 1 10 12 1 8 1 9 12 1 1 10 7 12 1 1 1 10 7 12 1 1 10 12 1 1 10 12 1 1 10 12 1 1 10 12 1 1 10 12 1 9 7 12 1 1 10 12 1 10 12 1 10 12 1 100 1 8 1 10 10 12 1 1 10 12 1 10 10 12 1 1 10 12 1 1 10 100 12 1 1 1 11 100 12 1 1 1 10 12 1 1 9 100 12 1 1 1 10 100 12 1 1 1 10 12 1 1 1 1 1 1 1 1 1 1 1 1 1 1 1 1 1 1 1 1 1 1 1 1 1 1 1 1 1 1 1 1 1 1 1 1 1 1 1 1 1 1 1 1 1 1 1 1 1 1 1 1 100 1 100 1 100 1 100 1 1 1 1 1 1 1 1 1 1 1 1 1 1 1 1 1 1 1 1 1 1 1 1 1 1 1 1 1 1 1 1 1 100 1 1
instanceKlass java/lang/reflect/Executable
instanceKlass java/lang/reflect/Field
ciInstanceKlass java/lang/reflect/AccessibleObject 1 1 400 10 7 12 1 1 1 9 100 12 1 1 1 10 7 12 1 1 1 10 7 12 1 1 10 7 12 1 1 1 10 100 12 1 1 1 10 12 1 1 10 12 1 1 9 12 1 1 7 1 10 7 12 1 1 1 11 12 1 7 1 10 12 1 7 1 100 1 10 12 1 10 12 1 1 10 12 1 1 10 12 1 1 10 12 1 1 7 1 10 7 12 1 1 1 10 12 1 1 11 10 7 12 1 1 1 10 12 1 1 10 12 1 10 12 1 10 12 1 1 10 12 1 8 1 7 1 7 1 10 10 12 1 1 8 1 10 12 1 10 12 1 8 1 8 1 8 1 8 1 8 1 8 1 8 1 8 1 8 1 100 1 10 12 1 10 12 1 9 12 1 1 10 12 1 1 10 12 1 10 7 1 100 1 8 1 10 8 1 10 12 1 8 1 10 12 1 10 12 1 1 10 100 1 8 1 10 11 7 12 1 1 1 10 12 1 1 10 12 1 1 10 12 1 1 9 12 1 1 100 1 10 12 1 7 1 10 12 1 10 12 1 1 10 100 1 10 12 1 10 12 10 12 1 10 12 1 10 12 1 1 10 12 1 9 12 1 10 100 12 1 1 8 1 10 100 12 1 1 1 8 1 10 7 12 1 1 1 9 12 1 7 1 10 7 1 10 10 7 12 1 1 1 7 1 10 10 7 12 1 1 1 7 1 9 12 1 1 1 1 1 1 1 1 1 1 1 1 1 1 1 1 1 1 1 1 1 1 1 1 1 1 1 1 1 1 1 1 1 1 1 1 1 1 1 1 1 1 1 1 1 1 1 1 1 1 1 1 1 1 1 1 1 1 1 1 1 1 1 1 1 1 1 1 1 1 1 1 1 1 1 1 1 1 1 1 1 1 1 1
staticfield java/lang/reflect/AccessibleObject reflectionFactory Ljdk/internal/reflect/ReflectionFactory; jdk/internal/reflect/ReflectionFactory
instanceKlass java/lang/reflect/Constructor
instanceKlass java/lang/reflect/Method
ciInstanceKlass java/lang/reflect/Executable 1 1 581 10 7 12 1 1 1 10 7 12 1 1 1 10 7 12 1 1 1 11 7 12 1 1 1 10 7 12 1 1 1 10 12 1 1 10 100 12 1 1 1 10 7 12 1 1 1 10 12 1 8 1 10 10 12 1 1 10 12 1 1 10 100 12 1 1 1 18 12 1 1 11 100 12 1 1 1 8 1 8 1 8 1 10 100 12 1 1 1 11 12 1 1 7 1 8 1 8 1 10 12 1 7 1 8 1 10 12 1 8 1 11 100 12 1 1 1 7 1 11 7 12 1 1 1 11 12 1 8 1 18 8 1 10 12 1 10 12 1 1 18 8 1 10 12 1 100 1 10 12 1 10 12 1 11 12 1 10 12 1 1 8 1 8 1 10 12 1 1 10 12 1 1 10 10 12 1 9 100 12 1 1 1 10 100 12 1 1 1 10 12 1 10 12 1 1 10 100 12 1 1 10 12 1 10 12 1 10 12 1 10 7 12 1 1 7 1 10 100 12 1 1 1 10 12 1 1 10 7 12 1 1 10 12 1 10 12 1 1 9 100 12 1 1 1 10 100 10 12 1 8 1 10 12 1 10 12 1 3 100 1 8 1 10 12 1 10 12 1 10 10 12 1 10 12 1 1 8 1 8 1 8 1 9 12 1 1 9 12 1 10 12 1 100 1 8 1 10 12 1 10 12 1 10 12 1 1 10 12 1 1 10 12 1 10 12 10 12 1 100 1 10 12 1 10 12 1 1 100 1 10 7 12 1 1 1 7 1 10 7 12 1 1 1 10 12 1 1 11 7 12 1 1 10 12 1 10 100 12 1 1 1 10 12 1 1 9 12 1 10 12 1 1 10 12 1 10 12 1 1 9 100 12 1 1 1 10 100 12 1 1 1 10 12 1 10 12 1 1 9 12 1 10 10 10 10 100 12 1 1 1 10 12 1 9 12 1 10 12 1 1 9 12 1 7 1 7 1 1 1 1 1 1 1 1 1 1 1 1 1 1 1 1 1 1 1 1 1 1 1 1 1 1 1 1 1 1 1 1 1 1 1 1 100 1 1 1 1 1 1 1 1 1 1 1 1 1 1 1 1 1 1 1 100 1 1 1 1 1 1 1 1 1 1 1 1 1 1 1 1 1 1 1 1 1 1 1 1 1 1 1 1 1 1 1 1 1 1 1 1 1 1 1 1 1 1 1 7 1 1 1 1 1 1 1 1 1 1 1 1 1 1 1 1 1 1 1 1 1 1 7 1 1 16 15 16 1 16 1 15 10 12 16 15 10 100 12 1 1 1 1 1 1 100 1 1 100 1 100 1 1
ciInstanceKlass java/lang/reflect/Member 1 1 37 100 1 10 12 1 1 100 1 100 1 1 1 1 3 1 3 1 1 1 1 1 1 1 1 1 1 1 1 1 1 1 1 1 1 1 1
instanceKlass org/h2/mvstore/MVStore$BackgroundWriterThread
instanceKlass org/h2/engine/OnExitDatabaseCloser
instanceKlass com/sun/scenario/effect/ImageData$1
instanceKlass com/sun/scenario/effect/impl/ImagePool$1
instanceKlass com/sun/prism/impl/PrismTrace$1
instanceKlass java/util/logging/LogManager$Cleaner
instanceKlass com/sun/glass/ui/InvokeLaterDispatcher
instanceKlass com/sun/javafx/tk/quantum/PerformanceTrackerHelper$1$1
instanceKlass com/sun/javafx/tk/quantum/QuantumToolkit$1
instanceKlass java/util/concurrent/ForkJoinWorkerThread
instanceKlass jdk/internal/misc/InnocuousThread
instanceKlass java/lang/ref/Finalizer$FinalizerThread
instanceKlass java/lang/ref/Reference$ReferenceHandler
instanceKlass java/lang/BaseVirtualThread
ciInstanceKlass java/lang/Thread 1 1 870 10 7 12 1 1 1 9 12 1 1 10 7 12 1 1 10 12 1 10 100 12 1 1 100 1 8 1 10 12 1 1 9 12 1 9 12 1 1 9 12 1 1 7 1 10 12 1 1 10 12 1 10 7 12 1 1 1 10 12 9 12 1 1 10 12 1 7 1 10 12 1 100 1 8 1 10 9 7 12 1 1 1 10 12 1 1 10 12 1 1 10 12 1 1 10 12 1 10 12 1 1 3 8 1 7 1 5 0 10 7 12 1 1 1 9 12 1 10 12 1 1 10 7 12 1 1 1 10 7 12 1 1 1 10 12 1 1 10 12 1 1 9 12 1 1 10 7 1 8 1 10 7 1 10 12 1 9 12 1 1 10 7 12 1 1 1 10 10 12 1 1 9 100 12 1 1 1 10 12 1 1 10 12 1 1 10 7 12 1 1 10 12 1 10 12 1 10 7 12 1 1 9 12 1 10 7 12 1 1 1 10 12 1 1 9 12 1 1 9 12 1 1 10 7 12 1 1 1 9 12 1 1 10 100 12 1 1 10 100 12 1 1 1 10 12 1 10 12 1 10 7 12 1 1 9 12 1 8 1 9 7 12 1 1 9 12 1 1 5 0 100 1 10 100 1 10 100 1 10 7 1 10 8 1 10 12 1 1 10 7 12 1 10 12 1 10 12 1 100 1 8 1 10 10 12 1 10 12 1 1 10 100 12 1 1 1 10 100 12 1 1 1 10 12 1 7 1 9 12 1 1 100 1 10 10 12 1 9 12 1 1 10 12 1 1 10 12 1 1 10 12 1 10 12 1 9 12 1 1 10 10 12 1 1 10 12 1 1 11 7 12 1 1 10 7 12 1 1 9 12 1 9 12 1 1 9 12 1 1 10 100 12 1 1 10 12 1 1 9 7 12 1 1 1 10 7 12 1 1 10 12 1 10 12 1 100 1 10 10 12 9 12 1 1 10 12 1 11 100 12 1 1 10 12 1 10 12 1 10 12 1 9 12 1 10 10 12 1 10 12 1 1 9 12 1 9 12 10 12 1 8 1 10 12 1 10 12 1 10 12 1 10 12 1 10 12 1 1 10 12 1 10 12 1 1 10 12 1 10 12 1 10 12 1 10 12 1 10 12 1 1 9 7 12 1 1 1 8 1 10 9 12 1 10 12 1 7 1 8 1 10 10 12 1 8 1 10 12 1 1 9 12 10 12 8 1 10 10 12 1 10 12 1 8 1 10 12 1 10 8 1 10 100 12 1 1 10 12 1 1 100 1 8 1 10 9 12 1 9 12 1 1 10 12 1 1 10 10 12 1 10 12 1 100 10 7 12 1 1 1 9 12 1 10 12 1 1 10 12 1 1 10 100 12 1 1 1 11 7 12 1 1 1 9 100 12 1 1 1 10 100 12 1 1 1 7 1 10 12 1 100 1 10 12 1 10 12 1 1 10 12 1 1 8 1 9 12 1 10 12 1 10 12 1 1 11 7 12 1 1 1 10 12 1 1 1 1 3 1 3 1 3 1 3 1 1 1 1 1 1 1 1 1 1 1 1 1 1 1 1 1 1 1 1 1 7 1 1 1 1 1 1 1 1 1 1 1 1 1 1 1 1 1 1 1 1 1 1 100 1 1 1 1 1 1 1 1 1 1 1 1 1 1 1 1 7 1 7 1 1 1 1 1 1 1 1 1 1 1 1 1 1 1 1 1 1 1 1 1 1 1 1 1 1 1 1 1 1 1 1 1 1 1 1 1 1 1 1 1 1 1 1 1 1 1 1 1 1 1 1 1 1 1 1 1 1 1 1 1 1 1 1 1 1 1 1 1 1 1 1 1 1 1 1 100 100 1 1 1 1 1 1 1 1 1 1 1 1 1 1 1 1 1 1 1 1 1 1 1 1 1 1 100 1 100 1 100 1 100 1 100 1 1 100 1 1 1 1 1 1 1 1 1 1 1 1 1 1 1
staticfield java/lang/Thread NEW_THREAD_BINDINGS Ljava/lang/Object; java/lang/Class
staticfield java/lang/Thread EMPTY_STACK_TRACE [Ljava/lang/StackTraceElement; 0 [Ljava/lang/StackTraceElement;
ciInstanceKlass java/lang/Runnable 1 1 11 100 1 100 1 1 1 1 1 1 1
ciInstanceKlass java/net/URL 1 1 771 10 7 12 1 1 1 10 12 1 10 7 12 1 1 9 12 1 1 9 12 1 10 7 12 1 1 1 10 12 1 1 10 12 1 1 9 12 1 1 10 7 12 1 1 1 8 1 10 12 1 1 7 1 10 10 12 1 1 8 1 10 12 1 1 9 12 1 7 1 8 1 10 12 1 10 12 1 8 1 9 12 1 10 12 1 1 9 12 1 10 12 1 10 12 1 9 12 1 9 12 1 8 1 9 12 1 10 12 1 1 8 1 9 12 1 1 10 12 1 1 10 7 12 1 1 1 8 1 10 12 1 7 1 10 12 1 10 12 1 10 12 1 10 12 1 1 10 12 1 1 8 1 10 12 1 1 10 12 1 8 1 9 12 1 8 1 10 12 1 10 7 12 1 1 1 7 1 10 12 1 10 12 1 1 10 7 12 1 1 1 100 1 8 1 10 10 12 1 8 1 10 12 1 1 10 12 1 10 12 1 10 12 1 10 12 1 10 12 1 10 12 1 8 1 10 12 1 8 1 10 10 100 1 10 10 12 1 8 1 10 7 12 1 1 1 10 12 1 9 100 12 1 1 1 10 7 12 1 1 1 9 12 1 1 10 12 1 10 100 12 1 1 1 100 1 100 1 10 12 1 10 12 1 10 12 1 10 12 1 10 12 1 10 12 10 10 12 1 10 12 1 10 12 1 1 8 1 9 100 12 1 1 1 10 100 12 1 1 1 10 12 1 1 9 100 12 1 1 1 10 12 1 1 100 1 10 12 1 10 12 1 10 10 12 1 1 10 12 1 1 10 12 1 10 12 1 10 12 1 10 7 12 1 1 1 10 12 1 1 10 12 1 9 12 1 1 9 12 1 1 7 1 8 1 10 10 12 1 9 12 1 1 10 7 12 1 1 8 1 10 7 12 1 1 8 1 10 12 1 1 10 12 1 8 1 8 1 10 7 12 1 1 1 7 1 10 7 12 1 1 1 10 12 1 10 12 1 100 1 10 9 100 12 1 1 1 10 100 12 1 1 10 12 1 1 10 12 1 8 1 100 1 10 10 7 12 1 1 1 10 12 1 8 9 100 12 1 1 1 10 12 1 1 10 12 1 10 12 1 1 10 7 12 1 1 11 7 12 1 1 10 12 1 10 12 1 9 12 1 10 12 1 1 10 100 12 1 1 10 100 12 1 1 1 8 10 100 12 1 1 100 1 10 8 8 10 12 1 8 8 8 100 1 10 12 1 9 12 1 1 10 12 1 10 12 1 1 10 12 1 10 12 10 12 1 1 10 12 1 1 10 10 10 12 1 10 12 1 10 12 1 10 12 1 10 12 1 10 10 12 1 100 1 8 1 10 10 10 12 1 1 10 12 1 10 12 1 1 8 1 7 1 10 10 7 1 10 12 1 9 7 12 1 1 1 9 12 1 1 7 1 10 10 7 12 1 1 1 7 1 1 1 1 1 5 0 1 1 1 1 1 1 1 1 1 1 1 1 1 1 1 1 1 1 1 1 1 1 1 1 1 1 1 1 1 1 1 1 1 1 1 1 1 1 1 1 1 1 1 1 1 1 1 1 7 1 1 1 1 1 1 1 1 1 1 1 1 1 1 1 1 1 1 1 1 1 1 1 1 1 1 1 1 1 1 1 1 1 1 1 1 1 100 1 1 1 1 1 1 1 1 1 1 1 1 1 1 1 1 1 100 1 1 1 1 1 1 1 1 1 1 1 1 1 1 1 1 1 1 1
staticfield java/net/URL defaultFactory Ljava/net/URLStreamHandlerFactory; java/net/URL$DefaultFactory
staticfield java/net/URL streamHandlerLock Ljava/lang/Object; java/lang/Object
staticfield java/net/URL serialPersistentFields [Ljava/io/ObjectStreamField; 7 [Ljava/io/ObjectStreamField;
ciMethod java/lang/System arraycopy (Ljava/lang/Object;ILjava/lang/Object;II)V 256 0 128 0 -1
ciInstanceKlass java/lang/Package 1 1 356 10 7 12 1 1 1 9 12 1 1 9 7 12 1 1 1 9 12 1 9 12 1 9 12 1 9 12 1 9 12 1 10 12 1 1 10 7 12 1 1 1 9 12 1 1 10 7 12 1 1 1 9 12 1 10 12 1 1 10 100 12 1 1 1 100 1 10 7 12 1 1 1 10 7 12 1 1 1 100 1 8 1 10 12 1 1 8 1 10 12 1 1 10 7 12 1 1 1 7 1 10 12 1 8 1 10 12 1 1 10 12 1 10 12 1 10 12 1 1 10 100 12 1 1 1 10 100 12 1 1 1 10 7 12 1 1 1 10 12 1 1 10 100 12 1 1 10 12 1 1 10 12 1 1 18 12 1 1 11 100 12 1 1 1 100 1 10 12 1 10 12 1 8 1 8 1 8 1 9 12 1 1 8 1 18 12 1 1 10 7 12 1 1 1 10 12 1 1 10 100 1 10 12 1 10 7 12 1 1 1 11 7 12 1 1 1 10 12 1 1 10 12 1 1 10 12 1 10 12 1 10 12 1 10 12 1 10 10 7 12 1 1 10 12 1 1 1 1 1 1 1 1 1 1 1 1 1 1 1 1 1 1 1 1 1 1 1 1 1 1 1 1 1 1 1 1 1 1 1 1 100 100 1 1 1 1 1 1 1 1 1 1 1 1 1 1 1 1 1 1 1 1 1 100 1 1 1 1 1 1 1 1 1 1 1 1 1 1 1 1 1 1 1 1 1 1 1 16 1 15 10 12 16 16 1 15 10 12 1 16 15 10 100 12 1 1 1 1 1 1 100 1 100 1 1
instanceKlass java/lang/Package
ciInstanceKlass java/lang/NamedPackage 1 1 118 10 7 12 1 1 1 10 7 12 1 1 1 10 7 12 1 1 7 1 7 1 10 8 1 10 12 1 1 10 12 1 10 12 1 1 10 12 1 10 12 1 9 7 12 1 1 1 9 12 1 1 10 12 1 1 10 100 12 1 1 1 10 12 1 10 100 12 1 1 1 10 100 12 1 1 1 100 1 10 12 1 1 10 100 12 1 1 1 10 12 1 1 100 1 7 1 10 12 1 1 1 1 1 1 1 1 1 1 1 1 1 1 1 1 1 1 1
ciMethod java/lang/NamedPackage packageName ()Ljava/lang/String; 262 0 131 0 0
ciMethod java/lang/Package getName ()Ljava/lang/String; 778 0 4281 0 0
ciInstanceKlass java/lang/Module 1 1 1070 10 7 12 1 1 1 9 7 12 1 1 1 10 7 12 1 1 1 9 12 1 9 12 1 1 9 12 1 1 10 12 1 1 10 12 1 10 12 1 1 10 7 12 1 1 1 7 1 10 7 12 1 1 1 10 12 1 1 11 7 12 1 1 1 10 12 1 1 10 7 12 1 1 1 10 12 1 1 10 7 12 1 1 1 9 100 12 1 1 1 10 7 12 1 1 1 10 12 1 8 1 10 7 12 1 1 1 10 7 12 1 1 1 10 7 12 1 1 1 10 12 1 10 12 1 9 12 1 1 10 100 12 1 1 100 1 7 1 10 8 1 10 12 1 1 10 12 1 10 12 10 12 1 10 7 12 1 1 8 1 8 1 10 8 1 8 1 9 12 1 1 8 1 10 100 12 1 1 1 10 12 1 9 12 1 1 11 12 1 9 7 12 1 1 10 7 12 1 1 1 10 7 12 1 1 1 10 12 1 1 8 1 10 12 1 1 10 12 1 10 12 1 1 9 7 12 1 1 1 10 12 1 1 10 12 1 1 9 12 1 10 12 1 10 12 1 9 12 1 1 11 7 12 1 1 10 12 1 1 9 12 1 9 12 1 10 12 1 10 12 1 100 1 8 1 10 10 12 1 1 10 12 1 8 1 10 12 1 1 8 1 8 1 10 12 1 1 10 12 1 10 12 1 1 18 12 1 1 10 12 1 1 11 12 1 9 12 1 11 12 10 100 12 1 1 100 1 8 1 10 11 12 1 1 10 7 12 1 1 1 10 12 1 10 12 1 1 11 12 1 1 11 7 12 1 1 11 12 1 1 9 12 1 11 12 1 10 12 1 1 10 12 1 1 9 12 1 10 12 10 7 12 1 1 10 7 1 18 12 1 1 11 100 12 1 1 1 18 12 1 11 12 1 1 10 100 12 1 1 1 11 12 1 1 10 7 12 1 1 7 1 11 12 1 7 1 7 1 10 12 1 10 7 12 1 1 1 10 11 7 12 1 8 1 10 10 12 1 1 10 7 12 1 1 10 12 1 10 12 1 7 1 10 12 1 10 11 12 1 1 10 12 10 12 1 1 9 12 1 1 100 1 10 10 12 1 1 11 7 1 10 12 1 1 11 12 1 10 10 12 1 11 10 12 1 1 10 12 1 1 10 12 1 1 10 7 12 1 1 10 12 1 10 12 1 1 10 10 12 1 1 10 12 1 18 12 1 11 12 1 18 12 1 10 12 1 10 12 1 10 12 7 1 10 12 1 10 12 1 10 12 1 9 12 1 7 1 10 10 10 10 12 1 10 12 1 10 12 1 10 12 1 1 10 12 1 1 10 12 1 9 12 1 18 12 1 1 10 7 12 1 1 1 100 1 8 1 10 12 1 1 10 12 1 1 10 7 12 1 1 7 1 10 12 1 1 7 1 8 1 10 12 1 1 100 1 11 12 1 1 10 100 12 1 1 1 18 12 1 1 11 100 12 1 1 1 100 1 10 12 1 10 12 1 1 7 1 7 1 10 12 8 1 10 12 1 1 10 12 1 1 10 7 12 1 1 10 12 1 1 10 12 1 10 12 10 12 1 1 7 1 10 10 12 1 1 10 7 12 1 1 1 100 1 10 12 1 1 10 7 12 1 1 8 1 18 12 1 1 100 1 100 1 9 12 1 1 9 12 1 9 12 1 11 100 12 1 1 1 100 1 11 12 1 1 100 1 10 12 1 8 1 10 12 1 10 12 10 12 1 8 1 10 10 100 12 1 1 7 1 10 10 12 1 10 7 12 1 1 9 12 1 9 12 1 9 12 1 9 12 1 10 12 11 12 1 10 12 1 7 1 1 1 1 1 1 1 1 1 1 1 1 1 1 1 1 1 1 1 100 1 1 1 1 1 1 1 1 1 1 1 1 1 1 1 1 1 1 1 1 1 1 1 1 1 1 1 1 1 1 1 1 1 1 1 1 1 1 1 1 1 1 1 1 1 1 1 1 1 1 1 1 1 1 1 1 1 1 1 1 1 1 1 1 1 1 1 1 1 1 1 1 1 1 1 1 1 1 1 1 1 1 1 1 1 1 1 1 1 1 1 1 1 1 1 100 100 1 1 1 1 1 1 1 1 1 1 1 1 1 1 1 1 1 1 1 1 1 1 1 1 1 1 1 100 1 100 1 1 1 1 1 1 1 1 1 1 1 1 1 1 1 1 1 1 1 1 100 1 1 1 1 1 1 1 1 1 1 1 1 1 1 1 1 1 1 1 1 1 1 1 16 15 10 12 16 16 15 10 12 16 16 15 10 16 1 15 10 12 16 1 15 10 12 16 1 16 15 10 12 16 16 1 15 10 12 16 15 10 100 12 1 1 1 15 10 100 12 1 1 1 1 1 1 1 1 1 1 1 100 1 100 1 1 100 1 100 1 1
staticfield java/lang/Module ALL_UNNAMED_MODULE Ljava/lang/Module; java/lang/Module
staticfield java/lang/Module ALL_UNNAMED_MODULE_SET Ljava/util/Set; java/util/ImmutableCollections$Set12
staticfield java/lang/Module EVERYONE_MODULE Ljava/lang/Module; java/lang/Module
staticfield java/lang/Module EVERYONE_SET Ljava/util/Set; java/util/ImmutableCollections$Set12
staticfield java/lang/Module $assertionsDisabled Z 1
ciMethod java/lang/Module isNamed ()Z 512 0 3605 0 -1
ciInstanceKlass java/lang/StringLatin1 1 1 395 7 1 10 7 12 1 1 1 10 12 1 1 10 7 12 1 1 1 10 7 12 1 1 1 10 12 1 10 7 12 1 1 1 10 12 1 1 10 7 12 1 1 1 10 7 12 1 1 1 10 12 1 1 10 12 1 1 10 10 12 1 10 12 1 10 9 7 12 1 1 1 10 12 1 1 10 7 12 1 1 1 10 12 10 12 1 1 10 12 1 1 10 12 1 10 12 1 1 10 12 1 1 10 12 1 10 7 12 1 1 1 10 12 1 10 12 1 1 9 12 1 1 100 1 10 10 12 1 1 10 7 12 1 1 1 10 12 1 10 12 1 100 1 7 1 8 1 10 12 1 8 1 10 12 1 1 100 1 10 10 12 10 7 12 1 1 1 8 1 8 1 8 1 10 12 1 1 10 100 12 1 1 10 12 1 10 12 1 1 10 12 1 1 10 12 1 1 10 12 1 10 12 10 12 10 12 1 10 12 10 10 12 1 10 12 1 10 12 1 10 100 12 1 1 1 10 100 12 1 1 1 10 12 1 1 10 12 1 1 10 10 7 12 1 1 1 1 1 1 1 1 1 1 1 1 1 1 1 1 1 1 1 1 1 1 1 1 1 1 1 1 1 1 1 1 1 1 1 1 1 1 1 1 1 1 1 1 1 1 1 1 1 1 1 1 100 1 1 1 1 1 1 1 1 1 1 1 1 1 1 1 1 1 1 1 1 1 1 1 1 1 1 1 1 1 1 1 1 1 1 1 1 1 1 1 1 1 1 100 1 1 1 1 1 1 1 1 1 1 1 1 1 1 1 1 1 1 1 1 1 1 1 100 1 1 1 1 1 1 1 1 1 1 1 1 1 1 1 1 1 1 1 1 1 1 1 1 1 1 100 1 1 1 1
staticfield java/lang/StringLatin1 $assertionsDisabled Z 1
ciInstanceKlass java/lang/Math 1 1 460 7 1 10 7 12 1 1 1 10 7 12 1 1 1 10 12 1 10 12 1 10 12 1 10 12 1 10 12 1 6 0 6 0 10 12 1 10 12 1 10 12 1 10 12 1 10 12 1 10 12 1 1 10 12 1 10 12 1 10 12 1 10 12 1 10 12 1 10 7 12 1 1 1 100 1 3 3 3 10 7 12 1 1 1 100 1 5 0 5 0 5 0 5 0 5 0 9 100 12 1 1 1 10 100 12 1 1 1 100 1 8 1 10 12 1 8 1 10 12 1 1 10 12 1 1 7 1 5 0 5 0 7 1 3 5 0 3 5 0 10 12 1 10 12 1 10 12 1 10 12 1 10 12 1 8 1 10 12 1 8 1 10 12 1 1 10 12 1 1 9 12 1 1 9 12 1 100 1 7 1 10 10 12 1 1 8 1 10 12 1 10 12 1 1 10 10 12 1 10 12 1 10 12 1 10 12 1 1 8 1 8 1 10 12 1 1 10 12 1 10 12 10 12 10 12 1 10 12 1 10 12 1 10 12 1 10 12 6 0 10 12 1 9 12 1 1 100 1 10 10 12 1 100 1 10 12 1 10 12 1 1 10 12 1 10 12 1 10 12 10 12 1 1 10 12 1 1 10 12 1 1 10 12 6 0 10 12 1 1 10 12 10 12 1 4 10 12 1 10 12 1 10 12 10 12 1 10 12 1 10 12 1 10 12 1 10 12 1 10 12 1 5 0 6 0 4 6 0 4 6 0 4 10 12 1 9 12 1 1 10 12 9 12 1 10 7 12 1 1 1 4 6 0 1 1 6 0 1 6 0 1 6 0 1 1 1 1 1 1 1 1 1 1 1 1 1 1 1 1 1 1 1 1 1 1 1 1 1 1 1 1 1 1 1 1 1 1 1 1 1 1 1 1 1 1 1 1 1 1 1 1 1 1 1 1 1 1 1 1 1 1 1 1 1 1 1 1 1 1 1 1 1 1 1 1 1 1 1 1 1 1 1 1 1 1 1 1 1 1 1 1 1 1 1 1 1 1 1 1
staticfield java/lang/Math negativeZeroFloatBits J -2147483648
staticfield java/lang/Math negativeZeroDoubleBits J -9223372036854775808
staticfield java/lang/Math $assertionsDisabled Z 1
ciInstanceKlass jdk/internal/util/ArraysSupport 1 1 378 7 1 7 1 8 1 10 12 1 1 10 12 1 1 10 7 12 1 1 9 7 12 1 1 1 9 12 1 1 10 7 12 1 1 1 9 12 1 1 10 7 12 1 1 1 9 12 1 10 12 9 12 1 10 12 1 1 10 12 7 1 10 12 1 1 10 12 1 100 1 10 12 1 1 10 12 100 1 10 12 1 100 1 10 12 1 100 1 7 1 10 8 1 10 12 1 1 10 12 1 10 12 1 1 10 9 12 1 1 11 7 12 1 1 1 9 12 1 9 12 1 10 12 1 1 9 12 1 9 12 1 9 12 1 9 12 1 9 12 1 9 12 1 9 12 1 10 12 1 1 10 7 12 1 1 1 9 12 1 9 12 1 10 12 1 1 10 12 1 9 12 1 10 12 1 10 7 12 1 1 1 9 12 1 9 12 1 10 12 1 10 12 1 10 7 12 1 1 1 3 10 12 1 7 1 8 1 8 1 8 1 10 10 100 12 1 1 1 11 7 12 1 1 1 10 12 1 10 7 12 1 1 1 10 12 1 1 10 12 1 1 9 12 1 10 12 1 9 12 1 9 12 1 9 12 1 9 12 1 9 12 1 9 12 1 9 12 1 7 1 10 7 12 1 1 1 1 1 3 1 3 1 3 1 3 1 3 1 3 1 3 1 3 1 1 1 1 1 1 1 1 1 1 1 1 1 1 1 1 1 1 1 1 1 1 1 1 1 1 1 1 1 1 1 1 1 1 1 1 1 1 1 1 1 1 1 1 1 1 1 1 1 1 1 1 1 1 1 1 1 1 1 1 1 1 1 1 1 1 1 1 1 1 1 1 1 1 1 1 1 1 1 100 1 1 1 1
staticfield jdk/internal/util/ArraysSupport U Ljdk/internal/misc/Unsafe; jdk/internal/misc/Unsafe
staticfield jdk/internal/util/ArraysSupport BIG_ENDIAN Z 0
staticfield jdk/internal/util/ArraysSupport LOG2_ARRAY_BOOLEAN_INDEX_SCALE I 0
staticfield jdk/internal/util/ArraysSupport LOG2_ARRAY_BYTE_INDEX_SCALE I 0
staticfield jdk/internal/util/ArraysSupport LOG2_ARRAY_CHAR_INDEX_SCALE I 1
staticfield jdk/internal/util/ArraysSupport LOG2_ARRAY_SHORT_INDEX_SCALE I 1
staticfield jdk/internal/util/ArraysSupport LOG2_ARRAY_INT_INDEX_SCALE I 2
staticfield jdk/internal/util/ArraysSupport LOG2_ARRAY_LONG_INDEX_SCALE I 3
staticfield jdk/internal/util/ArraysSupport LOG2_ARRAY_FLOAT_INDEX_SCALE I 2
staticfield jdk/internal/util/ArraysSupport LOG2_ARRAY_DOUBLE_INDEX_SCALE I 3
staticfield jdk/internal/util/ArraysSupport LOG2_BYTE_BIT_SIZE I 3
staticfield jdk/internal/util/ArraysSupport JLA Ljdk/internal/access/JavaLangAccess; java/lang/System$2
ciInstanceKlass java/lang/Character 1 1 604 7 1 7 1 100 1 9 12 1 1 8 1 9 12 1 1 7 1 9 12 1 1 10 7 12 1 1 1 10 100 12 1 1 1 10 100 12 1 1 1 10 7 12 1 1 1 9 7 12 1 1 1 10 12 1 10 12 1 1 10 12 1 1 10 7 12 1 1 10 12 1 1 3 3 3 3 3 10 12 1 1 10 12 1 3 11 7 12 1 1 1 11 12 1 1 10 12 1 1 10 12 1 1 100 1 10 10 12 1 3 10 12 1 1 10 12 1 10 12 1 1 100 1 8 1 10 12 1 1 10 12 1 10 12 1 10 12 1 10 100 12 1 1 1 10 12 1 10 12 1 10 12 1 1 10 12 1 10 7 12 1 1 10 10 12 1 10 10 12 1 10 12 1 1 10 12 1 10 10 12 1 10 12 1 10 12 1 10 12 1 10 12 1 10 12 1 10 12 1 10 12 10 10 12 10 10 12 1 10 10 12 1 10 10 12 1 10 10 12 1 10 12 1 10 12 1 10 12 1 10 12 1 10 12 1 10 12 1 10 10 12 1 10 10 12 1 10 10 12 1 1 10 10 12 1 10 5 0 10 12 1 10 12 1 10 10 12 1 10 10 12 1 1 10 10 12 1 10 10 12 1 9 12 1 1 100 1 10 10 12 1 10 12 1 1 3 10 100 12 1 1 1 10 12 1 10 100 12 1 1 7 1 10 10 12 1 1 10 12 1 1 10 12 1 1 8 1 10 12 1 9 100 12 1 1 1 10 12 1 10 10 12 1 10 12 1 1 10 12 1 10 10 12 1 1 10 10 12 1 1 7 1 8 1 10 12 1 1 10 7 12 1 1 1 8 1 10 12 1 1 9 12 1 1 7 1 7 1 7 1 1 1 1 3 1 3 1 3 1 3 1 1 1 1 1 3 1 1 3 1 3 1 3 1 3 1 3 1 3 1 3 1 3 1 3 1 3 1 3 1 3 1 3 1 3 1 3 1 3 1 3 1 3 1 3 1 3 1 3 1 3 1 3 1 3 1 3 1 3 1 3 1 3 1 1 1 1 1 1 1 1 1 1 1 1 1 1 1 1 1 1 1 3 1 1 1 1 1 1 1 3 1 1 3 1 1 1 1 1 3 1 1 5 0 1 1 1 1 1 1 1 1 1 1 1 1 1 1 1 1 1 1 1 1 1 1 1 1 1 1 1 1 1 1 1 1 1 1 1 1 1 1 1 1 1 1 1 1 1 1 1 1 1 1 1 1 1 1 1 1 1 1 1 1 1 1 1 1 1 1 1 1 1 1 1 1 1 1 1 1 1 1 1 1 1 1 1 1 1 1 1 1 1 1 100 1 100 1 1 1 1 1 1
staticfield java/lang/Character TYPE Ljava/lang/Class; java/lang/Class
staticfield java/lang/Character $assertionsDisabled Z 1
ciInstanceKlass java/util/Arrays 1 1 1029 10 7 12 1 1 1 10 100 12 1 1 1 10 7 12 1 1 1 10 12 1 10 12 1 10 12 1 10 12 1 10 12 1 10 12 1 10 100 12 1 1 1 100 1 7 1 10 8 1 10 12 1 1 10 12 1 8 1 8 1 10 12 1 1 10 12 1 100 1 10 12 1 9 100 12 1 1 1 10 7 12 1 1 100 1 10 12 1 1 10 7 12 1 1 10 7 12 1 1 1 100 1 10 12 1 10 12 1 1 7 1 9 7 12 1 1 1 10 12 1 1 10 7 12 1 1 10 12 1 10 12 1 1 10 12 1 10 12 1 1 7 1 11 12 1 1 10 12 1 10 7 12 1 1 1 10 12 10 12 1 10 12 1 10 12 10 12 1 11 7 12 1 1 1 10 7 12 1 1 1 100 1 10 12 1 10 100 1 10 12 1 10 100 1 10 12 1 10 100 1 10 12 1 10 10 12 1 1 10 12 1 10 12 1 10 12 1 10 12 1 10 12 1 10 7 12 1 1 1 10 12 1 10 7 12 1 1 1 10 12 1 10 12 1 10 7 12 1 1 1 10 12 1 10 12 1 10 12 1 10 12 1 10 12 1 10 12 1 10 12 1 10 12 1 10 12 1 10 12 1 10 12 1 10 12 1 10 12 1 10 12 1 10 12 1 10 12 1 1 10 12 1 1 10 7 12 1 1 1 10 7 1 10 100 1 10 7 1 10 100 1 10 100 1 10 7 1 10 100 1 10 100 1 10 12 1 8 1 10 12 1 1 10 12 1 1 10 12 1 1 10 12 1 1 10 12 1 1 10 12 1 1 10 12 1 1 10 12 1 1 10 12 1 1 7 1 10 12 10 12 1 1 10 12 1 10 12 1 1 10 12 1 1 9 7 12 1 1 1 10 12 1 9 7 1 10 12 1 9 7 1 10 12 1 9 7 1 10 12 1 9 7 1 10 12 1 9 7 1 10 12 1 9 10 12 1 10 12 1 10 12 1 9 12 1 100 1 10 10 12 1 1 10 12 1 10 12 1 10 12 1 10 12 1 10 12 1 10 12 1 10 12 1 10 12 1 10 12 1 8 1 8 1 10 12 1 10 12 1 8 1 10 12 1 10 12 1 10 12 1 10 7 12 1 1 1 3 10 100 1 10 10 12 1 1 11 100 12 1 1 10 12 1 1 10 12 1 10 12 1 10 12 1 10 12 1 10 12 1 10 12 1 10 12 1 10 12 1 11 12 1 8 1 10 11 12 1 11 100 12 1 1 1 11 100 12 1 1 1 11 12 1 1 18 12 1 1 11 12 1 1 11 100 12 1 1 1 18 12 1 11 100 12 1 1 1 18 12 1 11 100 12 1 1 1 18 12 1 100 1 10 7 12 1 1 1 10 12 1 10 12 1 10 12 1 10 12 1 10 12 1 10 12 1 10 12 1 10 12 1 1 10 12 1 10 7 12 1 1 10 12 1 10 12 1 10 12 1 1 10 12 1 10 12 1 10 12 1 1 10 12 1 10 12 1 10 12 1 1 10 12 1 10 12 1 10 12 1 10 12 1 10 12 10 12 1 10 12 10 12 10 12 1 10 12 10 12 1 10 12 1 10 12 1 1 1 1 3 1 3 1 1 1 1 1 1 1 1 1 1 1 1 1 1 1 1 1 1 1 1 1 1 1 1 1 1 1 1 1 1 1 1 1 1 1 1 1 1 1 1 1 1 1 1 1 1 1 1 1 1 1 1 1 1 1 1 1 1 1 1 1 1 1 1 1 1 1 1 1 1 1 1 1 1 1 1 1 1 1 1 1 1 1 1 1 1 1 1 1 1 1 1 1 1 1 1 1 1 1 1 1 1 1 1 1 1 1 1 1 1 1 1 1 1 1 1 1 1 1 1 1 1 1 1 1 1 1 1 1 1 1 1 1 1 1 1 1 1 1 1 1 1 1 1 1 1 1 1 1 1 1 1 1 1 1 1 1 1 1 1 1 1 1 1 1 1 1 1 1 1 1 1 1 1 1 1 1 1 1 1 1 1 1 1 1 1 1 1 1 1 1 1 1 1 1 1 1 1 1 1 1 1 1 1 1 1 1 1 1 1 1 1 1 1 1 1 1 1 1 1 1 1 1 1 1 1 1 1 1 1 1 1 1 1 1 1 1 1 1 1 1 1 1 1 1 1 1 1 1 1 1 1 1 1 100 1 1 16 15 10 12 15 10 12 15 10 12 15 10 12 15 10 100 12 1 1 1 1 1 100 1 100 1 1 1 1 100 1 1 1 1 1 1 100 1 1 100 1 1 100 1 1 1 100 1 100 1 1
staticfield java/util/Arrays $assertionsDisabled Z 1
ciInstanceKlass java/lang/OutOfMemoryError 1 1 26 10 7 12 1 1 1 10 12 1 100 1 1 1 1 5 0 1 1 1 1 1 1 1 1 1
ciMethod java/lang/StringLatin1 equals ([B[B)Z 798 660 6213 0 -1
ciMethod java/lang/StringLatin1 hashCode ([B)I 660 0 5468 0 624
ciMethod java/lang/StringLatin1 lastIndexOf ([BII)I 180 6272 863 0 448
ciMethod java/lang/StringLatin1 newString ([BII)Ljava/lang/String; 1024 0 16911 0 1384
ciMethod java/lang/StringLatin1 trim ([B)Ljava/lang/String; 1024 0 11784 0 272
ciMethod java/lang/StringLatin1 canEncode (I)Z 1024 0 30775 0 104
ciInstanceKlass java/lang/StringUTF16 1 1 635 7 1 7 1 10 7 12 1 1 1 100 1 10 7 1 3 7 1 7 1 10 8 1 10 12 1 1 10 12 1 8 1 10 12 1 1 10 12 1 9 12 1 1 10 12 1 1 100 1 8 1 10 12 1 9 12 1 1 9 12 1 10 10 12 1 1 10 12 1 1 10 7 12 1 1 1 10 12 1 10 12 1 1 10 12 1 1 10 12 1 1 10 12 1 1 10 12 1 10 12 1 1 10 12 1 1 10 12 1 1 10 12 1 1 10 12 1 1 10 12 1 10 12 1 1 10 7 12 1 1 1 10 12 1 1 10 100 12 1 1 1 10 12 1 1 10 12 1 10 12 1 1 10 12 1 1 10 12 1 1 10 12 1 10 12 1 100 1 10 12 1 10 10 12 1 10 12 1 1 10 12 1 10 7 12 1 1 1 10 12 1 1 10 12 10 12 1 1 10 12 1 10 12 1 1 10 12 1 10 12 1 10 12 1 10 12 1 7 1 10 12 1 1 10 12 1 3 10 12 1 1 10 12 1 10 12 1 10 12 1 10 12 1 10 12 1 10 12 1 1 9 12 1 10 12 1 10 12 10 12 1 1 10 12 1 10 12 1 10 12 1 10 10 12 10 12 10 10 12 1 1 10 12 1 10 12 1 10 12 1 100 1 8 1 8 1 10 12 1 1 100 1 10 10 7 12 1 1 1 10 100 12 1 1 8 1 8 1 8 1 10 12 1 1 10 12 1 1 10 12 10 100 12 1 1 10 12 1 1 10 12 1 1 10 12 1 10 12 10 12 10 12 1 10 12 10 12 1 10 12 1 10 12 1 10 12 1 10 100 12 1 1 1 10 100 12 1 1 1 10 12 1 1 10 12 1 1 11 7 12 1 1 10 12 1 10 12 1 10 12 1 1 9 12 1 1 9 12 1 5 0 5 0 10 12 1 10 12 10 12 10 7 12 1 1 1 10 12 1 1 1 1 1 1 1 1 1 1 1 1 1 1 1 1 1 1 1 1 1 1 1 1 1 1 1 1 1 100 1 1 1 1 1 1 1 1 1 1 1 1 1 1 1 1 1 1 1 1 1 1 1 1 1 1 1 1 1 1 1 1 1 1 1 1 1 1 1 1 1 1 1 1 1 1 1 1 1 1 1 1 1 1 1 1 1 1 1 1 1 1 1 1 1 1 1 1 1 1 1 1 1 1 1 1 1 1 1 1 1 1 1 1 1 1 1 1 1 1 100 1 1 1 1 1 1 1 1 1 1 1 1 1 1 1 1 1 100 1 1 1 1 1 1 1 1 1 1 1 1 1 1 1 1 1 1 1 1 1 1 1 1 1 1 1 1 1 1 1 1 1 1 1 1 1 1 1 1 1 1 1 1 1 1 1 1 1 1 1 1 1 1 1 1 1 1 1 100 1 100 1 1 1 1 1
staticfield java/lang/StringUTF16 HI_BYTE_SHIFT I 0
staticfield java/lang/StringUTF16 LO_BYTE_SHIFT I 8
staticfield java/lang/StringUTF16 $assertionsDisabled Z 1
ciInstanceKlass java/lang/Integer 1 1 453 7 1 7 1 7 1 7 1 10 12 1 1 9 12 1 1 9 12 1 1 10 100 12 1 1 1 10 12 1 1 10 100 12 1 1 1 10 10 12 1 1 10 7 12 1 1 1 10 12 1 10 12 1 1 10 7 12 1 1 1 10 12 1 1 10 12 1 1 10 12 1 10 12 1 10 12 1 1 10 10 12 1 9 12 1 1 9 12 1 7 1 8 1 10 12 1 7 1 10 12 1 8 1 10 12 1 1 10 12 1 8 1 10 12 1 8 1 10 12 1 1 3 10 12 1 1 3 10 12 1 1 10 12 1 1 10 7 12 1 1 1 11 7 1 10 12 1 1 11 10 12 1 1 8 1 10 12 1 1 8 1 7 1 10 12 1 1 10 12 1 1 5 0 8 1 10 12 1 10 12 1 10 12 1 10 12 1 1 7 1 9 12 1 1 9 12 1 1 10 12 1 10 7 1 9 12 1 10 12 1 10 12 1 10 12 1 1 10 7 12 1 1 1 100 1 100 1 10 12 1 1 10 12 1 1 8 1 8 1 10 12 1 1 8 1 8 1 8 1 8 1 8 1 8 1 10 12 1 10 12 1 5 0 3 3 3 3 10 12 1 10 12 1 3 10 12 1 10 100 12 1 1 1 10 12 1 1 10 12 1 1 8 1 10 7 12 1 1 1 9 12 1 1 7 1 7 1 7 1 1 1 1 3 1 1 1 3 1 3 1 1 5 0 1 1 1 1 1 1 1 1 1 100 1 1 1 1 1 1 1 1 1 1 1 1 1 1 1 1 1 1 1 1 1 1 1 1 1 1 1 1 1 1 1 1 1 1 1 1 1 1 1 1 3 1 1 1 1 1 1 1 1 1 1 1 1 1 1 1 1 7 1 1 1 1 1 1 1 1 1 1 1 1 1 1 1 1 1 1 1 1 1 1 1 1 1 1 1 1 1 1 1 1 1 1 1 1 1 1 1 1 1 1 1 1 1 1 7 1 1 1 1 1 1 1 1 1 100 1 100 1 1
staticfield java/lang/Integer TYPE Ljava/lang/Class; java/lang/Class
staticfield java/lang/Integer digits [C 36
staticfield java/lang/Integer DigitTens [B 100
staticfield java/lang/Integer DigitOnes [B 100
instanceKlass java/math/BigDecimal
instanceKlass java/util/concurrent/atomic/Striped64
instanceKlass java/math/BigInteger
instanceKlass java/util/concurrent/atomic/AtomicLong
instanceKlass java/util/concurrent/atomic/AtomicInteger
instanceKlass java/lang/Long
instanceKlass java/lang/Integer
instanceKlass java/lang/Short
instanceKlass java/lang/Byte
instanceKlass java/lang/Double
instanceKlass java/lang/Float
ciInstanceKlass java/lang/Number 1 1 37 10 7 12 1 1 1 10 100 12 1 1 1 100 1 1 1 1 5 0 1 1 1 1 1 1 1 1 1 1 1 1 1 1 1 1 1
ciMethod java/lang/Integer intValue ()I 256 0 128 0 -1
ciMethod java/lang/StringUTF16 hashCode ([B)I 0 0 139 0 0
ciMethod java/lang/StringUTF16 compress ([BII)[B 0 0 2396 0 -1
ciMethod java/lang/StringUTF16 getChar ([BI)C 1024 0 11619 0 -1
ciMethod java/lang/StringUTF16 coderFromArrayLen ([BI)B 324 0 6709 0 -1
ciMethod java/lang/StringUTF16 lastIndexOf ([BII)I 0 0 1 0 -1
ciMethod java/lang/StringUTF16 newString ([BII)Ljava/lang/String; 0 0 2061 0 0
ciMethod java/lang/StringUTF16 trim ([B)Ljava/lang/String; 0 0 1 0 -1
ciInstanceKlass java/lang/Thread$FieldHolder 1 1 48 10 7 12 1 1 1 9 7 12 1 1 1 9 12 1 1 9 12 1 1 9 12 1 1 9 12 1 1 1 1 1 1 1 1 1 1 100 1 100 1 1 1 1 100 1 1 1
ciInstanceKlass java/lang/Thread$Constants 0 0 59 7 1 10 7 12 1 1 1 100 1 10 10 7 12 1 1 1 7 1 8 1 10 12 1 9 7 12 1 1 1 7 1 7 1 10 12 1 10 12 1 9 12 1 1 1 1 1 1 1 1 1 1 1 1 1 1 1 1
ciInstanceKlass java/lang/ThreadGroup 1 1 411 10 7 12 1 1 1 9 7 12 1 1 1 8 1 9 12 1 1 7 1 9 12 1 1 9 12 1 1 10 7 12 1 1 1 10 12 1 1 10 12 1 10 12 1 10 12 1 10 12 1 1 10 12 1 1 10 12 1 10 12 1 1 10 12 1 10 12 1 10 100 12 1 1 1 10 12 1 1 18 12 1 1 11 7 12 1 1 1 10 7 12 1 1 1 10 7 12 1 10 12 1 1 10 12 1 1 10 12 1 1 10 100 12 1 1 1 10 12 1 11 12 1 1 11 7 12 1 1 11 12 1 1 10 12 1 1 10 12 1 10 12 1 11 12 1 11 12 1 1 100 1 10 10 12 1 100 1 10 18 12 1 1 11 7 12 1 1 1 11 12 1 1 9 12 1 1 10 12 1 1 8 1 10 7 12 1 1 1 10 100 12 1 1 1 10 12 1 1 11 12 10 12 1 1 10 12 1 1 11 7 1 9 12 1 7 1 10 8 1 10 12 1 1 10 12 1 1 8 1 10 12 1 10 7 12 1 1 1 10 12 1 1 10 7 1 8 1 10 8 1 10 12 1 10 12 1 8 1 9 12 1 1 9 12 1 10 100 12 1 1 1 100 9 12 1 1 7 1 9 12 1 10 12 10 12 1 1 100 10 12 9 12 1 10 12 1 100 1 10 11 12 1 1 7 1 10 10 12 1 10 12 1 1 1 1 1 1 1 1 1 1 1 1 1 1 1 1 1 1 3 1 1 1 1 1 1 1 1 1 1 1 1 100 1 1 1 1 1 1 1 1 1 1 1 1 1 1 1 1 1 1 1 1 1 1 1 1 1 1 1 1 1 1 1 1 1 1 1 1 1 1 1 1 1 1 1 16 15 10 12 16 16 15 10 12 16 15 10 100 12 1 1 1 1 1 100 1 100 1 1
staticfield java/lang/ThreadGroup $assertionsDisabled Z 1
ciInstanceKlass java/lang/Thread$UncaughtExceptionHandler 1 0 16 100 1 100 1 1 1 1 1 1 1 1 100 1 1 1
ciInstanceKlass java/security/AccessControlContext 1 1 374 9 7 12 1 1 1 9 12 1 1 10 100 12 1 1 1 8 1 10 100 12 1 1 1 10 7 12 1 1 1 9 12 1 9 12 1 1 9 12 1 1 10 7 12 1 1 7 1 10 12 1 11 7 12 1 1 1 11 12 1 11 12 1 11 12 1 1 7 1 11 12 1 1 10 12 1 10 7 12 1 1 1 9 100 12 1 1 1 10 7 12 1 1 1 11 100 12 1 1 1 10 7 1 100 1 8 1 10 12 1 10 12 1 1 7 1 10 7 12 1 1 1 9 12 1 9 12 1 9 12 1 9 12 1 1 9 12 1 1 9 12 1 9 12 1 10 7 12 1 1 1 9 12 1 10 12 1 1 10 12 1 1 8 1 10 12 1 1 10 12 1 1 10 7 12 1 1 1 7 1 10 10 12 1 1 10 7 12 1 1 1 10 8 1 10 7 12 1 1 8 1 10 7 12 1 1 8 1 8 1 10 12 1 8 1 10 12 1 8 1 10 12 1 10 12 1 10 12 1 1 8 1 8 1 100 1 10 12 1 10 12 1 1 100 1 10 12 1 8 1 10 12 1 10 12 1 10 8 1 10 12 1 1 10 12 1 1 10 12 1 1 10 12 1 1 10 12 1 10 12 1 11 10 12 1 10 12 1 1 10 10 10 12 1 1 1 1 1 1 1 1 1 1 1 1 1 1 1 1 1 1 1 1 1 1 1 1 100 1 1 1 1 1 1 1 1 1 1 1 1 1 1 1 1 1 1 1 1 1 1 1 1 1 1 1 1 1 1 1 1 1 1 1 1 1 1 1 1 1 1 1 1 1 1 1 1 1 1 1 1 3 1 1
instanceKlass java/lang/ThreadBuilders$BoundVirtualThread
instanceKlass java/lang/VirtualThread
ciInstanceKlass java/lang/BaseVirtualThread 0 0 36 10 100 12 1 1 1 100 1 1 1 1 1 1 1 1 1 1 1 1 1 1 1 1 1 1 1 1 100 1 100 1 1 100 1 1
ciInstanceKlass java/lang/VirtualThread 0 0 907 9 7 12 1 1 1 10 7 12 1 1 1 10 100 12 1 1 1 10 7 12 1 1 1 9 12 1 1 9 12 1 1 100 1 10 12 1 9 12 1 1 18 12 1 1 9 12 1 1 10 12 1 1 100 1 10 12 1 10 12 1 1 10 12 1 1 10 12 1 1 10 12 1 10 7 12 1 10 12 1 10 12 1 10 12 1 10 12 1 11 100 12 1 1 1 100 1 10 12 1 1 10 100 12 1 1 1 10 100 12 1 1 1 10 12 1 100 1 10 10 12 1 10 12 1 1 9 12 1 1 10 12 1 1 9 12 1 1 10 12 1 9 12 1 1 9 12 1 100 1 10 10 12 1 10 100 12 1 1 10 9 10 10 12 1 1 10 12 1 1 10 100 12 1 1 10 100 1 10 9 10 10 12 1 7 1 10 12 1 1 10 12 1 10 12 1 10 12 1 1 9 12 1 10 12 1 10 12 1 9 12 1 1 10 12 1 10 12 1 9 12 1 1 10 12 1 10 12 1 10 12 1 11 100 12 1 1 10 12 1 1 10 12 1 1 10 12 1 1 9 12 1 10 100 1 10 12 1 1 10 12 1 1 10 12 1 10 12 1 10 12 1 10 12 9 12 1 1 10 100 12 1 1 10 12 1 10 12 1 1 10 100 12 1 1 10 12 1 100 1 8 1 10 12 1 10 12 1 1 10 12 1 10 12 1 10 100 12 1 1 10 12 1 10 12 1 1 10 12 1 10 12 1 1 10 7 12 1 1 10 12 1 1 10 12 1 1 100 1 10 10 12 1 7 1 9 12 1 1 10 7 12 1 1 10 9 12 1 1 18 9 100 12 1 1 1 11 100 12 1 1 1 11 100 1 11 12 10 12 1 10 12 1 1 10 12 1 100 1 10 10 12 1 10 12 1 1 10 12 1 1 10 12 1 10 12 1 10 12 1 9 12 1 1 11 100 12 1 1 10 12 9 100 12 1 1 1 9 12 1 10 12 1 1 9 12 1 9 12 1 9 12 1 7 1 10 10 12 1 1 10 12 1 10 12 7 1 7 1 10 8 1 10 12 1 1 10 12 1 10 12 1 10 10 12 1 8 1 10 10 12 1 10 12 1 10 7 12 1 1 8 1 8 1 10 9 100 12 1 1 1 10 12 1 1 10 12 1 10 10 10 12 9 12 1 10 12 1 1 9 12 1 10 12 1 1 9 12 1 10 12 1 1 18 12 1 1 18 12 1 10 7 12 1 1 1 8 1 10 100 12 1 1 1 10 7 12 1 1 1 18 12 1 10 100 12 1 1 1 100 1 10 12 1 8 1 10 12 1 8 1 10 12 1 1 8 1 8 1 10 100 12 1 1 8 1 10 12 1 8 1 8 1 10 100 12 1 1 1 10 12 1 10 12 1 1 10 12 1 18 12 1 1 18 12 1 1 5 0 9 12 1 10 12 1 18 12 1 100 1 10 12 10 7 12 1 1 10 12 1 1 7 1 8 1 10 10 12 1 10 12 1 1 10 12 1 9 12 1 8 10 12 1 1 8 8 9 12 1 8 10 12 1 1 3 1 3 1 3 1 3 1 3 1 3 1 3 1 3 1 3 1 3 1 3 1 3 3 1 3 1 1 1 1 1 1 1 1 1 1 1 1 1 1 7 1 1 1 1 1 1 1 1 1 1 1 1 1 1 7 1 1 1 1 1 1 1 1 1 1 1 7 1 1 1 1 1 1 1 1 1 1 1 1 1 1 1 1 1 1 1 1 1 1 1 1 1 1 1 1 1 1 1 1 1 1 1 1 1 1 1 100 1 1 1 1 1 1 1 1 1 1 1 1 1 1 1 1 1 1 1 1 1 1 1 1 1 1 1 1 1 1 1 1 1 1 1 100 1 1 1 1 1 1 1 1 1 1 1 1 1 1 100 1 1 16 15 10 12 15 16 15 10 12 16 15 10 12 16 16 15 10 12 16 15 10 12 16 15 10 12 16 15 10 12 16 1 15 10 100 12 1 1 1 1 1 1 1 7 1 1 100 1 100 1 1
ciInstanceKlass java/lang/ThreadBuilders$BoundVirtualThread 0 0 132 10 7 12 1 1 1 9 7 12 1 1 1 10 7 12 1 1 1 9 12 1 1 10 12 1 1 10 12 1 1 9 12 1 1 10 7 12 1 1 1 10 12 1 1 7 1 8 1 10 12 1 10 12 1 1 10 12 1 1 10 12 1 1 10 7 12 1 1 1 8 1 10 12 1 8 1 10 12 1 1 10 100 12 1 1 9 100 12 1 1 1 10 12 1 1 10 10 12 1 1 1 1 1 1 1 1 1 1 1 1 1 1 1 1 1 1 1 1 1 1 1 1 1 1 1 1 100 1 1 1 1
ciInstanceKlass jdk/internal/vm/ContinuationScope 0 0 50 10 100 12 1 1 1 10 100 12 1 1 1 100 1 9 100 12 1 1 1 10 12 1 1 10 100 12 1 1 1 10 12 1 1 10 12 1 1 1 1 1 1 1 1 1 1 1 1 1
ciInstanceKlass jdk/internal/vm/StackChunk 0 0 32 10 100 12 1 1 1 9 100 12 1 1 1 9 12 1 1 9 12 1 1 1 1 1 1 1 1 1 1 1 1 1
ciInstanceKlass java/lang/Float 1 1 279 7 1 7 1 10 7 12 1 1 1 10 7 12 1 1 1 4 7 1 10 12 1 1 10 12 1 1 8 1 8 1 10 7 12 1 1 1 10 12 1 1 10 12 1 1 10 7 1 4 10 7 12 1 1 9 12 1 1 10 12 1 1 10 12 1 10 10 12 1 1 10 12 1 10 12 1 3 3 100 1 4 4 4 3 10 12 1 1 9 12 1 1 100 1 10 3 3 4 4 10 12 1 3 3 3 10 12 1 1 10 12 1 1 10 12 1 10 100 12 1 1 1 10 12 1 1 10 12 1 1 10 7 12 1 1 1 8 1 10 12 1 1 9 12 1 1 7 1 7 1 7 1 1 1 1 4 1 4 1 1 1 4 1 1 3 1 3 1 3 1 3 1 3 1 1 1 1 5 0 1 1 1 1 1 1 1 1 1 1 100 1 1 1 1 1 1 1 1 1 1 1 1 1 3 1 1 1 1 1 1 1 1 1 1 1 1 1 1 1 1 1 1 1 1 1 1 1 1 1 1 1 1 1 1 1 1 1 1 1 1 1 1 1 1 1 1 1 1 1 1 1 1 1 1 1 1 1 1 1 1 1 1 1 1 1 7 1 1 1 1 1 1 1 100 1 100 1 1
staticfield java/lang/Float TYPE Ljava/lang/Class; java/lang/Class
staticfield java/lang/Float $assertionsDisabled Z 1
ciInstanceKlass java/lang/Double 1 1 290 7 1 7 1 10 7 12 1 1 1 10 12 1 1 10 7 1 10 12 1 1 10 7 12 1 1 1 6 0 8 1 10 12 1 1 8 1 10 12 1 1 8 1 6 0 10 12 1 1 100 1 5 0 5 0 8 1 8 1 10 7 12 1 1 1 10 7 12 1 1 1 8 1 10 12 1 1 8 1 8 1 8 1 10 12 1 1 10 12 1 10 12 1 1 10 12 1 10 12 1 10 12 1 1 10 12 1 10 7 1 6 0 10 7 12 1 1 9 12 1 1 10 12 1 10 12 1 10 12 1 10 12 1 10 12 1 5 0 10 12 1 1 10 12 1 10 12 1 10 100 12 1 1 1 10 12 1 1 10 12 1 1 8 1 10 7 12 1 1 1 9 12 1 1 7 1 7 1 7 1 1 1 6 0 1 6 0 1 6 0 1 1 1 6 0 1 1 3 1 3 1 3 1 3 1 3 1 1 1 1 5 0 1 1 1 1 1 1 1 1 1 1 1 1 1 1 1 1 100 1 1 1 1 1 1 1 1 1 1 1 1 3 1 1 1 1 1 1 1 1 1 1 1 1 1 1 1 1 1 1 1 1 1 1 1 1 1 1 1 1 1 1 1 1 1 1 7 1 1 1 1 1 1 1 100 1 100 1 1
staticfield java/lang/Double TYPE Ljava/lang/Class; java/lang/Class
ciInstanceKlass java/lang/Byte 1 1 213 7 1 100 1 10 7 12 1 1 1 9 12 1 1 8 1 9 12 1 1 7 1 10 12 1 1 10 12 1 1 10 100 12 1 1 1 10 100 12 1 1 1 9 100 12 1 1 1 10 12 1 1 100 1 7 1 10 12 1 1 8 1 10 12 1 1 8 1 10 12 1 10 12 1 10 12 1 10 12 1 1 10 12 1 10 12 1 10 12 1 1 10 8 1 8 1 10 7 1 9 12 1 1 10 12 1 1 10 12 1 1 10 12 1 1 10 12 1 5 0 10 12 1 1 8 1 10 7 12 1 1 1 9 12 1 1 7 1 7 1 1 1 3 1 3 1 1 1 1 3 1 3 1 1 5 0 1 1 1 1 1 1 1 1 1 1 1 1 1 1 1 1 1 1 1 1 1 1 1 1 1 1 1 1 1 1 1 1 1 1 1 1 1 1 1 1 1 1 1 1 1 1 1 1 1 1 1 1 1 1 1 1
staticfield java/lang/Byte TYPE Ljava/lang/Class; java/lang/Class
ciInstanceKlass java/lang/Short 1 1 222 7 1 7 1 100 1 10 7 12 1 1 1 10 12 1 1 100 1 7 1 10 12 1 1 8 1 10 12 1 1 8 1 10 12 1 10 12 1 10 12 1 10 12 1 1 10 12 1 1 10 12 1 9 12 1 1 8 1 9 12 1 1 7 1 10 12 1 1 10 12 1 10 100 12 1 1 1 10 100 12 1 1 1 9 100 12 1 1 1 10 12 1 10 12 1 1 10 8 1 8 1 10 7 1 9 12 1 1 10 12 1 1 10 12 1 1 10 12 1 1 10 12 1 3 3 5 0 10 12 1 1 8 1 10 7 12 1 1 1 9 12 1 1 7 1 7 1 1 1 3 1 3 1 1 1 1 3 1 3 1 1 5 0 1 1 1 1 1 1 1 1 1 1 1 1 1 1 1 1 1 1 1 1 1 1 1 1 1 1 1 3 1 1 1 1 1 1 1 1 1 1 1 1 1 1 1 1 1 1 1 1 1 1 1 1 1 1 1 1 1 1
staticfield java/lang/Short TYPE Ljava/lang/Class; java/lang/Class
ciInstanceKlass java/lang/Long 1 1 524 7 1 7 1 7 1 7 1 10 12 1 1 9 12 1 1 9 7 12 1 1 1 10 100 12 1 1 1 10 12 1 1 10 100 12 1 1 1 10 10 12 10 12 1 10 12 1 10 12 1 5 0 5 0 7 1 10 12 1 1 10 12 1 1 10 12 1 10 12 1 10 12 1 10 12 1 1 10 100 12 1 1 10 12 1 10 12 1 1 10 12 1 1 10 12 1 1 10 12 1 1 10 7 12 1 1 1 10 12 1 1 10 12 1 10 12 1 10 12 1 10 12 1 1 10 10 12 1 5 0 5 0 9 12 1 1 9 12 1 5 0 100 1 8 1 10 12 1 8 1 10 12 1 8 1 8 1 10 12 1 1 5 0 10 12 1 1 5 0 10 12 1 1 10 12 1 1 10 100 12 1 1 1 11 7 1 10 12 1 1 11 10 12 1 1 8 1 10 12 1 1 8 1 7 1 10 12 1 1 10 12 1 8 1 8 1 11 12 1 1 10 12 1 10 12 1 10 12 1 5 0 5 0 9 7 12 1 1 1 10 12 1 10 12 1 1 8 1 8 1 10 12 1 1 8 1 8 1 8 1 8 1 8 1 8 1 10 12 1 10 7 1 9 12 1 1 10 12 1 10 12 1 1 10 12 1 1 10 7 12 1 1 1 100 1 100 1 10 12 1 1 10 12 1 1 5 0 10 12 1 10 12 1 5 0 5 0 5 0 10 12 1 1 10 12 1 5 0 5 0 10 12 1 10 12 1 10 100 12 1 1 1 10 12 1 1 10 12 1 1 8 1 10 7 12 1 1 1 9 12 1 1 7 1 7 1 7 1 1 1 1 5 0 1 1 1 1 3 1 3 1 5 0 1 1 1 1 1 1 1 1 1 100 1 1 1 1 1 1 1 1 1 1 1 1 1 1 1 1 1 1 1 1 1 1 1 1 1 1 1 1 1 1 1 1 1 1 1 1 1 1 1 1 1 1 1 1 1 1 1 1 1 1 1 1 1 1 1 3 1 1 1 1 1 1 1 1 1 1 1 1 1 1 1 7 1 1 1 1 1 1 1 1 1 1 1 1 1 1 1 1 1 1 1 1 1 1 1 1 1 1 1 1 1 1 1 1 1 1 1 1 1 1 1 1 1 1 1 7 1 1 1 1 1 1 1 1 1 100 1 100 1 1
staticfield java/lang/Long TYPE Ljava/lang/Class; java/lang/Class
ciInstanceKlass jdk/internal/vm/vector/VectorSupport 0 0 573 100 1 10 100 12 1 1 1 9 12 1 1 10 12 1 1 100 1 10 12 1 11 100 12 1 1 1 11 100 12 1 1 1 11 100 12 1 1 11 100 12 1 1 11 100 12 1 1 1 11 100 12 1 1 11 100 12 1 1 11 100 12 1 1 11 100 12 1 1 11 100 12 1 1 11 100 12 1 1 11 100 12 1 1 1 11 100 12 1 1 11 100 12 1 1 1 11 100 12 1 1 1 11 100 12 1 1 11 100 12 1 1 1 11 100 12 1 1 100 1 10 12 1 1 11 100 12 1 1 11 100 12 1 1 11 100 12 1 1 11 100 12 1 1 11 100 12 1 1 11 100 12 1 1 9 12 1 1 10 100 12 1 1 11 100 12 1 1 10 12 1 1 10 100 12 1 1 1 10 12 1 10 12 1 1 10 12 1 1 1 1 1 3 1 3 1 3 1 3 1 3 1 3 1 3 1 3 1 3 1 3 1 3 1 3 1 3 1 3 1 3 1 3 1 3 1 3 1 3 1 3 1 3 1 3 1 3 1 3 1 3 1 3 1 3 1 3 1 3 1 3 1 3 1 3 1 3 1 3 1 3 1 3 1 3 1 3 1 3 1 3 1 3 1 3 1 3 1 3 1 3 1 3 1 3 1 3 1 3 1 3 1 3 1 3 1 3 1 1 1 1 1 1 1 1 1 1 1 1 1 1 1 1 1 1 1 1 1 1 1 1 1 1 1 1 1 1 1 1 1 1 1 1 1 1 1 1 1 1 1 1 1 1 1 1 1 1 1 1 1 1 1 1 1 1 1 1 1 1 1 1 1 1 1 1 1 1 1 1 1 1 1 1 1 1 1 1 1 1 1 1 1 1 1 1 1 1 1 1 1 1 1 1 1 1 1 1 1 1 1 1 1 1 1 1 1 1 1 1 1 1 1 1 1 1 1 1 1 1 1 1 1 1 1 1 1 1 1 1 1 1 1 1 1 1 1 1 1 1 1 1 1 1 1 1 1 1 1 1 1 1 1 1 1 1 1 1 1 1 1 1 1 1 1 1 1 1 1 1 1 1 1 1 1 1 1 1 1 1 1 1 1 1 1 1 1 1 1 1 1 1 1 1 1 1 1 1 1 1 1 1 1 1 1 1 1 1 1 1 1 1 1 1 1 1 1 1 1 1 1 1 1 1 1 1 1 1 1 1 1 1 1 100 1 100 1 100 1 100 1 100 1 1 1 1 1 1 1 1 1 1 1 1 1 1 1 1 1 1 1 1 1 1 1 1 1 1 1 1 1 1 1
instanceKlass jdk/internal/vm/vector/VectorSupport$VectorShuffle
instanceKlass jdk/internal/vm/vector/VectorSupport$VectorMask
instanceKlass jdk/internal/vm/vector/VectorSupport$Vector
ciInstanceKlass jdk/internal/vm/vector/VectorSupport$VectorPayload 0 0 32 10 100 12 1 1 1 9 100 12 1 1 1 10 100 12 1 1 1 1 1 1 1 1 1 1 1 1 1 1 1 1
ciInstanceKlass jdk/internal/vm/vector/VectorSupport$Vector 0 0 28 10 100 12 1 1 1 100 1 1 1 1 1 1 1 1 1 1 1 1 1 1 1 100 1 1 1 1
ciInstanceKlass jdk/internal/vm/vector/VectorSupport$VectorMask 0 0 28 10 100 12 1 1 1 100 1 1 1 1 1 1 1 1 1 1 1 1 1 1 1 100 1 1 1 1
ciInstanceKlass jdk/internal/vm/vector/VectorSupport$VectorShuffle 0 0 28 10 100 12 1 1 1 100 1 1 1 1 1 1 1 1 1 1 1 1 1 1 1 100 1 1 1 1
ciInstanceKlass jdk/internal/vm/FillerObject 0 0 16 10 100 12 1 1 1 100 1 1 1 1 1 1 1 1
instanceKlass java/lang/ref/PhantomReference
instanceKlass java/lang/ref/FinalReference
instanceKlass java/lang/ref/WeakReference
instanceKlass java/lang/ref/SoftReference
ciInstanceKlass java/lang/ref/Reference 1 1 190 9 7 12 1 1 1 9 7 12 1 1 10 12 1 1 10 12 1 1 9 12 1 1 10 12 1 1 9 12 1 1 9 12 1 1 7 1 10 12 1 10 7 12 1 1 10 12 1 10 12 1 1 10 12 1 7 1 8 1 10 12 1 1 7 1 10 12 1 1 10 12 1 1 10 12 1 9 12 1 10 12 1 1 10 12 1 10 12 1 9 12 1 7 1 100 1 10 12 9 12 1 9 12 1 100 1 10 10 12 1 10 10 7 12 1 1 7 1 10 10 7 12 1 1 1 1 1 1 1 1 1 1 1 1 1 1 1 1 1 1 1 7 1 1 1 100 1 1 1 1 1 1 1 1 1 1 1 1 1 1 1 1 1 1 1 1 1 1 1 1 1 1 1 1 1 1 1 1 1 1 1 7 1 7 1 7 1 1 1
staticfield java/lang/ref/Reference processPendingLock Ljava/lang/Object; java/lang/Object
staticfield java/lang/ref/Reference $assertionsDisabled Z 1
ciMethod java/lang/ref/Reference get ()Ljava/lang/Object; 0 0 1 0 -1
ciMethod java/lang/ref/Reference refersToImpl (Ljava/lang/Object;)Z 532 0 16611 0 96
ciMethod java/lang/ref/Reference <init> (Ljava/lang/Object;)V 518 0 25813 0 0
ciMethod java/lang/ref/Reference <init> (Ljava/lang/Object;Ljava/lang/ref/ReferenceQueue;)V 514 0 36169 0 544
ciMethod java/lang/ref/Reference refersTo0 (Ljava/lang/Object;)Z 256 0 128 0 -1
ciMethod java/lang/ref/Reference refersTo (Ljava/lang/Object;)Z 532 0 21560 0 112
instanceKlass sun/util/locale/provider/LocaleResources$ResourceReference
instanceKlass sun/util/resources/Bundles$BundleReference
instanceKlass java/util/ResourceBundle$BundleReference
instanceKlass sun/util/locale/LocaleObjectCache$CacheEntry
instanceKlass java/lang/invoke/LambdaFormEditor$Transform
ciInstanceKlass java/lang/ref/SoftReference 1 1 47 10 7 12 1 1 1 9 7 12 1 1 1 9 12 1 10 12 1 10 12 1 1 1 1 1 1 1 1 1 1 1 1 1 1 1 1 1 1 1 1 100 1 1 1 1 1
instanceKlass sun/nio/ch/FileLockTable$FileLockReference
instanceKlass com/sun/util/reentrant/ReentrantContextProvider$HardReference
instanceKlass com/sun/javafx/util/WeakReferenceQueue$ListEntry
instanceKlass java/util/logging/LogManager$LoggerWeakRef
instanceKlass java/util/logging/Level$KnownLevel
instanceKlass java/util/ResourceBundle$KeyElementReference
instanceKlass java/lang/ClassValue$Entry
instanceKlass java/lang/ThreadLocal$ThreadLocalMap$Entry
instanceKlass java/lang/invoke/MethodType$ConcurrentWeakInternSet$WeakEntry
instanceKlass java/util/WeakHashMap$Entry
ciInstanceKlass java/lang/ref/WeakReference 1 1 31 10 7 12 1 1 1 10 12 1 100 1 1 1 1 1 1 1 1 1 1 1 1 1 1 1 1 1 1 1 1
ciMethod java/lang/ref/WeakReference <init> (Ljava/lang/Object;)V 512 0 24210 0 536
instanceKlass java/lang/ref/Finalizer
ciInstanceKlass java/lang/ref/FinalReference 1 1 50 10 7 12 1 1 1 10 7 12 1 1 1 10 12 1 1 7 1 8 1 10 12 1 1 1 1 1 1 1 1 1 1 1 1 1 1 1 1 1 1 1 1 1 1 1 1 1 7 1
instanceKlass org/h2/util/CloseWatcher
instanceKlass jdk/internal/ref/PhantomCleanable
instanceKlass jdk/internal/ref/Cleaner
ciInstanceKlass java/lang/ref/PhantomReference 1 1 39 10 100 12 1 1 1 10 7 12 1 1 1 1 1 1 1 1 1 1 1 1 1 1 1 1 1 1 1 1 1 1 1 1 1 1 1 1 1
ciInstanceKlass java/lang/ref/Finalizer 1 1 155 9 7 12 1 1 1 10 7 12 1 1 1 9 12 1 1 9 12 1 1 9 12 1 9 12 1 9 12 1 1 10 12 1 7 1 8 1 10 12 1 10 12 1 1 9 12 1 100 1 10 12 1 7 1 11 100 12 1 1 10 12 1 7 1 10 12 1 100 1 10 12 1 10 7 12 1 1 1 10 100 12 1 1 1 100 1 10 10 12 1 7 1 10 12 1 7 1 10 12 1 1 10 12 1 1 10 12 1 10 7 12 1 1 1 7 1 10 7 1 10 10 12 1 1 1 1 1 1 1 1 1 1 1 1 1 1 1 1 1 1 1 1 1 1 1 1 1 1 1 1 1 1 1 1
staticfield java/lang/ref/Finalizer lock Ljava/lang/Object; java/lang/Object
staticfield java/lang/ref/Finalizer ENABLED Z 1
staticfield java/lang/ref/Finalizer $assertionsDisabled Z 1
instanceKlass com/sun/glass/ui/EventLoop$State
instanceKlass javafx/scene/control/skin/ButtonBarSkin$Spacer
instanceKlass javafx/scene/control/ButtonBar$ButtonData
instanceKlass jdk/internal/icu/util/CodePointTrie$ValueWidth
instanceKlass jdk/internal/icu/util/CodePointTrie$Type
instanceKlass javafx/scene/control/TreeTableColumn$SortType
instanceKlass javafx/scene/control/TableUtil$SortEventType
instanceKlass org/h2/expression/IntervalOperation$IntervalOpType
instanceKlass org/h2/expression/BinaryOperation$OpType
instanceKlass javafx/scene/control/SelectionMode
instanceKlass javafx/scene/control/skin/ComboBoxMode
instanceKlass javafx/scene/control/skin/TabPaneSkin$TabAnimationState
instanceKlass javafx/scene/control/TabPane$TabDragPolicy
instanceKlass javafx/scene/control/skin/TabPaneSkin$DragState
instanceKlass javafx/scene/control/skin/TabPaneSkin$TabAnimation
instanceKlass javafx/scene/control/TabPane$TabClosingPolicy
instanceKlass java/time/format/FormatStyle
instanceKlass javafx/scene/control/TableColumn$SortType
instanceKlass com/sun/javafx/scene/control/ConstrainedColumnResize$ResizeMode
instanceKlass javafx/scene/Scene$DragDetectedState
instanceKlass javafx/scene/layout/BorderRepeat
instanceKlass com/sun/javafx/sg/prism/CacheFilter$ScrollCacheState
instanceKlass javafx/scene/shape/ArcType
instanceKlass javafx/scene/control/ScrollPane$ScrollBarPolicy
instanceKlass com/sun/javafx/animation/KeyValueType
instanceKlass java/security/DrbgParameters$Capability
instanceKlass org/kordamp/ikonli/fontawesome5/FontAwesomeSolid
instanceKlass org/h2/expression/condition/CompareLike$LikeType
instanceKlass java/time/format/TextStyle
instanceKlass java/time/format/DateTimeFormatterBuilder$SettingsParser
instanceKlass java/time/format/ResolverStyle
instanceKlass java/time/format/SignStyle
instanceKlass java/time/temporal/JulianFields$Field
instanceKlass java/time/temporal/IsoFields$Unit
instanceKlass java/time/temporal/IsoFields$Field
instanceKlass java/math/RoundingMode
instanceKlass org/h2/schema/Sequence$Cycle
instanceKlass java/util/Comparators$NaturalOrderComparator
instanceKlass java/util/Locale$Category
instanceKlass java/net/Proxy$Type
instanceKlass org/h2/constraint/Constraint$Type
instanceKlass org/h2/constraint/ConstraintActionType
instanceKlass org/h2/expression/analysis/WindowFunctionType
instanceKlass org/h2/command/Parser$NullConstraintType
instanceKlass org/h2/expression/aggregate/AggregateType
instanceKlass org/h2/mvstore/db/MVTable$TraceLockEvent
instanceKlass org/h2/engine/IsolationLevel
instanceKlass org/h2/engine/SessionLocal$State
instanceKlass org/h2/mvstore/MVMap$Decision
instanceKlass java/net/StandardProtocolFamily
instanceKlass jdk/internal/util/OperatingSystem
instanceKlass java/time/temporal/ChronoUnit
instanceKlass java/time/temporal/ChronoField
instanceKlass sun/util/locale/provider/LocaleProviderAdapter$Type
instanceKlass org/h2/store/FileLockMethod
instanceKlass org/h2/mode/DefaultNullOrdering
instanceKlass org/h2/api/IntervalQualifier
instanceKlass org/h2/engine/Mode$ViewExpressionNames
instanceKlass org/h2/engine/Mode$ExpressionNames
instanceKlass org/h2/engine/Mode$CharPadding
instanceKlass org/h2/engine/Mode$UniqueIndexNullsHandling
instanceKlass org/h2/engine/Mode$ModeEnum
instanceKlass com/sun/prism/shape/ShapeRep$InvalidationType
instanceKlass com/sun/javafx/scene/traversal/Direction
instanceKlass com/sun/javafx/sg/prism/NGNode$RenderRootResult
instanceKlass com/sun/javafx/geom/Path2D$CornerPrefix
instanceKlass com/sun/scenario/effect/impl/state/LinearConvolveRenderState$PassType
instanceKlass com/sun/scenario/effect/impl/Renderer$RendererState
instanceKlass com/sun/scenario/effect/Effect$AccelType
instanceKlass com/sun/scenario/effect/impl/state/RenderState$EffectCoordinateSpace
instanceKlass com/sun/javafx/geom/transform/BaseTransform$Degree
instanceKlass com/sun/prism/CompositeMode
instanceKlass javafx/scene/input/TransferMode
instanceKlass com/sun/prism/Texture$Usage
instanceKlass com/sun/prism/Texture$WrapMode
instanceKlass com/sun/javafx/sg/prism/NodeEffectInput$RenderType
instanceKlass com/sun/scenario/effect/AbstractShadow$ShadowMode
instanceKlass com/sun/javafx/scene/traversal/TraversalMethod
instanceKlass javafx/scene/layout/Priority
instanceKlass javafx/scene/shape/FillRule
instanceKlass javafx/scene/control/skin/TextInputControlSkin$Direction
instanceKlass javafx/scene/control/skin/TextInputControlSkin$TextUnit
instanceKlass com/sun/javafx/geom/BaseBounds$BoundsType
instanceKlass javafx/stage/PopupWindow$AnchorLocation
instanceKlass com/sun/javafx/scene/control/inputmap/KeyBinding$OptionalBoolean
instanceKlass javafx/animation/Animation$Status
instanceKlass javafx/scene/text/FontSmoothingType
instanceKlass com/sun/javafx/effect/EffectDirtyBits
instanceKlass javafx/scene/AccessibleAction
instanceKlass com/sun/prism/paint/Paint$Type
instanceKlass com/sun/scenario/effect/Blend$Mode
instanceKlass com/sun/javafx/sg/prism/NGNode$DirtyFlag
instanceKlass com/sun/javafx/tk/quantum/SwipeGestureRecognizer$SwipeRecognitionState
instanceKlass com/sun/glass/ui/GestureSupport$GestureState$StateId
instanceKlass com/sun/javafx/tk/FocusCause
instanceKlass javafx/scene/input/KeyCombination$ModifierValue
instanceKlass java/lang/System$Logger$Level
instanceKlass com/sun/javafx/logging/PlatformLogger$Level
instanceKlass javafx/geometry/Side
instanceKlass javafx/scene/control/ContentDisplay
instanceKlass javafx/scene/effect/BlendMode
instanceKlass javafx/scene/text/FontWeight
instanceKlass javafx/scene/text/FontPosture
instanceKlass jdk/internal/logger/BootstrapLogger$LoggingBackend
instanceKlass javafx/scene/input/MouseButton
instanceKlass javafx/scene/Scene$DirtyBits
instanceKlass com/sun/javafx/cursor/CursorType
instanceKlass java/nio/file/AccessMode
instanceKlass javafx/scene/layout/BackgroundRepeat
instanceKlass javafx/scene/effect/BlurType
instanceKlass javafx/scene/paint/CycleMethod
instanceKlass javafx/css/SizeUnits
instanceKlass com/sun/javafx/css/Combinator
instanceKlass javafx/scene/control/OverrunStyle
instanceKlass com/sun/javafx/sg/prism/NGShape$Mode
instanceKlass javafx/scene/text/TextAlignment
instanceKlass javafx/scene/text/TextBoundsType
instanceKlass javafx/scene/shape/StrokeLineCap
instanceKlass javafx/scene/shape/StrokeLineJoin
instanceKlass javafx/scene/shape/StrokeType
instanceKlass javafx/scene/input/KeyCode
instanceKlass com/sun/javafx/application/PlatformImpl$HighContrastScheme
instanceKlass javafx/application/ConditionalFeature
instanceKlass javafx/geometry/HPos
instanceKlass javafx/geometry/VPos
instanceKlass javafx/geometry/Pos
instanceKlass javafx/geometry/Orientation
instanceKlass javafx/scene/AccessibleAttribute$ToggleState
instanceKlass javafx/scene/AccessibleAttribute
instanceKlass com/sun/javafx/scene/LayoutFlags
instanceKlass javafx/css/StyleOrigin
instanceKlass javafx/geometry/NodeOrientation
instanceKlass javafx/scene/AccessibleRole
instanceKlass com/sun/javafx/scene/CssFlags
instanceKlass com/sun/javafx/scene/DirtyBits
instanceKlass javafx/scene/DepthTest
instanceKlass javafx/scene/CacheHint
instanceKlass com/sun/prism/PixelFormat$DataType
instanceKlass com/sun/prism/PixelFormat
instanceKlass javafx/scene/image/PixelFormat$Type
instanceKlass com/sun/javafx/iio/ImageStorage$ImageType
instanceKlass javafx/stage/Modality
instanceKlass javafx/stage/StageStyle
instanceKlass com/sun/prism/impl/ps/BaseShaderContext$SpecialShaderType
instanceKlass com/sun/prism/impl/ps/BaseShaderContext$MaskType
instanceKlass com/sun/prism/GraphicsPipeline$ShaderType
instanceKlass com/sun/prism/GraphicsPipeline$ShaderModel
instanceKlass com/sun/prism/impl/PrismSettings$RasterizerType
instanceKlass sun/security/util/KnownOIDs
instanceKlass java/lang/StackStreamFactory$WalkerState
instanceKlass java/lang/StackWalker$ExtendedOption
instanceKlass java/lang/StackWalker$Option
instanceKlass java/util/regex/Pattern$Qtype
instanceKlass java/util/zip/ZipCoder$Comparison
instanceKlass java/util/concurrent/TimeUnit
instanceKlass java/nio/file/LinkOption
instanceKlass java/util/stream/Collector$Characteristics
instanceKlass java/util/stream/StreamShape
instanceKlass java/lang/invoke/MethodHandles$Lookup$ClassOption
instanceKlass java/lang/invoke/VarHandle$AccessType
instanceKlass java/lang/invoke/VarHandle$AccessMode
instanceKlass java/lang/invoke/MethodHandleImpl$Intrinsic
instanceKlass java/lang/invoke/LambdaForm$BasicType
instanceKlass java/lang/invoke/LambdaForm$Kind
instanceKlass sun/invoke/util/Wrapper
instanceKlass java/util/stream/StreamOpFlag$Type
instanceKlass java/util/stream/StreamOpFlag
instanceKlass java/io/File$PathStatus
instanceKlass java/lang/module/ModuleDescriptor$Requires$Modifier
instanceKlass java/lang/reflect/AccessFlag$Location
instanceKlass java/lang/reflect/AccessFlag
instanceKlass java/lang/module/ModuleDescriptor$Modifier
instanceKlass sun/nio/fs/WindowsPathType
instanceKlass java/nio/file/StandardOpenOption
instanceKlass java/lang/reflect/ClassFileFormatVersion
instanceKlass java/lang/Thread$State
ciInstanceKlass java/lang/Enum 1 1 204 9 7 12 1 1 1 9 12 1 1 10 7 12 1 1 1 9 12 1 10 7 12 1 1 1 100 1 10 10 12 1 1 10 12 1 7 1 10 10 7 12 1 1 10 12 1 1 18 12 1 1 10 100 12 1 1 1 10 12 1 1 11 7 12 1 1 1 100 1 8 1 10 12 1 100 1 7 1 10 8 1 10 12 1 1 10 12 1 1 8 1 10 12 1 10 100 1 8 1 10 10 12 1 1 10 100 12 1 1 1 7 1 7 1 7 1 1 1 1 1 1 1 1 1 1 1 1 1 1 1 1 1 1 1 1 1 1 1 1 1 1 1 1 1 1 1 1 1 1 1 1 1 1 1 1 1 1 1 1 1 1 1 3 1 1 1 1 100 1 7 1 1 100 1 1 1 1 1 1 1 1 1 1 1 16 15 10 12 16 15 10 100 12 1 1 1 1 1 100 1 100 1 1
instanceKlass java/lang/ref/ReferenceQueue$Null
instanceKlass java/lang/ref/NativeReferenceQueue
ciInstanceKlass java/lang/ref/ReferenceQueue 1 1 183 9 7 12 1 1 1 11 7 12 1 1 1 11 12 1 9 7 12 1 1 1 11 12 1 10 7 12 1 1 9 12 1 1 7 1 10 9 12 1 1 10 12 1 1 9 7 12 1 1 1 9 12 1 9 12 1 9 12 1 1 100 1 10 9 12 1 1 9 12 1 7 1 10 100 12 1 1 1 10 12 1 10 12 1 1 10 7 12 1 1 1 10 12 1 5 0 10 10 12 10 12 1 1 10 12 1 10 12 1 1 100 1 8 1 10 12 1 10 12 1 10 12 1 1 10 12 11 100 12 1 1 1 10 7 12 1 1 7 1 10 1 1 1 1 1 1 1 1 1 1 100 1 1 1 1 1 1 1 1 1 1 1 1 1 1 1 7 1 1 1 1 1 1 1 1 1 1 1 1 1 1 1
staticfield java/lang/ref/ReferenceQueue NULL Ljava/lang/ref/ReferenceQueue; java/lang/ref/ReferenceQueue$Null
staticfield java/lang/ref/ReferenceQueue ENQUEUED Ljava/lang/ref/ReferenceQueue; java/lang/ref/ReferenceQueue$Null
staticfield java/lang/ref/ReferenceQueue $assertionsDisabled Z 1
ciInstanceKlass java/lang/reflect/Method 1 1 472 9 7 12 1 1 1 10 100 12 1 1 1 10 100 12 1 1 9 12 1 1 10 12 1 1 10 12 1 1 10 100 12 1 1 10 7 12 1 1 1 9 12 1 1 9 12 1 9 12 1 1 9 12 1 9 12 1 9 12 1 1 9 12 1 9 12 1 1 9 12 1 9 12 1 9 12 1 1 100 1 8 1 10 12 1 10 12 1 9 12 1 1 8 1 10 7 12 1 1 10 7 12 1 1 1 10 12 1 1 10 12 1 1 10 12 1 10 12 1 1 10 12 1 1 9 100 12 1 1 1 10 12 1 1 10 12 10 7 12 1 1 10 12 1 1 10 12 1 10 12 1 10 12 1 10 7 12 1 1 1 10 12 1 1 10 7 1 10 7 12 1 1 1 10 7 12 1 1 10 12 1 1 10 12 1 1 10 12 1 10 7 12 1 1 1 10 12 1 10 8 1 10 12 1 10 12 1 100 1 8 1 8 1 8 1 10 12 1 10 12 1 1 10 12 1 1 10 10 12 1 1 10 12 1 11 7 1 10 12 1 9 12 1 1 10 12 1 1 10 12 1 10 12 1 1 10 12 1 1 11 7 12 1 1 1 11 12 1 9 12 1 1 10 12 1 10 12 1 10 12 1 10 12 1 10 12 1 10 12 1 9 12 1 1 10 7 12 1 1 1 10 7 12 1 1 10 12 1 1 10 100 12 1 1 1 10 100 12 1 1 1 10 100 12 1 1 1 11 100 12 1 1 1 10 100 12 1 1 1 100 1 100 1 100 1 10 12 1 10 12 1 1 10 12 1 100 1 8 1 10 12 1 10 10 12 1 1 10 12 1 1 10 12 1 1 10 12 1 1 8 1 10 12 1 1 1 1 1 1 1 1 1 1 1 1 1 1 1 1 1 1 1 1 1 1 1 1 1 1 1 1 1 1 1 1 1 1 1 1 1 1 1 1 1 1 1 1 1 1 1 1 1 1 1 1 1 100 1 100 1 100 1 1 1 1 1 1 1 1 1 1 1 1 1 1 1 1 1 1 1 1 1 1 1 1 1 1 1 1 1 1
ciInstanceKlass java/lang/reflect/Field 1 1 457 9 7 12 1 1 1 10 12 1 1 10 100 12 1 1 1 10 100 12 1 1 9 12 1 1 10 12 1 1 10 12 1 1 10 100 12 1 1 10 7 12 1 1 1 9 12 1 1 9 12 1 9 12 1 9 12 1 1 9 12 1 1 9 12 1 9 12 1 1 9 12 1 1 100 1 8 1 10 12 1 10 12 1 9 12 1 1 9 12 1 10 12 1 10 7 12 1 1 10 12 1 1 10 12 1 1 10 12 1 10 12 1 1 9 100 12 1 1 1 10 100 12 1 1 1 7 1 10 12 1 1 10 12 1 1 10 12 1 1 10 12 1 10 12 1 10 7 1 10 7 12 1 1 7 1 10 8 1 10 12 1 1 10 12 1 1 8 1 10 12 10 12 1 8 1 8 1 10 11 7 1 9 12 1 10 12 1 1 10 12 1 1 11 7 12 1 1 1 10 12 1 11 12 1 1 11 12 1 1 11 12 1 1 11 12 1 1 11 12 1 1 11 12 1 1 11 12 1 1 11 12 1 1 11 12 1 1 11 12 1 1 11 12 1 1 11 12 1 1 11 12 1 1 11 12 1 1 11 12 1 1 11 12 1 1 11 12 1 1 10 12 1 10 7 12 1 1 10 12 1 10 12 1 10 12 1 9 12 1 1 10 7 12 1 1 1 10 12 1 1 10 12 1 10 100 12 1 1 10 12 1 1 11 7 1 10 12 1 7 1 10 100 12 1 1 1 10 100 12 1 1 1 9 12 1 10 100 12 1 1 1 11 100 12 1 1 1 10 12 1 1 10 12 1 1 9 100 12 1 1 10 100 12 1 1 1 10 12 1 1 7 1 1 1 1 1 1 1 1 1 1 1 1 1 1 1 1 1 1 1 1 1 1 1 1 1 1 1 1 1 1 1 1 1 1 1 1 1 1 1 100 1 1 1 1 1 1 1 1 1 1 1 1 1 1 1 1 1 1 1 1 1 1 1 1 1 1 1 1 1 1 1 1 7 1 1 1 1 1 1 1 1 1 100 1 1
ciInstanceKlass java/lang/reflect/Parameter 0 0 243 10 7 12 1 1 1 9 7 12 1 1 1 9 12 1 1 9 12 1 1 9 12 1 10 12 1 1 10 12 1 1 10 7 12 1 1 1 7 1 10 10 12 1 1 11 7 12 1 1 1 10 12 1 10 100 12 1 1 1 10 12 1 1 10 12 1 10 12 1 8 1 8 1 10 7 12 1 1 1 10 12 1 10 12 9 100 12 1 1 1 10 100 12 1 1 1 10 12 1 8 1 10 12 1 9 12 1 1 10 12 1 1 9 12 1 1 10 12 1 1 10 12 1 1 10 12 1 1 10 12 1 10 10 12 1 10 100 12 1 1 1 10 12 1 1 11 7 12 1 1 10 7 12 1 1 7 1 10 100 12 1 1 1 10 12 1 1 10 12 1 1 10 12 1 1 10 12 1 1 9 12 1 100 1 10 11 12 1 1 11 12 1 1 7 1 1 1 1 1 1 1 1 1 1 1 1 1 1 1 1 1 1 1 1 1 1 1 1 1 1 1 1 1 1 1 1 1 1 1 1 1 1 1 1 1 100 1 1 1 1 1 1
ciInstanceKlass java/lang/reflect/RecordComponent 0 0 196 10 7 12 1 1 1 9 7 12 1 1 1 9 12 1 1 9 12 1 10 12 1 1 10 12 1 1 10 100 12 1 1 1 10 12 1 1 9 12 1 1 10 12 1 1 10 12 1 1 10 12 1 10 100 12 1 1 10 100 12 1 1 9 12 1 1 10 100 12 1 1 1 11 100 12 1 1 1 10 9 100 12 1 1 1 10 100 12 1 1 1 9 12 1 1 10 100 12 1 1 1 10 12 1 1 11 7 12 1 1 10 7 12 1 1 7 1 9 12 1 9 12 1 1 9 12 1 10 100 12 1 1 1 10 12 1 1 10 12 1 1 7 1 10 10 12 1 10 12 1 1 8 1 10 12 1 10 12 1 9 12 1 7 1 1 1 1 1 1 1 1 1 1 1 1 1 1 1 1 1 1 1 1 1 1 7 1 1 1 1 1 1 100 1 1
ciInstanceKlass java/lang/StringBuffer 1 1 483 10 7 12 1 1 1 10 12 1 10 12 1 10 12 1 1 9 7 12 1 1 1 10 12 1 1 10 12 1 10 12 1 1 9 12 1 1 10 12 1 10 12 1 1 10 12 1 1 10 12 1 10 12 1 1 10 12 1 10 12 1 1 10 12 1 1 10 7 12 1 1 1 10 12 1 1 10 12 1 10 12 1 10 12 1 10 12 1 10 12 1 10 12 1 10 12 1 10 12 1 10 12 1 10 12 1 10 12 1 10 12 1 10 12 1 10 12 1 1 10 12 1 10 12 1 1 10 12 1 1 10 10 12 1 1 10 12 1 10 12 1 10 12 1 10 12 1 10 12 1 10 12 1 10 12 10 12 1 10 12 1 10 12 1 10 12 1 1 10 12 1 10 12 1 10 10 12 1 1 10 12 1 10 12 1 10 12 1 10 10 100 12 1 1 1 10 10 12 1 1 9 12 1 1 10 100 12 1 1 10 100 1 8 10 100 12 1 1 1 8 10 12 1 8 1 10 12 1 10 12 1 10 100 12 1 1 1 10 100 12 1 1 1 7 1 10 12 100 1 8 1 10 10 12 1 1 10 12 1 1 10 12 1 10 12 1 10 12 1 1 10 12 1 10 12 1 10 12 1 10 12 1 10 12 1 10 12 10 12 1 10 12 1 10 12 1 10 12 1 10 12 1 10 12 1 10 12 1 10 12 1 10 12 1 10 12 1 10 12 10 12 10 12 1 10 12 1 10 12 1 10 12 10 12 1 10 12 1 10 12 1 10 12 1 10 12 1 10 12 1 10 12 1 10 12 1 10 12 1 10 12 1 10 12 1 7 1 10 12 1 9 7 12 1 1 1 9 7 1 9 12 1 1 7 1 7 1 7 1 7 1 1 1 1 5 0 1 1 1 1 1 1 1 1 1 1 1 1 1 1 1 1 1 1 1 1 1 1 1 1 1 1 1 1 1 1 1 1 1 1 1 1 1 1 1 1 1 1 1 1 1 1 1 1 1 1 1 1 1 1 1 1 1 1 1 1 1 100 1 1 1 1 1 7 1 1 1 1 1 1 1 1 1 1 1 1 1 1 1 1 1 1
staticfield java/lang/StringBuffer serialPersistentFields [Ljava/io/ObjectStreamField; 3 [Ljava/io/ObjectStreamField;
instanceKlass com/sun/javafx/reflect/MethodUtil
instanceKlass jdk/internal/loader/BuiltinClassLoader
instanceKlass java/net/URLClassLoader
ciInstanceKlass java/security/SecureClassLoader 1 1 102 10 7 12 1 1 1 7 1 10 12 1 9 7 12 1 1 1 10 12 1 10 12 1 10 12 1 1 10 12 1 1 10 12 1 7 1 10 7 1 10 12 1 7 1 10 12 1 11 7 12 1 1 1 7 1 11 12 1 10 12 1 1 1 1 1 1 1 1 1 1 1 1 1 1 1 1 1 1 1 1 1 1 1 1 1 1 1 1 1 1 1 1 1 1 1 1 100 1 1 1 1
ciInstanceKlass java/net/URLClassLoader 0 0 600 10 7 12 1 1 1 100 1 10 12 1 9 7 12 1 1 1 10 7 12 1 1 1 9 12 1 1 100 1 10 12 1 9 12 1 1 10 12 1 10 10 12 1 10 100 12 1 1 1 10 12 1 1 10 7 12 1 1 1 10 100 12 1 1 1 100 1 10 12 1 1 10 12 1 1 10 12 1 1 100 1 100 1 10 7 12 1 1 1 100 1 8 1 10 12 1 10 7 12 1 1 1 10 12 1 1 10 12 1 1 11 100 12 1 1 1 11 7 12 1 1 1 11 12 1 1 7 1 11 12 1 11 7 12 1 1 10 12 1 11 12 1 11 12 1 1 11 10 12 1 1 10 12 1 1 10 12 1 1 100 1 10 12 1 10 12 1 1 7 1 100 1 10 12 1 1 7 1 10 10 12 1 1 10 100 12 1 1 10 12 1 100 1 7 1 10 8 1 10 12 1 1 8 1 10 12 1 1 10 10 12 1 8 1 8 1 10 12 1 1 10 7 12 1 1 1 10 100 12 1 1 1 10 12 1 1 10 12 1 1 10 12 1 1 10 12 1 10 12 1 100 1 100 1 8 1 10 12 1 10 12 1 1 10 12 1 1 7 1 10 12 1 10 100 12 1 1 1 10 12 1 1 10 12 1 1 10 12 1 1 10 12 1 10 100 12 1 1 1 10 12 1 1 8 1 10 12 1 1 11 100 12 1 1 1 9 100 12 1 1 1 10 100 12 1 1 1 9 12 1 9 12 1 9 12 1 9 12 1 9 12 1 9 12 1 10 7 12 1 1 1 8 1 10 12 1 1 100 1 10 10 12 1 10 12 1 1 10 12 1 1 100 1 10 12 1 10 12 1 1 10 12 1 10 12 1 1 100 1 10 100 12 1 1 9 100 12 1 1 1 10 12 1 8 1 100 1 8 1 10 12 1 10 12 1 8 1 10 12 1 10 12 1 9 12 1 1 10 100 12 1 1 10 12 1 10 12 1 10 100 1 8 1 10 100 1 10 12 1 10 100 12 1 100 1 10 12 1 10 12 1 100 1 10 10 7 12 1 1 1 1 1 1 1 1 1 1 1 1 1 1 1 1 1 1 1 1 1 1 1 1 1 1 1 1 1 1 1 1 1 1 1 1 1 7 1 100 1 7 1 7 1 1 1 1 1 1 1 1 1 1 1 1 1 1 1 1 1 1 1 1 1 1 1 1 1 1 1 1 1 1 1 1 1 1 1 1 1 1 1 1 1 1 1 1 1 1 100 1 1 1 1 1 1 1 1 1 1 1 1 1 1 1 1 1 1 1 1 1 1 1 1 1 1 1 1 1 1 1 1 1 1 1 1 1 100 1 1 1
ciInstanceKlass java/util/jar/Manifest 1 1 339 10 7 12 1 1 1 7 1 10 9 7 12 1 1 1 7 1 10 9 12 1 1 9 12 1 1 10 12 1 10 12 1 1 10 12 1 1 10 12 1 1 10 12 1 1 11 7 1 11 12 1 1 10 12 1 1 10 100 12 1 1 1 100 1 7 1 10 8 1 10 12 1 1 10 12 1 1 10 12 1 10 12 1 11 100 1 10 12 1 10 12 1 1 11 12 1 1 10 12 1 11 12 1 1 11 100 12 1 1 1 11 7 12 1 1 11 12 1 1 100 1 10 12 1 8 1 11 12 1 7 1 10 12 1 1 11 12 1 10 12 1 10 12 1 10 7 12 1 1 1 8 1 10 12 1 1 10 9 100 12 1 1 1 10 12 1 1 10 100 12 1 10 12 1 10 12 1 9 100 12 1 1 1 8 1 10 12 1 8 1 8 1 7 1 10 12 1 10 12 1 10 12 1 1 100 1 8 1 10 12 1 1 8 1 10 10 12 1 1 8 1 10 12 1 1 10 7 12 1 1 1 10 12 1 10 11 12 1 1 10 12 1 10 100 12 1 1 1 10 12 1 1 10 12 1 10 12 1 1 11 10 12 1 11 10 12 1 7 1 1 1 1 1 1 1 1 1 1 1 1 1 1 1 1 1 1 1 1 1 1 1 1 1 1 1 1 1 1 1 1 1 1 1 1 1 1 1 1 1 1 1 100 1 1 1 1 1 1 1 1 1 1 1 1 1 1 7 1 1 1 1 1 1 1 1 1 1 1
ciInstanceKlass java/io/ByteArrayInputStream 1 1 117 10 7 12 1 1 1 9 7 12 1 1 1 9 12 1 1 9 12 1 9 12 1 10 100 12 1 1 1 10 7 12 1 1 1 10 7 12 1 1 1 10 100 12 1 1 1 10 12 1 1 3 10 100 1 10 100 12 1 1 1 9 12 1 1 100 1 10 10 7 12 1 1 1 1 1 1 1 1 1 1 1 1 1 1 1 1 1 1 1 1 1 1 1 1 1 1 1 1 1 1 1 100 1 1 1 1 1 1 1 1 1 1 1 1 1 1
staticfield java/io/ByteArrayInputStream $assertionsDisabled Z 1
instanceKlass java/nio/DoubleBuffer
instanceKlass java/nio/ShortBuffer
instanceKlass java/nio/CharBuffer
instanceKlass java/nio/FloatBuffer
instanceKlass java/nio/IntBuffer
instanceKlass java/nio/LongBuffer
instanceKlass java/nio/ByteBuffer
ciInstanceKlass java/nio/Buffer 1 1 256 100 1 10 7 12 1 1 1 9 7 12 1 1 1 9 12 1 9 12 1 1 9 12 1 9 12 1 1 10 12 1 1 10 12 1 1 10 12 100 1 7 1 10 8 1 10 12 1 1 10 12 1 8 1 8 1 10 12 1 1 10 12 1 8 1 9 12 1 1 100 1 8 1 10 12 1 8 1 8 1 9 12 10 12 1 8 1 8 1 8 1 10 12 1 8 1 8 1 8 1 100 1 10 100 1 10 100 1 10 9 12 1 1 10 7 12 1 1 1 100 1 10 12 1 1 10 12 1 10 100 12 1 1 10 7 12 1 1 1 10 7 12 1 1 1 9 12 1 1 10 7 12 1 1 1 9 12 1 1 7 1 10 10 12 1 1 7 1 10 10 7 12 1 1 1 1 1 3 1 1 1 1 1 1 1 1 1 1 1 1 1 1 100 1 1 1 1 1 1 1 7 1 1 1 1 1 1 1 1 1 1 1 1 1 1 1 1 1 1 1 1 1 1 1 1 1 1 1 1 1 1 1 1 1 1 1 1 1 1 1 100 1 100 1 100 1 100 1 100 1 100 1 100 1 1
staticfield java/nio/Buffer UNSAFE Ljdk/internal/misc/Unsafe; jdk/internal/misc/Unsafe
staticfield java/nio/Buffer SCOPED_MEMORY_ACCESS Ljdk/internal/misc/ScopedMemoryAccess; jdk/internal/misc/ScopedMemoryAccess
staticfield java/nio/Buffer IOOBE_FORMATTER Ljava/util/function/BiFunction; jdk/internal/util/Preconditions$4
staticfield java/nio/Buffer $assertionsDisabled Z 1
ciInstanceKlass java/util/Objects 1 1 184 10 7 12 1 1 1 100 1 8 1 10 12 1 10 12 1 1 10 7 12 1 1 1 10 12 1 1 10 12 1 10 7 12 1 1 1 10 12 1 1 10 7 12 1 1 1 7 1 10 10 12 1 1 10 7 12 1 1 10 12 1 1 8 1 10 7 12 1 1 1 10 7 12 1 1 1 10 11 100 12 1 1 1 100 1 10 10 12 1 8 1 10 12 1 8 1 100 1 11 12 1 1 8 1 10 7 12 1 1 1 10 12 1 1 10 12 1 10 12 1 10 12 1 10 12 1 1 1 1 1 1 1 1 1 1 1 1 1 1 1 1 1 1 1 1 1 1 1 1 1 1 1 1 1 1 1 1 1 1 1 1 1 1 1 1 1 1 1 1 1 1 1 1 1 1 1 1 1 1 1 1 1 1
ciInstanceKlass jdk/internal/util/Preconditions 1 1 194 10 7 12 1 1 1 11 7 12 1 1 1 11 100 12 1 1 1 7 1 100 1 10 7 12 1 1 1 10 12 1 8 1 7 1 10 7 12 1 1 1 10 12 1 1 8 1 8 1 10 7 12 1 1 7 1 10 12 1 8 1 10 7 12 1 1 1 8 1 10 12 1 1 10 12 1 1 11 12 1 8 1 8 1 11 12 1 1 8 1 8 1 8 1 10 12 1 1 10 12 1 1 10 12 1 10 12 1 10 12 1 10 12 7 1 10 10 12 1 1 9 12 1 1 7 1 10 9 12 1 7 1 10 9 12 1 1 1 1 1 1 1 1 1 1 1 1 1 1 1 1 1 1 1 1 1 1 1 1 1 1 1 1 1 1 1 1 1 1 1 1 1 1 1 1 1 1 1 1 1 1 1 1 1 1 1 1 1 1 1 1 1 1
staticfield jdk/internal/util/Preconditions SIOOBE_FORMATTER Ljava/util/function/BiFunction; jdk/internal/util/Preconditions$4
staticfield jdk/internal/util/Preconditions AIOOBE_FORMATTER Ljava/util/function/BiFunction; jdk/internal/util/Preconditions$4
staticfield jdk/internal/util/Preconditions IOOBE_FORMATTER Ljava/util/function/BiFunction; jdk/internal/util/Preconditions$4
ciMethod java/util/Objects checkIndex (II)I 536 0 47381 0 -1
ciMethod java/util/Objects requireNonNull (Ljava/lang/Object;)Ljava/lang/Object; 804 0 118801 0 -1
instanceKlass com/sun/javafx/collections/MappingChange$1
instanceKlass javafx/scene/control/skin/VirtualFlow$ArrayLinkedList
instanceKlass javafx/scene/control/TextArea$ParagraphList
instanceKlass com/sun/javafx/UnmodifiableArrayList
instanceKlass java/util/Vector
instanceKlass java/util/AbstractList$SubList
instanceKlass java/util/Collections$SingletonList
instanceKlass javafx/collections/ObservableListBase
instanceKlass javafx/collections/FXCollections$EmptyObservableList
instanceKlass java/util/Arrays$ArrayList
instanceKlass sun/security/jca/ProviderList$3
instanceKlass java/util/AbstractSequentialList
instanceKlass java/util/ArrayList$SubList
instanceKlass java/util/Collections$EmptyList
instanceKlass java/util/ArrayList
ciInstanceKlass java/util/AbstractList 1 1 218 10 7 12 1 1 1 9 7 12 1 1 1 10 12 1 1 10 12 1 1 100 1 10 10 12 1 1 11 7 12 1 1 1 11 12 1 1 11 12 1 10 7 12 1 1 1 10 12 1 11 12 1 11 12 1 11 12 1 10 12 1 1 10 12 1 1 11 7 12 1 1 1 11 7 1 11 7 1 10 12 1 7 1 10 12 1 10 12 1 1 7 1 7 1 10 12 1 7 1 10 100 1 7 1 10 8 1 10 12 1 1 10 12 1 10 12 1 1 10 12 1 8 1 100 1 8 1 8 1 8 1 10 7 1 11 10 10 12 1 11 12 1 10 12 1 1 8 1 8 1 1 1 1 1 1 1 1 1 1 1 1 1 1 1 1 1 1 1 1 1 1 1 1 1 1 1 1 1 1 1 1 1 1 1 1 1 1 1 1 1 1 1 1 1 1 1 1 1 1 1 1 1 1 1 1 1 1 100 1 100 1 1 1 1 1 1 1
ciInstanceKlass java/lang/Iterable 1 1 62 10 7 12 1 1 1 11 7 12 1 1 1 11 7 12 1 1 1 11 12 1 1 11 7 12 1 1 1 10 100 12 1 1 1 100 1 1 1 1 1 1 1 1 1 1 1 1 1 1 1 1 1 1 1 1 1 1 1 1 1 1
ciInstanceKlass java/util/Collection 1 1 115 11 100 12 1 1 1 100 1 11 7 12 1 1 1 10 7 12 1 1 1 11 12 1 1 11 7 12 1 1 1 11 12 1 1 11 7 12 1 1 1 11 12 1 1 10 100 12 1 1 1 11 12 1 10 7 12 1 1 1 100 1 100 1 1 1 1 1 1 1 1 1 1 1 1 1 1 1 1 1 1 1 1 1 1 1 1 1 1 1 1 1 1 1 1 1 1 1 1 1 1 1 1 1 1 1 1 1 1 1 1 1 1 1 1
ciMethod java/util/Collection toArray ()[Ljava/lang/Object; 0 0 1 0 -1
ciMethod java/util/Collection iterator ()Ljava/util/Iterator; 0 0 1 0 -1
ciInstanceKlass java/util/SequencedCollection 1 1 109 100 1 10 12 1 1 11 7 12 1 1 1 11 7 12 1 1 1 11 12 1 1 11 12 1 7 1 7 1 1 1 1 1 1 1 1 1 1 1 1 1 1 1 1 1 1 1 1 1 1 1 1 1 1 1 1 1 100 1 8 1 1 12 10 1 1 1 8 1 1 1 8 1 1 1 8 1 1 1 8 1 1 8 1 1 1 8 1 1 8 1 1 1 8 1 1 8 1 1 1 8 1 1 8 1 1 8 1
ciInstanceKlass java/util/List 1 1 251 10 100 12 1 1 1 11 100 12 1 1 1 11 100 12 1 1 1 11 12 1 1 11 100 12 1 1 11 12 1 1 11 12 1 1 10 100 12 1 1 1 7 1 7 1 10 12 1 1 100 1 10 7 12 1 1 1 11 12 1 1 11 12 1 11 12 1 100 1 10 12 1 11 12 1 1 11 12 1 1 11 12 1 10 100 12 1 1 1 9 7 12 1 1 1 7 1 10 12 10 12 1 7 1 10 12 1 1 10 12 1 10 12 1 1 11 12 1 1 100 1 1 1 1 1 1 1 1 1 1 1 1 1 1 1 1 1 1 1 1 1 1 1 1 1 1 1 1 1 1 1 1 1 1 1 1 1 1 1 1 1 1 1 1 100 1 100 1 1 1 1 1 1 1 1 1 1 1 1 1 1 1 1 1 1 1 1 1 1 1 1 1 1 1 1 1 1 1 1 1 1 1 1 1 1 1 1 1 1 1 1 1 1 1 1 1 1 1 1 1 1 1 1 1 1 1 1 1 1 1 1 1 1 1 1 1 1 1 1 1 1 1 1 100 1 1 100 1 1 1
ciMethod java/util/List remove (I)Ljava/lang/Object; 0 0 1 0 -1
ciMethod java/util/List size ()I 0 0 1 0 -1
ciMethod java/util/List get (I)Ljava/lang/Object; 0 0 1 0 -1
ciMethod java/util/List clear ()V 0 0 1 0 -1
ciMethod java/util/List isEmpty ()Z 0 0 1 0 -1
ciMethod java/util/List add (Ljava/lang/Object;)Z 0 0 1 0 -1
ciMethod java/util/List contains (Ljava/lang/Object;)Z 0 0 1 0 -1
ciMethod java/util/List addAll (Ljava/util/Collection;)Z 0 0 1 0 -1
instanceKlass java/util/LinkedHashMap$LinkedValues
instanceKlass java/util/EnumMap$Values
instanceKlass java/util/IdentityHashMap$Values
instanceKlass java/util/WeakHashMap$Values
instanceKlass java/util/AbstractQueue
instanceKlass java/util/HashMap$Values
instanceKlass java/util/ArrayDeque
instanceKlass java/util/AbstractSet
instanceKlass java/util/ImmutableCollections$AbstractImmutableCollection
instanceKlass java/util/AbstractList
ciInstanceKlass java/util/AbstractCollection 1 1 160 10 7 12 1 1 1 10 7 12 1 1 1 10 12 1 1 11 7 12 1 1 1 11 12 1 1 10 12 1 1 10 100 12 1 1 1 10 12 1 1 10 12 1 1 10 7 12 1 1 10 7 12 1 1 1 7 1 10 7 12 1 1 1 10 100 12 1 1 1 100 1 10 11 12 1 11 7 1 10 12 1 10 12 1 10 100 12 1 1 1 11 8 1 7 1 10 10 12 1 1 8 1 10 12 1 10 12 1 1 1 1 1 1 1 1 1 1 1 1 1 1 1 1 1 1 1 1 1 1 1 1 1 1 1 1 1 1 1 1 1 1 1 1 1 1 1 1 1 1 1 1 1 1 1 1 1 1 1 1
ciMethod java/util/AbstractCollection size ()I 0 0 1 0 -1
ciMethod java/util/AbstractCollection isEmpty ()Z 1024 0 8294 0 120
ciMethod java/util/AbstractCollection <init> ()V 548 0 159432 0 0
ciMethod java/util/AbstractList <init> ()V 568 0 76632 0 88
ciInstanceKlass java/lang/AssertionStatusDirectives 0 0 24 10 100 12 1 1 1 100 1 1 1 1 1 1 1 1 1 1 1 1 1 1 1 1
instanceKlass java/util/MissingResourceException
instanceKlass java/time/DateTimeException
instanceKlass org/h2/mvstore/MVStoreException
instanceKlass java/util/concurrent/RejectedExecutionException
instanceKlass org/h2/message/DbException
instanceKlass com/sun/javafx/geom/IllegalPathStateException
instanceKlass java/util/ConcurrentModificationException
instanceKlass com/lowagie/text/DocumentException
instanceKlass java/util/NoSuchElementException
instanceKlass java/lang/IndexOutOfBoundsException
instanceKlass com/sun/javafx/geom/transform/SingularMatrixException
instanceKlass java/lang/UnsupportedOperationException
instanceKlass java/lang/SecurityException
instanceKlass java/lang/IllegalStateException
instanceKlass java/lang/IllegalArgumentException
instanceKlass java/lang/ArithmeticException
instanceKlass java/lang/NullPointerException
instanceKlass java/lang/IllegalMonitorStateException
instanceKlass java/lang/ArrayStoreException
instanceKlass java/lang/ClassCastException
ciInstanceKlass java/lang/RuntimeException 1 1 40 10 7 12 1 1 1 10 12 1 10 12 1 10 12 1 10 12 1 100 1 1 1 1 5 0 1 1 1 1 1 1 1 1 1 1 1 1 1 1
instanceKlass jdk/net/UnixDomainPrincipal
instanceKlass java/nio/DirectByteBuffer$Deallocator
instanceKlass java/security/SecureClassLoader$CodeSourceKey
instanceKlass jdk/internal/module/ModuleReferenceImpl$CachedHash
instanceKlass java/util/stream/Collectors$CollectorImpl
instanceKlass jdk/internal/reflect/ReflectionFactory$Config
instanceKlass jdk/internal/foreign/abi/UpcallLinker$CallRegs
instanceKlass jdk/internal/foreign/abi/VMStorage
ciInstanceKlass java/lang/Record 1 1 22 10 7 12 1 1 1 100 1 1 1 1 1 1 1 1 1 1 1 1 1 1
ciInstanceKlass java/lang/invoke/MethodType 1 1 780 7 1 10 7 12 1 1 1 9 12 1 1 9 12 1 1 9 12 1 1 10 7 12 1 1 1 9 7 12 1 1 8 1 10 100 12 1 1 1 9 7 1 9 7 1 10 12 1 1 7 1 10 8 1 10 12 1 1 10 12 1 10 12 1 1 7 1 8 1 10 12 1 100 1 10 10 12 1 10 12 1 1 10 12 1 1 11 7 12 1 1 1 9 12 1 11 12 1 1 7 10 12 1 1 10 12 1 1 7 1 7 1 10 7 12 1 1 1 10 12 1 10 12 1 9 12 1 1 10 7 12 1 1 10 12 1 1 10 7 12 1 1 1 10 7 12 1 1 1 10 12 1 9 12 1 1 10 12 1 1 10 12 1 1 10 12 1 1 10 12 1 1 10 12 1 1 10 12 1 10 12 1 10 12 1 1 10 12 1 8 1 8 1 10 12 1 1 9 12 1 1 100 1 10 10 12 1 1 10 12 1 10 12 1 1 10 12 1 1 10 12 1 10 12 1 10 12 1 8 1 10 12 1 1 10 100 12 1 1 1 10 12 1 10 12 1 1 10 12 1 10 12 1 10 12 1 1 10 12 1 10 12 1 9 12 1 10 12 1 10 10 12 1 1 10 12 1 9 12 1 1 10 12 1 1 11 12 1 1 10 12 1 1 7 1 10 12 10 12 1 10 12 1 100 1 8 1 8 1 8 1 10 12 1 10 12 1 10 12 1 10 10 12 1 11 12 1 1 11 12 1 10 100 12 1 1 1 9 12 1 10 12 1 10 12 1 1 10 12 1 1 10 12 1 10 12 1 10 100 12 1 1 1 10 12 1 1 10 12 1 10 12 1 10 12 1 10 9 12 1 1 7 1 10 12 1 10 12 1 1 9 100 12 1 1 1 10 7 12 1 1 1 10 7 12 1 1 1 10 12 1 1 10 7 12 1 1 1 10 12 1 1 8 1 10 7 12 1 1 1 11 12 1 1 9 12 1 1 10 12 1 1 10 12 1 10 12 1 1 10 12 1 1 10 100 12 1 1 100 1 10 12 1 1 11 100 12 1 1 18 12 1 1 11 12 1 1 18 12 1 11 12 1 100 1 11 100 12 1 1 10 12 1 100 1 10 12 1 10 100 12 1 1 10 12 1 1 9 12 1 1 9 100 12 1 1 1 10 7 12 1 1 1 9 12 1 10 100 12 1 1 10 12 1 100 10 12 1 1 10 12 1 10 7 1 7 1 9 12 1 1 7 1 7 1 7 1 1 1 5 0 1 1 1 1 1 1 1 3 1 3 1 3 1 1 1 1 1 1 1 1 1 1 1 1 1 1 1 1 1 1 1 1 1 1 1 1 1 1 1 1 1 1 1 1 1 1 1 1 1 1 1 1 1 1 1 1 1 1 1 1 1 1 1 1 1 1 1 1 1 1 1 1 1 1 1 1 1 1 1 1 1 1 1 1 1 1 1 1 1 1 1 1 1 1 1 1 1 1 1 1 1 1 1 1 1 1 1 1 1 1 1 1 1 1 1 1 1 1 1 1 1 1 1 1 1 1 1 1 1 1 1 1 1 1 1 1 1 1 1 1 1 1 1 100 1 100 1 1 1 1 1 1 1 1 1 1 1 1 1 100 1 1 1 7 1 1 1 1 1 1 1 1 1 1 1 1 1 1 1 1 1 1 1 1 1 1 16 15 10 12 16 16 15 10 12 16 15 10 100 12 1 1 1 1 1 1 1 7 1 1 7 1 1 100 1 100 1 1
staticfield java/lang/invoke/MethodType internTable Ljava/lang/invoke/MethodType$ConcurrentWeakInternSet; java/lang/invoke/MethodType$ConcurrentWeakInternSet
staticfield java/lang/invoke/MethodType NO_PTYPES [Ljava/lang/Class; 0 [Ljava/lang/Class;
staticfield java/lang/invoke/MethodType objectOnlyTypes [Ljava/lang/invoke/MethodType; 20 [Ljava/lang/invoke/MethodType;
staticfield java/lang/invoke/MethodType METHOD_HANDLE_ARRAY [Ljava/lang/Class; 1 [Ljava/lang/Class;
staticfield java/lang/invoke/MethodType serialPersistentFields [Ljava/io/ObjectStreamField; 0 [Ljava/io/ObjectStreamField;
staticfield java/lang/invoke/MethodType $assertionsDisabled Z 1
ciInstanceKlass java/lang/invoke/TypeDescriptor$OfMethod 1 0 43 100 1 100 1 100 1 1 1 1 1 1 1 1 1 1 1 1 1 1 1 1 1 1 1 1 1 1 1 1 1 1 1 1 1 1 1 1 1 1 100 1 1
instanceKlass java/lang/InstantiationException
instanceKlass java/lang/reflect/InvocationTargetException
instanceKlass java/lang/IllegalAccessException
instanceKlass java/lang/NoSuchFieldException
instanceKlass java/lang/NoSuchMethodException
instanceKlass java/lang/ClassNotFoundException
ciInstanceKlass java/lang/ReflectiveOperationException 1 1 34 10 7 12 1 1 1 10 12 1 10 12 1 10 12 1 100 1 1 1 1 5 0 1 1 1 1 1 1 1 1 1 1 1
instanceKlass java/lang/invoke/DelegatingMethodHandle
instanceKlass java/lang/invoke/BoundMethodHandle
instanceKlass java/lang/invoke/DirectMethodHandle
ciInstanceKlass java/lang/invoke/MethodHandle 1 1 733 100 1 9 7 12 1 1 1 10 7 12 1 1 1 10 7 12 1 1 1 7 1 7 1 10 12 1 1 9 12 1 1 10 12 1 10 12 1 1 10 12 1 1 10 100 12 1 1 1 10 12 1 1 10 12 1 1 11 7 12 1 1 1 10 12 1 1 10 12 1 10 12 1 10 12 1 1 9 12 1 1 9 12 1 1 10 7 12 1 1 1 10 12 1 1 10 12 1 10 12 1 100 1 7 1 10 8 1 10 12 1 1 10 12 1 8 1 10 12 1 1 10 12 1 10 7 12 1 1 1 10 12 1 1 10 12 1 1 10 12 1 1 10 7 12 1 1 1 10 12 1 1 10 12 1 1 10 12 1 10 12 1 1 10 7 12 1 1 10 7 12 1 1 10 12 1 10 12 1 10 12 1 1 10 12 1 1 10 12 1 1 10 12 1 1 10 7 12 1 1 1 10 100 12 1 1 1 10 12 1 1 10 12 1 1 10 12 1 1 8 1 10 7 12 1 1 1 8 1 10 12 1 10 12 1 1 10 12 1 1 10 12 1 8 1 10 12 1 1 8 1 10 12 1 8 1 10 7 12 1 1 1 9 12 1 1 100 1 10 9 7 12 1 1 1 9 7 1 8 1 10 12 1 1 10 12 1 10 12 1 1 10 12 1 10 12 1 1 10 12 1 10 12 1 1 10 12 1 10 12 1 1 10 12 1 1 8 1 10 12 1 1 8 1 10 12 1 10 12 1 1 10 12 1 10 12 1 10 12 1 1 9 100 12 1 1 1 10 12 1 1 11 12 1 10 12 1 10 12 1 1 10 100 12 1 1 100 1 11 12 1 10 100 1 11 12 1 7 1 10 12 1 11 12 1 9 100 12 1 1 1 11 12 1 1 11 100 12 1 1 1 10 12 1 1 9 12 1 11 12 1 9 12 1 9 12 1 9 12 1 11 12 1 1 9 12 1 9 12 1 9 12 1 9 12 1 9 12 1 9 12 1 9 12 1 8 1 10 12 1 10 12 1 8 1 10 12 1 10 12 1 10 12 1 1 10 10 10 7 12 1 1 10 12 1 1 100 1 100 1 8 1 8 1 10 10 12 1 1 10 12 1 10 12 1 7 1 10 100 12 1 1 1 10 9 7 12 1 1 1 10 12 1 1 10 12 1 1 8 1 8 1 10 7 12 1 1 9 12 1 9 12 1 1 9 12 1 1 10 12 1 7 1 10 12 1 10 12 1 1 9 12 1 1 9 12 1 1 10 7 12 1 1 1 11 7 12 1 1 9 12 1 10 12 1 1 9 12 1 10 12 1 8 10 12 1 1 8 1 1 1 1 1 1 1 1 7 1 1 1 1 1 1 1 1 1 1 1 1 1 1 1 1 1 1 1 1 1 1 1 1 1 1 1 1 1 1 100 1 1 1 1 1 1 1 1 1 1 1 1 1 1 1 1 1 1 1 1 1 1 1 1 1 1 1 1 1 1 1 1 1 1 1 1 1 1 1 1 1 1 1 1 1 1 1 1 1 1 1 1 1 1 1 1 1 1 1 1 1 1 1 1 1 1 1 1 1 1 1 1 1 1 1 1 1 1 1 1 1 1 1 1 1 1 100 1 1 100 1 7 1 100 1 1 100 1 1 100 1 1 1 1
staticfield java/lang/invoke/MethodHandle FORM_OFFSET J 20
staticfield java/lang/invoke/MethodHandle UPDATE_OFFSET J 13
staticfield java/lang/invoke/MethodHandle $assertionsDisabled Z 1
instanceKlass org/h2/value/CaseInsensitiveConcurrentMap
ciInstanceKlass java/util/concurrent/ConcurrentHashMap 1 1 1210 7 1 7 1 3 10 12 1 1 3 7 1 10 7 12 1 1 1 7 1 10 7 12 1 1 1 100 1 11 12 1 1 11 12 1 11 12 1 1 9 12 1 1 9 12 1 1 9 12 1 10 7 12 1 1 1 7 1 10 12 1 1 10 12 1 1 10 7 12 1 1 1 4 10 12 1 9 12 1 10 12 1 1 100 1 10 5 0 10 12 1 10 12 1 1 5 0 10 12 1 1 10 12 1 9 12 1 1 10 12 1 1 9 12 1 9 12 1 1 10 12 1 1 9 12 1 10 12 1 1 9 12 1 1 10 12 1 1 100 1 10 7 1 10 12 1 10 12 1 1 10 12 1 1 10 12 1 1 10 12 1 10 12 1 1 10 12 1 1 100 1 10 12 1 1 7 1 100 1 8 1 10 12 1 10 12 1 1 10 12 1 1 11 7 12 1 1 10 12 1 1 11 12 1 1 11 7 12 1 1 1 11 7 12 1 1 1 11 12 1 7 1 11 12 1 11 12 1 10 12 1 1 10 12 1 1 9 12 1 1 10 100 12 1 1 1 9 10 12 1 1 9 12 1 10 12 1 1 5 0 9 12 1 1 7 1 10 12 1 9 12 1 1 7 1 10 12 1 9 12 1 7 1 10 7 1 10 10 12 1 1 8 1 10 12 1 10 12 1 1 11 100 1 10 12 1 10 100 12 1 1 1 8 1 10 100 12 1 1 1 8 1 10 12 1 8 1 10 12 1 10 12 1 1 10 100 12 1 1 10 12 1 10 12 1 10 12 1 9 12 1 9 10 12 1 9 12 1 1 11 100 12 1 1 1 11 7 12 1 1 1 100 1 10 12 11 100 12 1 1 10 11 7 12 1 10 12 1 100 1 10 12 1 100 1 10 10 9 7 12 1 1 1 10 12 3 10 7 12 1 1 9 12 1 10 12 1 1 9 12 1 1 9 12 1 10 12 1 1 10 100 12 1 1 9 12 1 9 7 12 1 1 10 12 1 1 10 12 1 3 9 12 1 9 12 1 10 12 1 1 7 1 9 3 9 12 1 7 1 10 12 1 9 12 1 10 12 1 9 12 1 10 12 1 9 12 1 10 100 12 1 1 1 100 10 12 1 7 1 5 0 10 100 12 1 1 100 1 10 12 1 1 10 12 1 10 12 1 100 1 10 12 1 10 100 1 100 1 10 10 12 1 10 100 1 10 12 1 10 100 1 10 12 1 10 7 1 10 12 1 1 100 1 10 12 1 10 10 12 1 100 1 10 12 1 10 10 12 1 100 1 10 12 1 10 100 1 10 12 1 10 100 1 10 12 1 10 100 1 10 12 1 10 100 1 10 12 1 10 100 1 10 12 1 10 100 1 10 12 1 10 100 1 10 12 1 10 100 1 10 10 100 1 10 10 100 1 10 10 100 1 10 12 1 10 100 1 10 12 1 10 100 1 10 12 1 10 100 1 10 12 1 10 100 1 10 12 1 10 100 1 10 10 100 1 10 10 100 1 10 10 100 1 10 12 1 10 100 1 10 12 1 10 100 1 10 12 1 10 100 1 10 12 1 10 100 1 10 12 1 10 10 12 1 10 7 12 1 1 1 10 12 1 7 1 7 1 10 12 1 9 12 1 1 9 12 1 1 10 12 1 1 8 10 12 1 1 8 8 8 8 7 10 12 1 1 10 12 1 100 1 8 1 10 7 1 7 1 7 1 1 1 5 0 1 1 3 1 3 1 1 1 1 3 1 3 1 3 1 1 1 1 1 3 1 3 1 3 1 1 1 1 1 1 1 1 1 1 1 1 1 1 1 1 1 1 1 1 1 1 1 1 1 100 1 1 1 1 1 1 1 1 1 1 1 1 1 1 1 1 1 1 1 1 1 1 1 1 1 1 1 1 1 1 1 1 1 1 1 1 1 1 1 1 1 1 1 1 1 1 1 1 1 1 1 1 1 1 1 1 1 1 1 1 1 1 1 1 1 1 1 1 1 1 1 1 1 1 1 1 1 1 1 1 1 1 1 1 100 1 1 1 1 1 1 1 1 1 1 1 7 1 1 1 1 1 1 1 1 1 1 1 1 1 1 1 1 1 1 1 1 1 1 1 1 1 1 1 1 1 1 1 1 1 1 1 1 1 1 1 1 1 1 1 1 1 1 1 1 1 1 1 1 1 1 1 1 1 1 1 1 1 1 1 1 1 1 1 1 1 1 1 1 1 1 1 1 1 1 1 1 1 1 1 1 1 1 1 1 1 1 1 1 1 1 1 1 1 1 1 1 1 1 1 1 1 1 1 1 1 1 1 1 1 1 1 1 1 1 1 1 1 1 1 1 1 1 1 1 1 1 1 1 1 1 1 1 1 1 1 1 1 1 1 1 1 1 1 1 1 1 1 1 1 1 1 1 1 1 1 1 1 1 1 1 1 1 1 1 1 1 1 1 1 1 1 1 1 1 1 1 1 1 1 1 1 1 1 1 1 1 1 1 1 1 1 1 1 1 1 1 1 1 1 1 1 1 1 1 1 1 1 1 1 1 1 1 1 1 1 1 1 1 1 100 1 100 1 100 1 100 1 100 1 100 1 100 1 100 1 100 1 1 1 1 1 1 1 1 1 1 1 1 1 1 1 1 1 1 1 1 1 1 1 1 1 1 1 1 1 1 1 1 1 1 1 1 1 1 1 1 1 1 1 1 1 1 1 1 1 1 1 1 1 1 1 1 1 1
staticfield java/util/concurrent/ConcurrentHashMap NCPU I 8
staticfield java/util/concurrent/ConcurrentHashMap serialPersistentFields [Ljava/io/ObjectStreamField; 3 [Ljava/io/ObjectStreamField;
staticfield java/util/concurrent/ConcurrentHashMap U Ljdk/internal/misc/Unsafe; jdk/internal/misc/Unsafe
staticfield java/util/concurrent/ConcurrentHashMap SIZECTL J 20
staticfield java/util/concurrent/ConcurrentHashMap TRANSFERINDEX J 32
staticfield java/util/concurrent/ConcurrentHashMap BASECOUNT J 24
staticfield java/util/concurrent/ConcurrentHashMap CELLSBUSY J 36
staticfield java/util/concurrent/ConcurrentHashMap CELLVALUE J 144
staticfield java/util/concurrent/ConcurrentHashMap ABASE I 16
staticfield java/util/concurrent/ConcurrentHashMap ASHIFT I 2
ciInstanceKlass java/util/concurrent/ConcurrentMap 1 1 208 11 7 12 1 1 1 10 100 12 1 1 11 12 1 1 11 100 12 1 1 1 11 7 12 1 1 1 11 12 1 1 100 1 11 12 1 11 12 1 100 1 11 100 12 1 1 1 18 12 1 11 12 1 1 11 100 12 1 1 11 12 1 1 11 100 12 1 11 12 1 1 11 12 1 1 7 1 7 1 1 1 1 1 1 1 1 1 1 1 1 1 1 1 1 1 1 1 1 1 1 1 1 1 1 1 1 1 1 1 1 1 1 1 1 1 1 1 1 1 1 1 1 1 1 1 1 1 1 1 1 1 1 1 1 1 1 1 1 16 15 11 12 15 10 100 12 1 1 1 1 1 100 1 100 1 1 1 100 1 8 1 1 12 10 1 1 1 8 1 1 1 8 1 1 8 1 1 1 8 1 1 1 8 1 1 1 8 1 1 1 8 1 1 1 8 1 1 1 8 1 1 1 8 1 1 8 1
instanceKlass com/sun/javafx/scene/KeyboardShortcutsHandler$CopyOnWriteMap
instanceKlass java/util/Collections$SingletonMap
instanceKlass org/h2/mvstore/tx/TransactionMap
instanceKlass org/h2/mvstore/MVMap
instanceKlass java/util/concurrent/ConcurrentSkipListMap
instanceKlass javafx/collections/FXCollections$EmptyObservableMap
instanceKlass java/util/TreeMap
instanceKlass java/util/stream/Collectors$Partition
instanceKlass java/util/IdentityHashMap
instanceKlass java/util/EnumMap
instanceKlass java/util/WeakHashMap
instanceKlass java/util/Collections$EmptyMap
instanceKlass sun/util/PreHashedMap
instanceKlass java/util/HashMap
instanceKlass java/util/ImmutableCollections$AbstractImmutableMap
instanceKlass java/util/concurrent/ConcurrentHashMap
ciInstanceKlass java/util/AbstractMap 1 1 196 10 7 12 1 1 1 10 7 12 1 1 1 11 7 12 1 1 1 10 11 12 1 1 11 7 12 1 1 1 11 12 1 1 7 1 11 12 1 10 12 1 1 11 12 1 100 1 10 11 12 1 11 7 1 10 12 1 1 11 12 1 9 12 1 1 100 1 10 12 1 9 12 1 1 100 1 10 11 11 12 1 1 11 12 1 7 1 100 1 11 12 1 8 1 7 1 10 10 12 1 1 8 1 10 12 1 10 12 1 1 10 12 1 1 1 1 1 1 1 1 1 1 1 1 1 1 1 1 1 1 1 1 1 1 1 1 1 1 1 1 1 1 1 1 1 1 1 1 1 1 1 1 7 1 1 1 1 1 1 1 7 1 1 1 1 1 1 1 1 1 100 1 1 1 1 1 1 1 1 1 100 1 100 1 100 1 100 1 100 1 1 1 1 1 1
ciMethod java/util/concurrent/ConcurrentHashMap get (Ljava/lang/Object;)Ljava/lang/Object; 544 0 6560 0 704
ciMethod java/util/concurrent/ConcurrentHashMap compute (Ljava/lang/Object;Ljava/util/function/BiFunction;)Ljava/lang/Object; 134 2 71 0 0
ciInstanceKlass jdk/internal/loader/ClassLoaders 1 1 183 10 7 12 1 1 1 10 7 12 1 1 1 10 12 1 1 10 100 12 1 1 1 9 7 12 1 1 1 9 12 1 1 9 12 1 1 7 1 11 100 12 1 1 1 100 1 11 12 1 1 11 12 1 1 10 100 12 1 1 1 10 100 12 1 1 1 100 1 100 1 10 7 12 1 1 1 9 12 1 1 10 12 1 1 7 1 10 12 1 1 10 12 1 7 1 8 1 10 7 12 1 1 1 10 12 1 1 7 1 10 12 1 10 12 1 10 12 1 8 1 10 7 12 1 1 8 1 8 1 10 12 1 7 1 10 12 1 10 12 1 10 12 1 1 1 1 1 1 1 1 1 1 1 1 1 1 1 1 1 1 1 1 7 1 1 1 1 1 1 1 1 1 1 1 1 1 1 1 1 1 1 1
staticfield jdk/internal/loader/ClassLoaders JLA Ljdk/internal/access/JavaLangAccess; java/lang/System$2
staticfield jdk/internal/loader/ClassLoaders BOOT_LOADER Ljdk/internal/loader/ClassLoaders$BootClassLoader; jdk/internal/loader/ClassLoaders$BootClassLoader
staticfield jdk/internal/loader/ClassLoaders PLATFORM_LOADER Ljdk/internal/loader/ClassLoaders$PlatformClassLoader; jdk/internal/loader/ClassLoaders$PlatformClassLoader
staticfield jdk/internal/loader/ClassLoaders APP_LOADER Ljdk/internal/loader/ClassLoaders$AppClassLoader; jdk/internal/loader/ClassLoaders$AppClassLoader
instanceKlass jdk/internal/loader/ClassLoaders$BootClassLoader
instanceKlass jdk/internal/loader/ClassLoaders$PlatformClassLoader
instanceKlass jdk/internal/loader/ClassLoaders$AppClassLoader
ciInstanceKlass jdk/internal/loader/BuiltinClassLoader 1 1 737 9 7 12 1 1 1 10 7 12 1 1 1 10 7 12 1 1 1 9 12 1 1 9 12 1 1 7 1 10 12 1 9 12 1 10 12 1 9 12 1 10 7 12 1 1 1 10 7 12 1 1 1 10 7 12 1 1 1 11 7 12 1 1 1 7 1 7 1 10 10 12 1 1 8 1 10 12 1 10 12 7 1 10 12 1 10 12 1 1 11 7 12 1 1 1 11 7 12 1 1 1 11 12 1 1 7 1 8 1 8 1 10 9 12 1 1 10 7 12 1 1 11 12 1 1 10 12 1 1 10 12 1 1 10 12 1 1 10 7 12 1 1 1 10 12 1 10 7 12 1 1 1 10 12 1 1 11 7 12 1 1 1 10 7 12 1 1 7 1 10 7 12 1 1 1 10 12 1 100 1 8 1 10 12 1 1 10 8 1 10 12 1 1 10 12 1 1 10 12 1 1 11 7 12 1 1 11 12 1 7 1 10 11 12 1 1 11 10 12 1 1 7 1 10 12 1 10 7 12 1 10 12 1 7 1 10 12 1 10 7 12 1 1 1 100 1 10 12 1 1 11 12 1 7 1 100 1 10 12 1 10 12 1 1 100 1 100 1 10 12 1 10 12 1 18 12 1 1 10 12 1 10 12 1 1 18 100 1 10 7 12 1 1 1 7 1 10 10 12 1 1 10 12 1 1 10 12 1 1 10 12 1 9 12 1 1 100 1 10 10 12 1 1 10 12 1 1 10 12 1 10 12 10 12 1 1 10 12 1 1 10 12 1 1 10 12 1 10 12 1 1 18 12 1 7 1 10 12 1 1 10 12 1 10 12 1 1 10 12 1 100 1 10 12 1 7 1 10 12 1 10 7 12 1 1 1 10 12 1 11 12 1 7 1 10 12 1 7 1 100 1 10 12 1 10 12 1 11 12 1 1 10 12 1 1 10 12 1 1 10 12 1 1 10 12 1 1 10 12 1 10 12 1 10 12 1 10 12 1 8 1 10 12 1 1 10 7 12 1 1 10 12 1 100 1 8 1 8 1 10 10 12 1 8 1 8 1 10 7 12 1 1 1 11 7 12 1 1 1 9 7 12 1 1 1 10 7 12 1 1 1 9 12 1 9 12 1 9 12 1 9 12 1 9 12 1 9 12 1 10 7 12 1 1 1 8 1 10 12 1 7 1 10 12 1 1 10 12 1 7 1 10 11 12 1 1 10 12 10 12 1 10 12 1 100 1 10 12 1 10 12 1 10 10 12 1 10 7 12 1 1 8 1 10 7 12 1 1 10 12 1 1 1 1 1 1 1 1 1 1 1 1 1 1 1 1 1 1 1 1 1 1 1 1 1 1 1 1 1 1 1 1 1 1 1 1 1 1 1 1 1 1 1 1 1 1 1 1 1 1 1 1 1 1 1 1 7 1 1 1 1 1 1 1 1 1 1 1 1 1 1 1 1 1 1 7 1 7 1 1 1 1 1 1 1 1 1 1 1 1 1 1 1 1 1 1 1 1 1 1 1 1 1 1 1 1 1 1 1 1 1 1 1 1 1 1 1 1 1 1 1 1 1 1 1 1 1 1 1 100 1 1 16 15 10 12 16 15 10 12 16 15 10 12 16 1 15 10 100 12 1 1 1 1 1 100 1 1 1 1 1 100 1 100 1 1
staticfield jdk/internal/loader/BuiltinClassLoader packageToModule Ljava/util/Map; java/util/concurrent/ConcurrentHashMap
staticfield jdk/internal/loader/BuiltinClassLoader $assertionsDisabled Z 1
ciInstanceKlass jdk/internal/loader/ClassLoaders$AppClassLoader 1 1 119 8 1 10 7 12 1 1 1 10 7 12 1 1 1 10 7 12 1 1 1 10 12 1 1 10 7 12 1 1 1 10 12 1 1 10 12 1 1 7 1 8 1 10 12 10 7 12 1 1 1 10 7 12 1 1 10 12 1 1 10 12 1 1 10 7 12 1 1 1 7 1 10 12 1 1 1 1 1 1 1 1 1 1 1 1 1 1 1 1 1 1 1 1 1 7 1 1 1 1 1 1 1 1 1 1 1 1 1 1 1 1 1 1 1 7 1 1 1
ciInstanceKlass jdk/internal/loader/ClassLoaders$PlatformClassLoader 1 1 42 8 1 10 7 12 1 1 1 10 7 12 1 1 1 7 1 10 12 1 7 1 1 1 1 1 1 1 1 1 1 1 1 1 1 7 1 1 1 100 1 1
ciInstanceKlass java/lang/ArithmeticException 1 1 26 10 100 12 1 1 1 10 12 1 100 1 1 1 1 5 0 1 1 1 1 1 1 1 1 1
ciInstanceKlass java/lang/ArrayStoreException 1 1 26 10 100 12 1 1 1 10 12 1 100 1 1 1 1 5 0 1 1 1 1 1 1 1 1 1
ciInstanceKlass java/lang/ClassCastException 1 1 26 10 100 12 1 1 1 10 12 1 100 1 1 1 1 5 0 1 1 1 1 1 1 1 1 1
ciInstanceKlass java/lang/ClassNotFoundException 1 1 96 7 1 10 7 12 1 1 1 10 12 1 10 12 1 1 10 100 12 1 1 1 8 1 10 100 12 1 1 1 10 7 12 1 1 10 100 12 1 1 1 10 100 12 1 1 1 10 12 1 1 7 1 10 12 1 9 12 1 1 1 1 1 5 0 1 1 1 1 1 1 1 1 1 1 1 1 1 1 1 1 1 1 100 1 1 1 1 1 1 1 1 1 1 1 1
staticfield java/lang/ClassNotFoundException serialPersistentFields [Ljava/io/ObjectStreamField; 1 [Ljava/io/ObjectStreamField;
instanceKlass java/util/regex/PatternSyntaxException
instanceKlass java/nio/charset/UnsupportedCharsetException
instanceKlass java/nio/charset/IllegalCharsetNameException
instanceKlass java/lang/NumberFormatException
ciInstanceKlass java/lang/IllegalArgumentException 1 1 35 10 7 12 1 1 1 10 12 1 10 12 1 10 12 1 100 1 1 1 1 5 0 1 1 1 1 1 1 1 1 1 1 1 1
ciMethod java/lang/IllegalArgumentException <init> (Ljava/lang/String;)V 0 0 99 0 -1
ciInstanceKlass java/lang/IllegalMonitorStateException 1 1 26 10 100 12 1 1 1 10 12 1 100 1 1 1 1 5 0 1 1 1 1 1 1 1 1 1
ciMethod java/lang/IllegalMonitorStateException <init> ()V 0 0 1 0 -1
ciInstanceKlass java/lang/BootstrapMethodError 0 0 45 10 100 12 1 1 1 10 12 1 10 12 1 10 100 12 1 1 1 10 100 12 1 1 1 1 1 1 5 0 1 1 1 1 1 1 1 1 1 1 1 100 1 1 1
instanceKlass java/lang/UnsatisfiedLinkError
instanceKlass java/lang/IncompatibleClassChangeError
instanceKlass java/lang/BootstrapMethodError
instanceKlass java/lang/NoClassDefFoundError
ciInstanceKlass java/lang/LinkageError 1 1 31 10 7 12 1 1 1 10 12 1 10 12 1 100 1 1 1 1 5 0 1 1 1 1 1 1 1 1 1 1 1
ciInstanceKlass java/lang/NullPointerException 1 1 52 10 7 12 1 1 1 10 12 1 9 7 12 1 1 1 10 12 1 1 9 12 1 1 10 12 1 1 10 12 1 1 1 1 5 0 1 1 1 1 1 1 1 1 100 1 100 1 100 1 1 1
ciInstanceKlass java/lang/NoClassDefFoundError 0 0 26 10 100 12 1 1 1 10 12 1 100 1 1 1 1 5 0 1 1 1 1 1 1 1 1 1
ciInstanceKlass java/lang/StackOverflowError 1 1 26 10 100 12 1 1 1 10 12 1 100 1 1 1 1 5 0 1 1 1 1 1 1 1 1 1
ciInstanceKlass java/lang/StackTraceElement 1 1 235 10 7 12 1 1 1 10 7 12 1 1 9 12 1 1 9 12 1 1 9 12 1 9 12 1 8 1 10 7 12 1 1 1 7 1 9 12 1 8 1 9 12 1 9 12 1 9 12 1 1 10 12 1 1 10 12 1 8 1 10 7 12 1 1 1 7 1 10 12 1 10 12 1 1 10 12 1 10 12 1 1 10 12 1 10 12 1 10 10 12 1 8 1 10 12 1 10 12 1 1 10 12 1 1 10 12 1 10 12 1 10 12 1 9 12 1 1 10 7 12 1 1 1 10 12 1 1 7 1 10 12 1 1 10 7 12 1 1 10 7 12 1 1 1 10 7 12 1 1 10 7 12 1 1 10 10 12 1 1 10 12 1 1 10 12 1 1 10 12 1 7 1 1 1 1 1 1 1 3 1 3 1 1 5 0 1 1 1 1 1 1 1 1 1 1 1 1 1 1 1 1 1 1 1 1 1 1 1 1 1 1 1 1 1 7 1 7 1 1 1 1 1 1 1 100 1 1 1 1 1 1 1 1 1
instanceKlass java/util/concurrent/locks/AbstractQueuedSynchronizer
ciInstanceKlass java/util/concurrent/locks/AbstractOwnableSynchronizer 1 1 32 10 7 12 1 1 1 9 7 12 1 1 1 100 1 1 1 1 5 0 1 1 1 1 1 1 1 1 1 1 1 1
ciMethod java/util/concurrent/locks/AbstractOwnableSynchronizer setExclusiveOwnerThread (Ljava/lang/Thread;)V 258 0 129 0 0
ciMethod java/util/concurrent/locks/AbstractOwnableSynchronizer getExclusiveOwnerThread ()Ljava/lang/Thread; 472 0 236 0 0
ciInstanceKlass jdk/internal/vm/Continuation 0 0 549 9 100 12 1 1 1 9 12 1 9 12 1 100 1 7 1 10 12 1 1 8 1 10 12 1 1 10 12 1 10 12 1 1 10 12 1 9 7 12 1 1 1 11 100 12 1 1 1 10 7 1 9 12 1 1 9 12 1 1 10 8 1 10 12 1 9 12 1 1 10 11 12 1 1 100 1 10 100 12 1 1 1 10 12 1 1 10 12 1 10 12 1 1 11 12 1 1 9 12 1 1 10 12 1 1 18 12 1 1 10 7 12 1 1 1 100 1 10 12 1 11 100 12 1 1 1 10 12 1 9 12 1 10 12 1 1 100 1 8 1 10 12 1 10 12 1 1 9 12 1 1 11 12 1 1 9 12 1 1 8 1 10 11 12 1 1 11 12 1 1 10 12 1 1 10 12 1 1 9 12 1 10 12 1 10 10 12 1 8 1 10 12 1 8 1 8 1 10 7 12 1 1 1 10 7 12 1 1 1 10 12 1 9 12 1 11 12 1 7 1 10 12 1 10 12 1 1 9 12 1 1 7 1 10 12 1 1 9 12 1 1 10 12 1 10 12 1 11 7 12 1 1 10 7 1 10 12 1 8 1 9 12 1 10 12 1 1 9 12 1 1 10 7 12 1 1 8 1 8 1 8 1 8 1 10 12 1 1 10 12 1 10 12 1 10 12 1 10 12 1 1 10 12 1 1 8 1 10 12 1 1 9 12 1 1 10 12 1 1 9 12 1 8 1 10 7 12 1 1 1 10 12 1 8 1 100 1 8 1 10 9 12 1 1 8 1 10 7 12 1 1 10 100 12 1 1 8 1 8 1 10 12 10 100 12 1 1 1 10 7 1 10 7 12 1 1 1 18 11 100 12 1 1 1 18 12 1 11 12 1 1 7 1 10 7 12 1 1 10 12 1 1 8 10 12 1 1 10 100 12 1 1 1 10 100 12 1 1 10 12 1 8 1 10 12 1 7 1 7 1 10 12 1 1 1 1 1 1 1 1 1 1 1 1 1 1 1 1 1 1 1 1 1 1 1 1 1 1 1 1 1 1 1 1 1 1 1 1 1 1 1 1 1 1 1 1 1 1 1 1 1 1 1 1 1 1 1 1 1 1 1 1 1 1 1 1 1 1 1 1 1 1 1 1 1 1 1 100 1 1 16 1 15 10 12 16 15 11 7 12 1 1 1 16 1 16 1 15 10 12 16 15 10 100 12 1 1 1 1 1 1 1 1 100 1 100 1 1
ciInstanceKlass jdk/internal/misc/UnsafeConstants 1 1 34 10 100 12 1 1 1 9 7 12 1 1 1 9 12 1 9 12 1 1 9 12 1 9 12 1 1 1 1 1 1 1 1 1
staticfield jdk/internal/misc/UnsafeConstants ADDRESS_SIZE0 I 8
staticfield jdk/internal/misc/UnsafeConstants PAGE_SIZE I 4096
staticfield jdk/internal/misc/UnsafeConstants BIG_ENDIAN Z 0
staticfield jdk/internal/misc/UnsafeConstants UNALIGNED_ACCESS Z 1
staticfield jdk/internal/misc/UnsafeConstants DATA_CACHE_LINE_FLUSH_SIZE I 0
ciInstanceKlass java/lang/invoke/MethodHandleStatics 1 1 320 10 7 12 1 1 1 9 7 12 1 1 1 9 12 1 1 10 7 12 1 1 1 9 12 1 9 12 1 9 12 1 9 12 1 9 7 12 1 1 1 7 1 10 8 1 10 12 1 1 10 7 12 1 1 1 8 1 10 7 12 1 1 1 10 12 1 1 8 1 8 1 10 12 1 10 100 12 1 1 1 10 7 12 1 1 8 1 10 12 1 1 8 1 8 1 8 1 8 1 10 12 1 1 7 1 10 12 10 12 1 10 12 1 100 1 10 10 12 1 1 100 1 10 10 12 1 7 1 7 1 8 1 8 1 10 12 1 8 1 10 7 12 1 1 1 9 12 1 1 10 7 12 1 1 1 10 12 1 1 9 12 1 1 10 7 12 1 1 1 8 1 10 7 12 1 1 10 7 12 1 1 1 8 1 8 1 8 1 8 1 8 1 10 12 1 10 7 12 1 1 1 9 12 1 8 1 8 1 8 1 8 1 9 12 1 8 1 9 12 1 8 1 8 1 9 12 1 8 1 8 1 9 12 1 8 1 9 12 1 8 1 9 12 1 8 1 8 1 9 12 1 8 1 8 1 10 12 1 1 8 1 10 12 1 1 1 1 1 1 1 1 1 1 1 1 1 1 1 1 1 1 1 1 1 1 1 7 1 7 1 7 1 1 1 1 1 1 1 1 1 1 1 1 1 1 1 1 1 1 1 1 1 1 1 1 1 1 1 1
staticfield java/lang/invoke/MethodHandleStatics UNSAFE Ljdk/internal/misc/Unsafe; jdk/internal/misc/Unsafe
staticfield java/lang/invoke/MethodHandleStatics CLASSFILE_VERSION I 65
staticfield java/lang/invoke/MethodHandleStatics DEBUG_METHOD_HANDLE_NAMES Z 0
staticfield java/lang/invoke/MethodHandleStatics TRACE_INTERPRETER Z 0
staticfield java/lang/invoke/MethodHandleStatics TRACE_METHOD_LINKAGE Z 0
staticfield java/lang/invoke/MethodHandleStatics TRACE_RESOLVE Z 0
staticfield java/lang/invoke/MethodHandleStatics COMPILE_THRESHOLD I 0
staticfield java/lang/invoke/MethodHandleStatics LOG_LF_COMPILATION_FAILURE Z 0
staticfield java/lang/invoke/MethodHandleStatics DONT_INLINE_THRESHOLD I 30
staticfield java/lang/invoke/MethodHandleStatics PROFILE_LEVEL I 0
staticfield java/lang/invoke/MethodHandleStatics PROFILE_GWT Z 1
staticfield java/lang/invoke/MethodHandleStatics CUSTOMIZE_THRESHOLD I 127
staticfield java/lang/invoke/MethodHandleStatics VAR_HANDLE_GUARDS Z 1
staticfield java/lang/invoke/MethodHandleStatics MAX_ARITY I 255
staticfield java/lang/invoke/MethodHandleStatics VAR_HANDLE_IDENTITY_ADAPT Z 0
staticfield java/lang/invoke/MethodHandleStatics DUMP_CLASS_FILES Ljdk/internal/util/ClassFileDumper; jdk/internal/util/ClassFileDumper
instanceKlass org/h2/value/CaseInsensitiveMap
instanceKlass java/lang/ProcessEnvironment
instanceKlass java/util/LinkedHashMap
ciInstanceKlass java/util/HashMap 1 1 629 10 7 12 1 1 1 7 1 10 12 1 1 7 1 10 7 12 1 1 1 100 1 11 12 1 1 11 12 1 11 12 1 1 10 7 12 1 1 1 7 1 3 10 7 12 1 1 1 100 1 7 1 10 8 1 10 12 1 1 10 12 1 10 12 1 1 10 12 1 10 7 12 1 1 1 8 1 10 12 1 9 12 1 1 10 12 1 9 12 1 1 4 10 12 1 10 12 1 1 11 7 12 1 1 9 12 1 1 10 7 12 1 1 1 6 0 10 12 1 1 11 12 1 1 11 7 12 1 1 1 11 7 12 1 1 1 11 12 1 1 7 1 11 12 1 11 12 1 10 12 1 10 12 1 1 9 12 10 12 1 1 9 7 12 1 1 1 9 12 9 12 1 10 12 1 1 9 12 1 7 1 10 12 1 1 10 12 1 1 10 12 1 1 10 12 1 1 10 12 1 1 9 12 1 10 12 1 1 3 4 10 12 1 1 10 12 1 1 9 12 1 1 9 10 12 1 1 10 12 1 1 10 12 1 1 10 12 1 9 12 1 1 7 1 10 12 1 10 12 1 10 100 12 1 1 1 100 1 9 12 1 1 7 1 10 9 12 7 1 10 100 1 10 11 7 12 1 1 1 100 1 10 11 100 12 1 1 11 100 12 1 1 1 10 12 1 100 1 7 1 10 12 1 10 12 1 10 12 1 10 100 12 1 1 10 12 1 1 10 12 1 1 10 100 12 1 1 1 8 10 100 12 1 1 1 100 1 10 4 4 10 12 1 1 10 100 12 1 1 1 10 12 1 8 1 6 0 10 100 12 1 1 1 100 1 11 100 12 1 1 1 10 12 1 10 12 1 10 10 12 1 1 6 0 8 1 10 12 1 10 12 7 1 7 1 1 1 1 5 0 1 3 1 1 1 3 1 3 1 3 1 1 1 1 1 1 1 1 1 1 1 1 1 1 1 1 1 1 1 1 1 1 100 1 1 1 1 1 1 1 1 1 1 1 1 1 1 1 1 1 1 1 1 1 1 1 1 1 1 1 1 1 1 1 1 1 100 1 1 1 1 1 1 1 1 1 1 1 1 1 1 1 1 1 1 1 1 1 1 1 1 1 1 1 1 1 1 1 1 1 1 1 1 1 1 1 1 1 1 1 1 1 1 1 1 1 1 1 7 1 1 1 1 1 1 1 1 1 1 1 1 1 1 1 1 1 1 1 1 1 1 1 1 1 1 1 1 1 1 1 1 1 1 1 1 1 1 1 1 1 1 1 1 1 1 1 1 100 1 1 1 1 1 1 1 1 7 1 1 1 1 1 1 1 1 1 1 1 1 1 1 1 1 1 1 100 1 100 1 100 1 100 1 100 1 100 1 100 1 100 1 1 1 1 1 1 1 1 1 1 1 1 1 1 1 1 1 1
ciMethod java/util/HashMap get (Ljava/lang/Object;)Ljava/lang/Object; 842 0 33368 0 792
ciMethod java/util/HashMap put (Ljava/lang/Object;Ljava/lang/Object;)Ljava/lang/Object; 922 0 13012 0 256
ciMethod java/util/HashMap containsKey (Ljava/lang/Object;)Z 1024 0 7351 0 800
ciInstanceKlass java/lang/invoke/LambdaForm 1 1 1059 7 1 100 1 10 7 12 1 1 1 9 12 1 1 9 12 1 9 12 1 9 12 1 1 9 12 1 1 9 12 1 1 9 12 1 1 9 12 1 1 9 12 1 10 7 12 1 1 9 12 1 10 12 1 1 100 1 10 10 12 1 1 10 12 1 10 12 1 10 12 1 1 10 12 1 9 12 1 9 12 1 10 12 1 1 10 7 12 1 1 1 10 12 1 1 9 100 12 1 1 1 10 12 1 1 9 7 12 1 1 10 12 1 10 12 1 1 10 12 1 1 10 12 1 1 7 1 10 7 12 1 1 1 10 12 1 1 10 12 1 10 12 1 1 9 12 1 1 9 12 1 9 12 1 1 10 12 1 9 12 1 10 100 12 1 1 1 10 12 1 1 7 1 10 12 1 9 12 1 1 10 7 12 1 1 1 10 12 1 10 12 1 7 1 10 12 1 10 12 1 10 12 1 1 10 12 1 1 10 12 1 10 12 1 10 12 1 10 12 1 1 8 1 10 12 1 10 12 1 10 10 12 1 8 1 8 1 9 12 1 9 12 1 1 10 12 1 1 10 12 1 9 12 1 10 12 1 1 10 7 12 1 1 1 10 12 1 1 10 12 1 10 12 1 10 100 12 1 1 1 9 12 1 10 12 1 8 1 8 1 8 1 8 1 8 1 8 1 8 1 8 1 10 12 1 9 12 1 7 1 10 12 1 1 9 12 1 10 12 1 10 12 1 1 10 12 10 12 1 10 12 1 1 10 12 1 1 10 10 12 1 1 10 12 1 1 7 1 8 1 10 12 1 1 10 12 1 10 12 1 1 10 8 1 10 12 1 1 8 1 8 1 8 1 10 12 1 10 12 1 10 12 1 1 100 1 10 12 1 1 10 12 1 1 10 7 12 1 1 1 10 12 1 1 9 12 1 1 8 1 10 100 12 1 1 1 10 7 12 1 1 10 12 10 12 1 1 10 12 1 1 9 12 1 8 10 12 1 1 100 1 10 12 1 1 10 12 1 9 7 12 1 1 9 7 12 1 1 1 8 1 10 100 12 1 1 10 12 1 1 7 1 7 1 10 10 12 1 1 10 12 1 1 8 1 8 1 7 1 8 1 10 12 10 12 1 10 12 1 10 12 1 1 8 1 8 1 10 12 1 10 12 1 1 8 1 8 1 8 1 7 1 8 1 7 1 8 1 7 1 8 1 10 12 1 8 1 9 10 7 12 1 1 1 10 12 1 9 12 1 1 10 12 1 10 10 12 1 10 12 1 10 12 1 10 12 1 1 10 12 1 10 12 1 1 10 12 1 1 10 12 1 1 10 12 1 1 8 1 100 10 12 1 10 12 1 9 12 1 1 10 7 12 1 1 8 1 8 1 7 1 8 1 8 1 8 1 8 1 8 1 8 1 8 1 8 1 10 12 1 1 10 12 1 1 10 12 1 10 12 1 10 12 1 10 12 1 8 1 8 1 8 1 10 12 1 8 1 10 12 1 8 1 8 1 8 1 8 1 8 1 10 12 1 10 12 1 10 12 1 1 10 7 12 1 1 1 10 12 1 10 12 1 10 12 1 10 12 1 10 12 1 10 12 1 10 12 1 9 12 1 1 8 1 10 12 1 1 9 12 1 1 10 12 1 1 9 12 1 9 12 1 1 9 12 1 9 12 1 1 7 1 10 7 12 1 1 1 9 12 1 10 12 1 10 12 1 8 1 10 12 1 9 12 1 1 7 1 10 7 12 1 1 1 8 1 100 1 10 12 1 9 12 1 9 12 1 10 12 1 10 12 1 10 7 12 1 1 1 10 12 1 9 7 12 1 1 10 12 1 1 10 12 1 10 12 1 10 12 1 9 12 10 12 1 10 10 12 1 9 12 1 9 9 12 1 7 9 12 1 1 10 12 1 1 9 12 1 10 12 1 10 7 1 9 1 1 1 1 3 1 3 1 1 3 1 3 1 1 1 1 1 1 1 1 1 1 1 1 1 1 1 1 1 1 1 1 1 1 1 1 1 1 1 1 1 1 1 1 1 1 1 1 1 1 1 1 1 1 1 1 1 1 1 1 1 1 1 100 1 1 1 1 1 1 1 1 1 1 1 1 1 1 1 1 1 1 1 1 1 1 1 1 1 1 1 1 1 1 1 1 1 1 1 1 1 1 1 1 1 1 1 1 1 1 1 1 1 1 1 1 1 1 1 1 1 1 1 1 1 1 100 1 1 1 1 1 1 1 1 1 1 1 1 1 1 1 1 1 1 1 1 1 1 1 1 1 1 1 1 1 1 1 1 1 1 7 1 1 1 1 1 1 1 1 1 1 1 1 1 1 1 1 1 1 1 1 1 1 100 1 1 1 100 1 1 7 1 1 1 1 1 1 1 1 1 1 1
staticfield java/lang/invoke/LambdaForm DEFAULT_CUSTOMIZED Ljava/lang/invoke/MethodHandle; null
staticfield java/lang/invoke/LambdaForm DEFAULT_KIND Ljava/lang/invoke/LambdaForm$Kind; java/lang/invoke/LambdaForm$Kind
staticfield java/lang/invoke/LambdaForm COMPILE_THRESHOLD I 0
staticfield java/lang/invoke/LambdaForm INTERNED_ARGUMENTS [[Ljava/lang/invoke/LambdaForm$Name; 5 [[Ljava/lang/invoke/LambdaForm$Name;
staticfield java/lang/invoke/LambdaForm IMPL_NAMES Ljava/lang/invoke/MemberName$Factory; java/lang/invoke/MemberName$Factory
staticfield java/lang/invoke/LambdaForm LF_identity [Ljava/lang/invoke/LambdaForm; 6 [Ljava/lang/invoke/LambdaForm;
staticfield java/lang/invoke/LambdaForm LF_zero [Ljava/lang/invoke/LambdaForm; 6 [Ljava/lang/invoke/LambdaForm;
staticfield java/lang/invoke/LambdaForm NF_identity [Ljava/lang/invoke/LambdaForm$NamedFunction; 6 [Ljava/lang/invoke/LambdaForm$NamedFunction;
staticfield java/lang/invoke/LambdaForm NF_zero [Ljava/lang/invoke/LambdaForm$NamedFunction; 6 [Ljava/lang/invoke/LambdaForm$NamedFunction;
staticfield java/lang/invoke/LambdaForm createFormsLock Ljava/lang/Object; java/lang/Object
staticfield java/lang/invoke/LambdaForm DEBUG_NAME_COUNTERS Ljava/util/HashMap; null
staticfield java/lang/invoke/LambdaForm DEBUG_NAMES Ljava/util/HashMap; null
staticfield java/lang/invoke/LambdaForm TRACE_INTERPRETER Z 0
staticfield java/lang/invoke/LambdaForm $assertionsDisabled Z 1
ciInstanceKlass java/lang/invoke/MemberName 1 1 724 7 1 7 1 100 1 9 12 1 1 10 7 12 1 1 1 9 12 1 1 10 12 1 1 10 12 1 1 10 12 1 1 10 12 1 10 12 1 1 10 7 12 1 1 1 10 12 1 9 7 12 1 1 10 12 1 7 1 7 1 10 12 1 8 1 10 12 1 1 10 12 1 10 12 1 1 10 12 1 9 12 1 1 8 1 10 100 12 1 1 1 7 1 10 10 12 1 1 100 1 100 1 10 12 1 9 12 1 1 100 1 8 1 10 12 1 10 12 1 10 12 1 10 12 1 10 12 1 1 10 12 1 10 12 1 10 12 1 1 8 1 8 1 10 12 1 8 1 9 12 1 1 3 10 12 1 10 12 1 10 12 1 10 10 7 12 1 1 1 10 12 1 10 12 1 10 12 1 10 12 1 7 1 8 10 12 1 1 10 12 1 1 8 1 9 7 1 8 9 7 1 10 12 1 1 10 12 1 10 12 1 8 1 10 12 1 1 10 12 1 10 12 1 10 12 1 10 12 1 1 7 1 10 12 1 1 10 12 1 8 1 10 12 1 10 12 1 8 1 10 12 1 1 10 12 1 1 7 1 10 12 1 1 10 12 8 1 8 1 7 1 10 12 1 10 100 12 1 1 1 100 1 10 12 10 12 1 10 12 1 10 12 1 10 12 1 10 10 12 1 10 12 1 10 12 1 3 10 12 1 3 10 12 1 3 3 3 3 3 3 10 12 1 3 9 12 1 10 12 1 1 3 10 12 1 10 10 7 12 1 1 1 10 12 1 1 10 7 12 1 1 10 10 12 1 10 12 1 1 10 12 1 10 10 12 1 1 10 12 1 10 12 1 10 12 1 7 1 10 10 10 12 100 1 10 10 10 12 1 1 10 12 1 1 10 10 12 1 8 10 7 1 10 12 1 10 7 1 10 12 1 10 12 1 10 12 1 10 10 12 1 10 12 1 1 10 12 1 1 10 12 1 10 12 1 10 12 1 100 1 10 12 1 1 100 1 8 1 10 7 1 10 12 1 10 12 10 12 1 1 10 12 1 10 12 1 8 1 8 1 8 1 8 1 10 12 1 10 12 1 10 7 12 1 1 1 8 1 8 1 10 12 1 8 1 10 10 10 12 1 10 12 1 8 1 8 1 10 10 12 1 8 1 10 100 12 1 1 1 8 1 100 1 10 12 1 10 12 1 1 10 12 1 8 1 8 1 8 1 8 1 100 1 10 8 1 8 1 8 1 8 1 10 12 1 100 1 100 1 100 1 10 100 1 10 7 1 10 7 12 1 1 1 9 7 12 1 1 1 7 1 7 1 1 1 1 1 1 1 3 1 3 1 3 1 3 1 3 1 3 1 1 1 1 1 1 1 1 3 1 3 1 1 1 1 1 1 1 1 1 1 1 1 1 1 1 1 1 1 1 1 1 1 1 1 1 1 1 1 1 1 1 1 1 1 1 1 1 1 1 1 1 1 1 1 1 1 1 1 1 1 1 1 1 1 1 1 1 1 1 1 1 1 1 1 1 1 1 1 1 1 1 1 1 1 1 1 1 1 1 1 1 1 1 1 1 1 1 1 1 1 1 1 1 1 1 1 7 1 1 1 1 1 1 1 1 1 1 1 1 1 1 1
staticfield java/lang/invoke/MemberName $assertionsDisabled Z 1
instanceKlass java/lang/invoke/VarHandleLongs$FieldInstanceReadOnly
instanceKlass java/lang/invoke/VarHandleReferences$Array
instanceKlass java/lang/invoke/VarHandleInts$Array
instanceKlass java/lang/invoke/VarHandleBooleans$FieldInstanceReadOnly
instanceKlass java/lang/invoke/VarHandleReferences$FieldInstanceReadOnly
instanceKlass java/lang/invoke/VarHandleInts$FieldInstanceReadOnly
instanceKlass java/lang/invoke/VarHandleByteArrayAsDoubles$ByteArrayViewVarHandle
instanceKlass java/lang/invoke/VarHandleByteArrayAsLongs$ByteArrayViewVarHandle
instanceKlass java/lang/invoke/VarHandleByteArrayAsFloats$ByteArrayViewVarHandle
instanceKlass java/lang/invoke/VarHandleByteArrayAsInts$ByteArrayViewVarHandle
instanceKlass java/lang/invoke/VarHandleByteArrayAsChars$ByteArrayViewVarHandle
instanceKlass java/lang/invoke/VarHandleByteArrayAsShorts$ByteArrayViewVarHandle
ciInstanceKlass java/lang/invoke/VarHandle 1 1 473 10 7 12 1 1 1 10 7 12 1 1 9 12 1 1 9 12 1 1 100 1 10 8 1 10 12 1 1 10 7 12 1 1 1 10 12 1 1 10 7 12 1 1 1 9 100 12 1 1 1 10 12 1 1 10 7 12 1 1 1 10 12 1 1 9 12 1 10 12 1 9 12 1 1 10 7 12 1 1 10 12 1 9 100 12 1 1 1 9 12 1 1 10 12 1 1 100 1 7 1 10 8 1 10 12 1 1 10 12 1 8 1 10 12 1 10 12 1 9 12 1 1 9 12 1 10 12 1 10 12 1 1 10 12 1 10 10 100 12 1 1 1 10 12 1 1 10 12 1 1 10 7 12 1 1 1 10 100 12 1 1 1 10 100 12 1 1 1 9 12 1 1 9 10 12 1 10 12 1 10 12 1 1 10 12 1 10 7 12 1 1 1 9 12 1 1 10 12 1 1 9 12 1 10 12 1 10 12 1 10 7 12 1 1 100 1 10 9 7 12 1 1 1 9 12 1 1 10 7 12 1 1 1 10 12 1 10 12 1 10 12 1 10 12 1 10 12 1 10 12 1 1 8 10 12 1 1 7 1 10 12 1 1 7 1 1 1 1 1 1 1 1 1 1 1 1 1 1 1 1 1 1 1 1 1 1 1 1 1 1 1 1 1 1 1 1 1 1 1 1 1 1 1 1 1 1 1 1 1 1 1 1 1 1 1 1 1 1 1 1 1 1 1 1 1 1 1 1 1 1 1 1 100 1 1 1 1 1 1 1 1 100 1 1 1 1 1 1 1 1 1 1 1 1 100 1 100 1 1 100 1 100 1 100 1 100 1 100 1 100 1 100 1 100 1 100 1 100 1 100 1 100 1 100 1 100 1 100 1 100 1 100 1 100 1 100 1 100 1 100 1 100 1 100 1 100 1 100 1 100 1 100 1 100 1 100 1 100 1 100 1 100 1 100 1 100 1 100 1 1 1 1 1 1 100 1 1 1 100 1 1 100 1 100 1 100 1 100 1 100 1 100 1 1 1 1 100 1 100 1 100 1 100 1 100 1 100 1 100 1 100 1
staticfield java/lang/invoke/VarHandle VFORM_OFFSET J 16
staticfield java/lang/invoke/VarHandle $assertionsDisabled Z 1
ciInstanceKlass java/util/Collections 1 1 932 10 7 12 1 1 1 11 7 12 1 1 1 7 1 11 12 1 1 7 1 10 12 1 1 10 12 1 11 12 1 1 7 1 11 12 1 1 11 12 1 1 10 12 1 11 100 12 1 1 11 12 1 1 11 12 1 10 12 1 10 12 1 10 12 11 7 12 1 1 1 10 12 1 1 11 12 1 11 12 1 1 9 12 1 1 100 1 10 10 12 1 1 10 12 1 11 100 12 1 1 1 11 12 1 1 10 12 1 11 12 1 100 1 8 1 10 12 1 11 7 12 1 1 1 11 7 1 11 12 1 1 10 12 1 1 10 12 1 10 12 1 1 10 12 1 11 12 1 1 10 12 1 1 10 12 1 1 10 12 1 1 11 12 1 1 100 1 10 12 1 11 7 1 100 1 10 12 1 11 7 1 7 1 10 12 1 11 100 1 100 1 10 12 1 11 100 1 100 1 10 12 1 11 100 1 100 1 10 12 1 11 7 1 11 7 1 10 12 10 11 7 1 7 1 10 12 1 11 100 1 100 1 10 11 100 1 100 1 10 12 1 11 100 1 100 1 10 12 1 100 1 10 10 12 1 7 1 10 10 12 1 100 1 10 100 1 10 100 1 10 100 1 10 10 12 1 10 7 1 10 100 1 10 100 1 10 100 1 10 12 1 10 100 12 1 1 1 100 1 100 1 10 12 1 100 1 10 12 1 100 1 10 12 1 100 1 10 12 1 100 1 10 12 1 100 1 10 100 1 10 12 1 100 1 10 12 1 100 1 10 12 1 9 7 12 1 1 1 9 100 12 1 1 9 7 12 1 1 1 9 12 1 1 9 12 1 1 9 12 1 1 9 12 1 1 9 12 1 1 7 1 10 12 7 1 10 100 1 10 7 1 10 7 1 10 12 1 100 1 7 1 10 8 1 10 12 1 1 10 12 1 10 12 1 1 10 100 1 10 12 1 9 7 12 1 1 1 9 7 12 1 1 1 7 1 9 12 1 1 10 12 7 1 10 7 1 10 11 100 12 1 1 11 12 1 10 12 1 11 11 12 1 11 11 12 1 8 1 7 1 10 11 100 1 10 12 1 100 1 10 100 12 1 1 1 100 1 10 12 1 7 1 10 7 1 10 7 1 10 1 1 1 3 1 3 1 3 1 3 1 3 1 3 1 3 1 3 1 1 1 1 1 1 1 1 1 1 1 1 1 1 1 1 1 1 1 1 1 1 1 1 1 1 1 1 1 1 1 1 1 1 1 1 1 1 1 1 1 1 1 1 1 1 1 1 1 1 1 1 1 1 1 1 1 1 1 1 1 1 1 1 1 1 1 1 1 1 1 1 1 1 1 1 1 1 1 1 1 1 1 1 1 1 1 1 1 1 1 1 1 1 1 1 1 1 1 1 1 1 1 1 1 1 1 1 1 1 1 1 1 1 1 1 1 1 1 1 1 1 1 1 1 1 1 1 1 1 1 1 1 1 1 1 1 1 1 1 1 1 1 1 1 1 1 1 1 1 1 1 1 1 1 1 1 1 1 1 1 1 1 1 1 1 1 1 1 1 1 1 1 1 1 1 1 1 1 1 1 1 1 1 1 1 1 1 1 1 1 1 1 1 1 1 1 1 1 1 1 1 1 1 1 1 1 1 1 1 1 1 1 1 1 1 1 1 1 1 1 1 1 1 1 1 1 1 1 1 1 1 1 1 1 1 1 1 1 1 1 1 1 1 1 1 1 1 1 1 1 1 1 1 1 1 1 1 1 1 1 1 1 1 1 1 1 1 1 1 1 1 1 1 1 1 1 1 1 1 1 1 1 1 1 1 1 1 1 1 1 1 1 1 1 1 1 1 1 1 1 1 1 1 1 1 1 1 1 1 1 1 1 1 1 1 1 1 1 1 1 1 1 1 1 1 1 1 1 1 1 100 1 100 1 100 1 100 1 100 1 100 1 100 1 100 1 100 1 100 1 100 1 100 1 100 1 1 1 1 1 1 1 1 1 1 1 1 1 1 1 1 1 1 1 1 1 1 1 1 1 1 1 1 1 1 1 1 1 1 1 1 1 1 1 1 1 1 100 1 1 1 1 1 1 1 1 1 1 1 1 1 1 1
staticfield java/util/Collections EMPTY_SET Ljava/util/Set; java/util/Collections$EmptySet
staticfield java/util/Collections EMPTY_LIST Ljava/util/List; java/util/Collections$EmptyList
staticfield java/util/Collections EMPTY_MAP Ljava/util/Map; java/util/Collections$EmptyMap
instanceKlass jdk/internal/reflect/FieldAccessorImpl
instanceKlass jdk/internal/reflect/ConstructorAccessorImpl
instanceKlass jdk/internal/reflect/MethodAccessorImpl
ciInstanceKlass jdk/internal/reflect/MagicAccessorImpl 1 1 16 10 7 12 1 1 1 100 1 1 1 1 1 1 1 1
instanceKlass jdk/internal/reflect/DirectMethodHandleAccessor
ciInstanceKlass jdk/internal/reflect/MethodAccessorImpl 1 1 38 10 7 12 1 1 1 10 100 12 1 1 1 100 1 1 1 1 1 1 1 100 1 100 1 1 1 1 1 1 1 1 1 1 1 1 1 1
ciInstanceKlass jdk/internal/reflect/MethodAccessor 1 0 17 100 1 100 1 1 1 1 100 1 100 1 1 1 1 1 1
instanceKlass jdk/internal/reflect/DirectConstructorHandleAccessor$NativeAccessor
instanceKlass jdk/internal/reflect/DirectConstructorHandleAccessor
instanceKlass jdk/internal/reflect/NativeConstructorAccessorImpl
ciInstanceKlass jdk/internal/reflect/ConstructorAccessorImpl 1 1 27 10 7 12 1 1 1 100 1 100 1 1 1 1 1 1 1 1 1 100 1 100 1 100 1 1 1
ciInstanceKlass jdk/internal/reflect/ConstructorAccessor 1 0 16 100 1 100 1 1 1 1 100 1 100 1 100 1 1 1
ciInstanceKlass jdk/internal/reflect/DelegatingClassLoader 0 0 18 10 100 12 1 1 1 100 1 1 1 1 1 1 1 1 1 1
ciInstanceKlass jdk/internal/reflect/CallerSensitive 0 0 17 100 1 100 1 100 1 1 1 1 1 1 1 1 1 1 1
ciInstanceKlass jdk/internal/reflect/NativeConstructorAccessorImpl 0 0 125 10 7 12 1 1 1 9 7 12 1 1 1 100 1 10 12 1 9 12 1 1 9 12 1 1 10 100 12 1 1 1 10 7 12 1 1 1 10 7 12 1 1 1 9 12 1 9 12 1 1 9 12 1 1 10 7 12 1 1 1 100 1 10 10 12 1 1 10 12 1 10 12 1 1 10 12 1 7 1 10 12 1 1 10 12 1 1 8 10 12 1 1 1 1 1 1 1 1 1 1 1 1 1 1 1 1 1 1 1 1 1 1 100 1 100 1 100 1 1 1 1 1 1 1
ciInstanceKlass jdk/internal/reflect/ConstantPool 1 1 142 10 7 12 1 1 1 9 7 12 1 1 1 10 12 1 1 10 12 1 1 10 12 1 10 12 1 1 10 12 1 1 10 12 1 10 12 1 1 10 12 1 10 12 1 1 10 12 1 10 12 1 10 12 1 10 12 1 1 10 12 1 1 10 12 1 1 10 12 1 1 10 12 1 10 12 1 1 10 100 12 1 1 1 8 11 7 12 1 1 1 10 7 12 1 1 1 1 1 1 1 1 1 1 1 1 1 1 1 1 1 1 1 1 1 1 1 1 1 1 1 1 1 1 1 1 1 1 1 1 1 1 1 1 1 1 1 1 1 1 1 1
ciInstanceKlass jdk/internal/reflect/UnsafeStaticFieldAccessorImpl 0 0 47 10 7 12 1 1 1 9 7 12 1 1 1 10 7 12 1 1 1 9 12 1 1 8 11 100 12 1 1 1 10 100 12 1 1 1 1 1 1 1 1 1 1 1 1 1 1
ciInstanceKlass jdk/internal/reflect/FieldAccessor 1 0 48 100 1 100 1 1 1 1 100 1 1 1 1 1 1 1 1 1 1 1 1 1 1 1 1 1 1 1 100 1 1 1 1 1 1 1 1 1 1 1 1 1 1 1 1 1 1 1
instanceKlass jdk/internal/reflect/MethodHandleFieldAccessorImpl
instanceKlass jdk/internal/reflect/UnsafeFieldAccessorImpl
ciInstanceKlass jdk/internal/reflect/FieldAccessorImpl 1 1 269 10 7 12 1 1 1 9 7 12 1 1 1 10 7 12 1 1 1 10 7 12 1 1 10 7 12 1 1 1 10 12 1 1 7 1 10 10 12 1 1 10 12 1 1 8 1 10 10 12 1 100 1 8 1 10 12 1 8 1 10 12 1 8 1 10 12 1 100 1 10 12 1 1 10 8 1 10 12 1 1 8 1 10 7 12 1 1 8 1 10 7 12 1 1 8 1 10 7 12 1 1 8 1 10 7 12 1 1 8 1 10 7 12 1 1 8 1 10 7 12 1 1 8 1 10 7 12 1 1 8 1 10 7 12 1 1 10 12 1 1 8 1 10 12 1 1 10 100 12 1 1 1 8 1 10 12 1 8 1 8 1 8 1 8 1 10 7 12 1 1 1 8 1 8 1 8 1 10 12 7 1 1 1 1 1 1 1 1 1 1 1 1 1 1 1 1 1 1 1 1 1 1 1 1 1 1 1 1 1 1 1 1 1 1 1 1 1 1 1 1 1 1 1 1 1 1 1 1 1 1 1 1 1 1 1 1 1 1 1 1 1 1 1 1 1 1 1 1 1 1 1 1 1 1 1 1 1 1 1 1 1 1 1 1 1 1 1 1
instanceKlass jdk/internal/reflect/UnsafeStaticFieldAccessorImpl
ciInstanceKlass jdk/internal/reflect/UnsafeFieldAccessorImpl 0 0 62 10 100 12 1 1 1 10 100 12 1 1 1 10 100 12 1 1 1 9 100 12 1 1 10 12 1 9 12 1 1 10 100 12 1 1 1 9 12 1 1 10 12 1 10 12 1 1 1 1 1 1 1 1 1 1 1 1 1 1 1 1
instanceKlass java/lang/invoke/VolatileCallSite
instanceKlass java/lang/invoke/MutableCallSite
instanceKlass java/lang/invoke/ConstantCallSite
ciInstanceKlass java/lang/invoke/CallSite 1 1 296 10 7 12 1 1 1 10 7 12 1 1 1 9 12 1 1 10 7 12 1 1 1 10 12 1 7 1 10 12 1 1 10 12 1 1 9 100 12 1 1 1 10 7 12 1 1 10 12 1 1 100 1 7 1 10 10 7 12 1 1 1 10 12 1 1 8 1 10 12 1 10 12 1 1 10 12 1 10 12 1 1 10 12 1 1 10 10 100 12 1 1 10 12 1 1 9 12 1 9 100 12 1 1 1 8 1 10 7 12 1 1 1 10 12 1 1 7 1 10 12 1 1 9 12 1 8 1 100 1 10 12 1 10 12 1 100 1 8 1 10 10 12 1 10 12 1 1 100 1 10 12 1 1 10 12 1 10 12 1 10 12 1 1 10 12 1 1 9 12 1 1 8 10 12 1 1 9 12 1 1 100 1 10 10 12 1 10 7 12 1 1 1 10 12 1 1 10 12 1 1 10 12 1 10 7 12 1 1 1 7 1 8 1 10 10 12 10 12 1 1 7 1 7 1 7 1 8 1 10 12 1 10 7 12 1 1 1 1 1 1 1 1 1 1 1 1 1 1 1 1 1 1 1 1 1 1 1 1 1 1 1 1 1 1 1 1 1 1 1 1 1 1 1 1 1 1 1 1 1 1 1 1 1 1 1 1 1 1 1 7 1 7 1 1 1
staticfield java/lang/invoke/CallSite $assertionsDisabled Z 1
ciInstanceKlass java/lang/invoke/ConstantCallSite 1 1 65 10 7 12 1 1 1 9 7 12 1 1 1 9 12 1 1 10 7 12 1 1 1 10 12 1 100 1 10 12 9 12 1 1 100 1 10 10 12 1 1 10 12 1 1 1 1 1 1 1 1 1 1 1 1 1 100 1 1 1 1 1 1 1 1
staticfield java/lang/invoke/ConstantCallSite UNSAFE Ljdk/internal/misc/Unsafe; jdk/internal/misc/Unsafe
instanceKlass java/lang/invoke/DirectMethodHandle$Special
instanceKlass java/lang/invoke/DirectMethodHandle$StaticAccessor
instanceKlass java/lang/invoke/DirectMethodHandle$Interface
instanceKlass java/lang/invoke/DirectMethodHandle$Constructor
instanceKlass java/lang/invoke/DirectMethodHandle$Accessor
ciInstanceKlass java/lang/invoke/DirectMethodHandle 1 1 923 7 1 7 1 100 1 7 1 7 1 10 7 12 1 1 1 10 7 12 1 1 1 7 1 10 12 1 10 12 1 1 10 7 12 1 1 10 12 1 1 10 12 1 10 12 1 7 1 10 12 1 1 10 12 1 1 10 12 1 10 12 1 1 10 7 12 1 1 1 10 12 1 9 12 1 1 100 1 10 9 12 1 1 9 12 1 10 12 1 10 12 1 10 12 1 1 10 12 1 10 12 1 10 12 1 10 7 12 1 1 1 10 12 1 10 12 1 1 8 1 10 12 1 1 7 1 10 12 1 7 1 10 10 12 1 10 12 1 10 12 1 10 7 12 1 1 1 10 12 1 1 7 1 10 12 1 10 12 1 7 1 10 12 1 10 12 1 1 10 12 1 1 10 12 1 8 10 7 12 1 1 1 10 12 1 10 12 1 10 12 1 1 10 12 1 9 7 12 1 1 1 7 1 10 12 1 10 7 12 1 1 1 10 12 1 10 12 1 1 9 12 1 1 7 1 10 8 1 10 12 1 1 10 12 1 1 8 1 10 12 1 10 12 1 10 10 12 1 10 12 1 10 12 1 10 12 1 10 12 1 1 10 12 1 10 12 1 1 10 12 1 10 12 1 1 10 10 7 12 1 1 1 10 12 1 10 12 1 1 10 12 1 10 12 1 1 8 1 9 7 12 1 1 1 8 1 9 12 1 9 12 1 8 1 9 12 1 9 12 1 8 1 9 12 1 9 12 1 8 1 10 12 1 10 12 1 1 9 12 1 1 7 1 10 12 1 1 7 1 10 7 12 1 1 1 10 12 1 1 10 12 1 10 12 1 1 7 1 10 12 1 1 10 12 1 10 12 1 1 7 1 10 12 1 1 10 12 1 10 7 12 1 1 1 10 12 1 10 12 1 1 10 12 1 9 12 1 1 10 7 1 9 12 9 12 1 10 7 12 1 1 1 10 12 1 7 1 7 1 7 1 9 12 1 1 10 7 12 1 1 1 10 12 10 12 1 100 1 10 12 1 10 12 1 1 8 1 9 12 1 9 12 1 10 12 1 1 9 12 1 1 10 100 12 1 1 1 9 12 1 1 9 12 1 1 10 12 1 10 12 1 10 12 1 10 12 1 1 10 12 1 9 12 1 10 12 1 10 12 1 10 12 1 10 12 1 1 10 12 1 1 9 12 1 1 10 12 1 1 9 7 12 1 1 1 9 12 1 9 12 1 9 12 1 9 12 1 9 12 1 9 12 1 9 12 1 9 12 1 9 12 1 9 12 1 9 12 1 9 12 1 9 12 1 9 12 1 9 12 1 9 12 1 9 12 1 9 12 1 9 12 1 9 12 1 9 12 1 9 12 1 9 12 1 9 12 1 9 12 1 9 12 1 9 12 1 9 12 1 9 12 1 9 12 1 9 12 1 9 12 1 9 12 1 9 12 1 9 12 1 9 12 1 8 1 9 12 1 1 9 12 1 1 10 12 1 10 12 1 1 9 7 1 10 12 1 9 12 1 1 10 12 10 12 1 10 12 1 10 12 1 10 12 1 10 8 1 8 1 8 1 8 1 10 12 1 1 9 12 1 1 10 12 1 10 100 12 1 1 1 8 9 12 1 1 10 12 1 1 8 1 8 8 9 12 1 8 1 8 8 8 8 8 1 8 10 12 1 7 1 10 12 1 8 1 8 1 10 12 1 10 12 1 10 12 1 10 12 1 1 7 1 1 1 1 3 1 3 1 3 1 3 1 3 1 3 1 3 1 3 1 3 1 3 1 1 1 1 1 1 1 1 1 1 3 1 3 1 1 1 1 3 1 1 1 1 1 1 1 1 1 1 1 1 1 1 1 1 1 1 1 1 1 1 1 1 1 1 1 1 1 1 1 1 1 1 1 1 1 1 1 1 1 1 1 1 1 1 1 1 1 1 1 1 1 1 1 1 1 100 1 1 1 1 1 1 1 1 1 100 1 1 1 1 1 1 1 1 1 1 1 1 1 1 1 1 1 1 1 1 1 1 1 1 1 1 1 1 1 1 1 1 1 1 1 1 1 1 1 1 1 1 1 1 1 1 1 1 1 1 1 1
staticfield java/lang/invoke/DirectMethodHandle IMPL_NAMES Ljava/lang/invoke/MemberName$Factory; java/lang/invoke/MemberName$Factory
staticfield java/lang/invoke/DirectMethodHandle FT_UNCHECKED_REF I 8
staticfield java/lang/invoke/DirectMethodHandle ACCESSOR_FORMS [Ljava/lang/invoke/LambdaForm; 132 [Ljava/lang/invoke/LambdaForm;
staticfield java/lang/invoke/DirectMethodHandle ALL_WRAPPERS [Lsun/invoke/util/Wrapper; 10 [Lsun/invoke/util/Wrapper;
staticfield java/lang/invoke/DirectMethodHandle NFS [Ljava/lang/invoke/LambdaForm$NamedFunction; 12 [Ljava/lang/invoke/LambdaForm$NamedFunction;
staticfield java/lang/invoke/DirectMethodHandle OBJ_OBJ_TYPE Ljava/lang/invoke/MethodType; java/lang/invoke/MethodType
staticfield java/lang/invoke/DirectMethodHandle LONG_OBJ_TYPE Ljava/lang/invoke/MethodType; java/lang/invoke/MethodType
staticfield java/lang/invoke/DirectMethodHandle $assertionsDisabled Z 1
ciMethod java/lang/invoke/DirectMethodHandle allocateInstance (Ljava/lang/Object;)Ljava/lang/Object; 768 0 56422 0 0
ciMethod java/lang/invoke/DirectMethodHandle constructorMethod (Ljava/lang/Object;)Ljava/lang/Object; 768 0 56422 0 0
ciInstanceKlass java/lang/invoke/MutableCallSite 0 0 63 10 100 12 1 1 1 10 12 1 9 100 12 1 1 1 10 12 1 10 12 1 1 9 12 1 1 10 100 12 1 1 1 10 100 12 1 1 1 10 12 1 1 1 1 1 1 1 1 1 1 1 1 1 1 1 1 1 1 100 1 1 1
ciInstanceKlass java/lang/invoke/VolatileCallSite 0 0 37 10 100 12 1 1 1 10 12 1 10 100 12 1 1 1 10 12 1 10 12 1 1 1 1 1 1 1 1 1 1 1 1 1 1 1 1
ciInstanceKlass java/lang/invoke/ResolvedMethodName 1 1 16 10 100 12 1 1 1 100 1 1 1 1 1 1 1 1
ciInstanceKlass java/lang/invoke/MethodHandleNatives 1 1 685 100 1 10 7 12 1 1 1 9 7 12 1 1 1 10 12 1 1 100 1 10 10 12 1 1 10 12 1 10 12 1 8 1 8 1 8 1 8 1 8 1 8 1 8 1 8 1 8 1 8 1 10 12 1 1 7 1 10 7 12 1 1 1 10 7 12 1 1 1 7 1 10 10 12 1 1 8 1 10 12 1 8 1 10 12 1 1 8 1 10 12 1 1 9 7 12 1 1 1 8 1 10 100 12 1 1 1 7 1 10 12 100 1 100 1 8 1 7 1 10 10 12 1 7 1 9 7 12 1 1 10 12 1 1 10 12 1 10 7 12 1 1 1 10 12 1 1 9 12 1 8 1 10 12 1 1 10 12 1 8 1 10 12 1 1 7 1 10 12 1 10 7 12 1 1 1 10 12 1 10 12 1 1 10 12 1 1 8 1 10 12 1 1 8 1 10 12 1 8 1 8 1 8 1 7 1 10 12 1 8 1 10 7 12 1 1 1 10 12 1 1 10 7 12 1 1 10 10 12 1 1 10 12 1 10 100 12 1 1 1 100 1 8 1 10 100 12 1 1 1 7 1 8 1 10 12 1 8 1 8 1 8 1 8 1 8 1 10 12 1 1 10 12 1 1 10 12 1 10 12 1 1 10 12 1 1 7 1 10 12 1 7 1 7 1 10 12 1 10 12 1 8 1 8 1 10 10 12 1 1 10 12 1 1 8 1 10 7 12 1 1 8 1 8 1 10 12 1 1 10 7 12 1 1 1 100 1 10 12 1 1 7 1 9 12 1 1 10 7 12 1 1 1 10 10 12 1 9 12 1 10 12 1 9 12 1 9 12 1 10 12 1 1 10 12 1 10 12 1 1 7 1 7 1 10 12 1 1 10 12 1 10 12 1 1 10 7 12 1 1 1 10 12 1 8 1 10 12 1 10 12 1 10 12 1 1 10 12 1 10 7 12 1 1 1 10 12 1 1 100 1 8 1 10 9 7 12 1 1 1 10 12 1 1 10 12 1 1 7 1 10 12 1 1 10 12 1 1 100 1 100 1 10 10 100 1 100 1 10 100 1 10 10 12 1 1 10 7 1 10 12 1 10 12 1 1 10 12 1 1 10 12 1 1 10 12 1 10 12 1 1 10 8 1 10 12 1 10 12 1 10 12 1 10 12 1 10 12 1 1 10 12 1 10 12 1 10 12 1 10 10 7 12 1 1 10 12 1 1 1 1 1 1 1 1 1 1 1 1 1 7 1 1 1 1 1 1 1 1 1 1 1 1 1 1 1 1 1 1 1 1 1 1 1 1 1 1 1 1 1 1 1 1 1 1 1 1 1 1 1 1 1 1 1 1 1 1 1 1 1 1 1 1 1 1 1 1 1 1 1 1 1 1 1 100 1 1 1 1 1 1 1 1 1 1 1 1 1 1 1 1 1 1 1 1 1 1 1 1 1 1 1 1 1 1 1 1 1 100 1 1 1 1 1 1 1 1 1 1 1 1 1 1 1 1 1 1 1 1 1 1 1 1 1 1 1 1 1 1 1 1 100 1 1
staticfield java/lang/invoke/MethodHandleNatives $assertionsDisabled Z 1
ciInstanceKlass jdk/internal/foreign/abi/NativeEntryPoint 0 0 194 10 7 12 1 1 1 9 7 12 1 1 1 9 12 1 1 100 1 8 1 10 12 1 10 12 1 1 100 1 10 100 12 1 1 1 10 12 1 9 12 1 1 18 12 1 1 10 100 12 1 1 1 10 7 12 1 1 1 9 7 12 1 1 1 7 1 10 8 1 10 12 1 1 10 12 1 10 12 1 1 8 1 10 12 1 1 7 1 8 1 10 12 1 10 12 1 1 10 12 1 9 12 1 1 18 12 1 1 10 100 12 1 1 1 10 12 1 1 10 12 1 10 100 12 1 1 1 10 1 1 1 1 1 1 1 1 1 1 1 1 1 1 1 1 1 1 1 1 1 1 1 1 1 1 1 1 1 1 1 1 1 1 1 1 1 16 1 15 10 12 16 1 16 15 10 12 15 10 100 12 1 1 1 1 1 100 1 1 100 1 100 1 1
ciInstanceKlass jdk/internal/foreign/abi/ABIDescriptor 0 0 55 10 100 12 1 1 1 9 100 12 1 1 1 9 12 1 1 9 12 1 9 12 1 9 12 1 1 9 12 1 9 12 1 1 9 12 1 9 12 1 9 12 1 9 12 1 1 1 1 1 1 1 1 1 1
ciInstanceKlass jdk/internal/foreign/abi/VMStorage 0 0 91 10 7 12 1 1 1 9 7 12 1 1 1 9 12 1 1 9 12 1 1 9 12 1 1 7 1 10 8 1 10 12 1 1 10 12 1 10 12 1 1 10 12 1 18 12 1 18 12 1 1 18 12 1 1 1 1 1 1 1 1 1 1 1 1 1 1 1 1 1 1 1 8 1 15 15 15 15 15 10 100 12 1 1 1 1 100 1 100 1 1
ciInstanceKlass jdk/internal/foreign/abi/UpcallLinker$CallRegs 0 0 66 10 7 12 1 1 1 9 7 12 1 1 1 9 12 1 18 12 1 1 18 12 1 1 18 12 1 1 1 1 1 1 1 1 1 1 1 1 1 1 1 1 1 1 100 1 1 1 8 1 15 15 15 10 100 12 1 1 1 1 1 100 1 100 1 1
ciInstanceKlass java/lang/StackWalker 1 1 271 9 7 12 1 1 1 7 1 10 7 12 1 1 1 10 12 1 1 10 7 12 1 1 1 10 12 1 1 10 12 1 11 7 12 1 1 1 10 12 1 1 10 12 1 1 10 12 1 1 100 1 8 1 10 12 1 10 12 1 10 12 1 10 7 12 1 1 9 12 1 1 9 12 1 1 9 12 1 1 9 12 1 1 10 12 1 1 9 12 1 1 9 12 1 1 9 12 1 1 10 7 12 1 1 1 11 12 1 1 100 1 8 1 10 10 7 12 1 1 9 12 1 1 10 12 1 1 10 7 12 1 1 1 10 100 12 1 1 1 18 12 1 1 100 1 8 1 10 8 1 10 12 1 1 10 7 12 1 1 1 10 12 1 1 9 7 12 1 1 11 100 12 1 1 1 10 12 1 1 1 1 1 1 1 1 1 1 1 1 1 1 1 1 1 1 1 1 1 1 1 1 1 1 1 1 1 1 1 1 1 1 1 1 1 1 1 1 1 1 1 1 1 1 1 1 1 1 1 1 1 1 1 1 1 1 1 1 1 1 1 1 1 1 7 1 1 16 15 10 12 16 1 15 10 100 12 1 1 1 1 1 1 1 1 1 100 1 100 1 1
staticfield java/lang/StackWalker DEFAULT_EMPTY_OPTION Ljava/util/EnumSet; java/util/RegularEnumSet
staticfield java/lang/StackWalker DEFAULT_WALKER Ljava/lang/StackWalker; java/lang/StackWalker
ciInstanceKlass java/lang/StackWalker$StackFrame 0 0 41 100 1 10 12 1 1 100 1 100 1 1 1 1 1 1 1 1 1 1 1 1 1 1 1 1 1 1 1 1 1 1 1 1 1 1 1 100 1 1 1
instanceKlass java/lang/LiveStackFrameInfo
ciInstanceKlass java/lang/StackFrameInfo 0 0 142 10 7 12 1 1 1 9 7 12 1 1 1 9 7 1 9 12 1 1 11 100 12 1 1 1 9 12 1 1 11 12 1 1 10 12 1 1 10 7 12 1 1 1 10 12 1 11 12 1 11 12 1 1 11 12 1 10 12 1 1 9 12 1 1 10 12 1 1 10 7 12 1 1 10 12 1 1 11 12 1 1 9 12 1 1 10 7 1 10 12 1 9 12 1 1 10 12 1 1 100 1 8 1 10 12 1 10 100 12 1 1 1 7 1 1 1 1 1 1 1 1 1 1 1 1 1 1 1 1 1 1 7 1 1 7 1 1 1 1 1 1
ciInstanceKlass java/lang/LiveStackFrameInfo 0 0 97 10 7 12 1 1 1 9 7 12 1 1 1 9 12 1 9 12 1 9 12 1 9 12 1 1 7 1 10 12 1 1 10 12 1 8 1 10 12 1 1 8 1 8 1 8 1 10 100 1 10 12 1 100 1 10 12 1 7 1 7 1 1 1 3 1 3 1 1 1 1 1 1 1 1 1 1 1 1 1 1 1 1 1 1 1 1 1 1 1 1 1 1 1 100 1 1
ciInstanceKlass java/lang/LiveStackFrame 0 0 135 100 1 10 100 12 1 1 1 11 7 12 1 1 1 11 12 1 10 7 12 1 1 1 100 1 8 1 10 12 1 1 10 7 12 1 1 1 9 100 12 1 1 1 10 7 12 1 1 1 10 7 12 1 1 1 11 12 1 10 12 1 7 1 7 1 1 1 1 1 1 1 1 1 1 1 1 1 1 1 1 1 1 1 1 1 1 1 1 1 1 1 1 100 1 1 1 1 1 1 1 100 1 8 1 1 12 10 1 1 1 8 1 1 1 8 1 1 1 8 1 1 1 8 1 1 8 1 1 1 8 1 1 8 1
instanceKlass java/lang/StackStreamFactory$CallerClassFinder
ciInstanceKlass java/lang/StackStreamFactory$AbstractStackWalker 1 1 375 7 1 7 1 3 10 7 12 1 1 1 10 7 12 1 1 10 7 12 1 1 1 9 12 1 1 10 12 1 1 9 12 1 1 9 12 1 1 9 12 1 1 9 12 1 10 7 12 1 1 1 10 12 1 1 10 7 12 1 1 9 12 1 1 9 12 1 1 10 12 1 1 9 7 12 1 1 1 10 12 1 1 10 12 1 9 12 1 1 10 7 12 1 1 1 10 12 1 1 9 12 1 1 9 7 12 1 1 1 7 1 10 8 1 10 12 1 1 10 12 1 8 1 10 12 1 1 10 100 12 1 1 1 100 1 8 1 10 12 1 8 1 10 12 10 7 12 1 1 9 12 1 8 1 5 0 8 1 8 1 9 12 1 1 10 12 1 1 18 12 1 1 10 7 12 1 1 1 10 12 1 1 10 12 1 10 12 1 9 12 1 10 12 1 10 12 1 10 12 1 10 12 1 10 12 1 10 12 1 1 8 1 10 12 1 10 12 1 10 12 1 10 12 1 1 8 1 10 12 1 1 10 12 1 1 10 12 1 1 10 12 1 10 12 1 10 100 12 1 1 1 10 12 1 10 12 1 9 12 1 8 1 10 12 1 10 12 1 10 12 1 1 10 12 1 10 12 1 10 12 1 1 10 12 1 10 12 1 10 12 1 10 12 1 10 12 1 10 12 1 1 10 12 1 1 10 12 1 8 1 1 1 1 1 1 1 1 1 1 1 1 1 7 1 1 1 1 1 1 1 7 1 1 1 1 7 1 1 1 1 1 1 1 1 1 1 1 1 1 1 1 1 1 1 1 16 15 15 10 100 12 1 1 1 1 1 1 1 1 100 1 100 1 1
ciInstanceKlass jdk/internal/module/Modules 1 1 504 10 7 12 1 1 1 9 7 12 1 1 1 11 7 12 1 1 1 11 12 1 1 11 12 1 1 11 12 1 1 11 12 1 11 12 1 11 12 1 11 12 1 11 12 1 1 10 7 12 1 1 1 10 100 12 1 1 1 18 12 1 1 10 7 12 1 1 1 7 1 10 7 12 1 1 1 10 100 12 1 1 1 10 100 12 1 1 10 12 1 1 11 12 1 9 12 1 1 11 7 12 1 1 1 10 12 1 1 10 10 12 1 10 9 12 1 1 10 100 12 1 1 10 12 1 1 10 100 12 1 1 100 1 11 100 12 1 1 1 10 100 12 1 1 1 11 100 12 1 1 10 12 1 1 10 100 12 1 1 10 100 12 1 1 1 10 12 1 1 10 12 1 1 11 12 1 1 18 12 1 1 11 100 12 1 1 10 100 12 1 1 1 11 100 12 1 1 1 7 1 11 12 1 1 11 7 12 1 1 1 11 12 1 1 10 12 1 1 10 100 12 1 1 18 12 1 1 11 12 1 1 18 12 1 1 11 12 1 1 10 12 1 18 18 10 12 1 1 9 12 1 1 11 7 12 1 1 1 100 1 10 11 12 1 11 12 1 1 11 12 1 1 10 100 1 10 12 1 1 10 100 12 1 1 10 12 1 1 11 12 10 12 1 1 7 1 10 18 12 1 10 12 1 1 7 1 8 1 10 12 1 10 100 12 1 1 18 12 1 11 11 12 10 12 1 10 10 100 1 18 12 1 10 10 10 7 12 1 1 10 7 12 1 1 1 10 12 1 1 1 1 1 1 1 1 1 1 1 1 1 1 1 1 1 1 1 1 1 1 1 1 1 1 1 1 1 1 1 1 1 100 1 1 1 1 1 1 1 1 1 1 1 1 1 1 1 1 1 1 1 1 1 1 1 1 1 1 1 1 1 1 1 1 1 1 1 7 1 1 1 1 1 1 1 1 1 1 1 1 1 1 1 1 1 1 1 1 1 1 1 16 15 10 12 1 16 16 15 10 12 1 16 1 16 1 15 10 12 1 16 1 16 1 15 10 12 16 1 15 10 16 1 15 10 12 16 1 15 10 12 16 15 10 12 16 15 10 12 15 10 100 12 1 1 1 1 1 1 100 1 100 1 1
staticfield jdk/internal/module/Modules JLA Ljdk/internal/access/JavaLangAccess; java/lang/System$2
staticfield jdk/internal/module/Modules JLMA Ljdk/internal/access/JavaLangModuleAccess; java/lang/module/ModuleDescriptor$1
staticfield jdk/internal/module/Modules $assertionsDisabled Z 1
ciInstanceKlass java/lang/invoke/Invokers$Holder 1 1 128 1 100 1 100 1 1 1 1 1 1 1 7 1 7 1 7 1 1 12 10 1 1 12 10 1 1 12 10 1 1 100 1 1 12 9 1 1 1 12 10 1 1 1 12 10 1 1 12 10 1 1 12 10 1 12 10 1 1 1 12 10 1 1 100 1 1 12 10 1 12 10 1 1 12 10 1 12 10 1 1 12 10 1 1 12 10 1 12 10 1 1 12 10 1 1 12 10 1 1 12 10 1 12 10 12 10 12 10 12 10 12 10 1 1 12 10 1 1 12 10 1 1 12 10 1 1 1
ciMethod java/lang/invoke/Invokers$Holder linkToTargetMethod (Ljava/lang/Object;)Ljava/lang/Object; 768 0 51828 0 -1
ciMethod java/lang/invoke/Invokers$Holder linkToTargetMethod (Ljava/lang/Object;Ljava/lang/Object;Ljava/lang/Object;)Ljava/lang/Object; 772 0 4846 0 -1
ciInstanceKlass java/lang/invoke/DirectMethodHandle$Holder 1 1 548 1 100 1 100 1 1 1 1 1 1 1 7 1 1 12 10 1 12 10 1 7 1 7 1 1 12 10 1 1 1 1 12 10 1 1 12 10 1 1 12 10 1 1 12 10 1 1 12 10 1 1 12 10 1 1 12 10 1 1 12 10 1 1 12 10 1 1 12 10 1 1 12 10 1 1 12 10 1 1 12 10 1 1 12 10 1 1 12 10 1 1 12 10 1 1 12 10 1 1 12 10 1 1 12 10 1 1 12 10 1 1 12 10 1 1 12 10 1 1 12 10 1 1 12 10 1 1 12 10 1 1 12 10 1 1 12 10 1 1 12 10 1 1 12 10 1 1 12 10 1 1 12 10 1 1 12 10 1 1 12 10 1 1 12 10 1 1 12 10 1 1 12 10 1 1 12 10 1 1 12 10 1 1 12 10 1 1 12 10 1 1 12 10 1 1 12 10 1 1 12 10 1 1 12 10 1 1 12 10 1 1 12 10 1 1 12 10 1 1 12 10 1 1 12 10 1 1 12 10 1 1 12 10 12 10 12 10 1 1 12 10 12 10 1 1 12 10 1 1 12 10 12 10 12 10 12 10 1 1 12 10 12 10 1 1 12 10 12 10 1 1 12 10 1 1 12 10 12 10 12 10 12 10 12 10 1 1 12 10 1 1 12 10 1 1 12 10 1 1 12 10 1 1 12 10 1 1 12 10 1 1 12 10 1 1 12 10 1 1 12 10 1 1 12 10 1 1 12 10 1 1 12 10 1 1 12 10 1 1 12 10 12 10 12 10 12 10 1 12 10 1 1 12 10 1 1 12 10 1 1 1 1 12 10 12 10 1 1 12 10 1 12 10 12 10 1 1 12 10 1 12 10 12 10 1 1 1 12 10 1 12 10 1 100 1 1 12 9 1 100 1 12 10 1 12 10 1 1 1 12 10 1 12 10 1 1 12 10 1 12 10 1 1 1 12 10 1 12 10 1 1 12 10 1 12 10 1 1 12 10 1 12 10 1 1 12 10 1 12 10 1 1 12 10 1 12 10 1 1 12 10 1 12 10 1 1 12 10 1 12 10 1 1 12 10 1 12 10 1 1 1 12 10 1 12 10 1 1 1 12 10 1 12 10 1 1 1 1 12 10 1 12 10 1 1 1 12 10 1 12 10 1 1 1 1 1 12 10 1 12 10 1 1 1 12 10 1 12 10 1 1 1 12 10 1 12 10 1 1 12 10 1 12 10 1 1 1
ciMethod java/lang/invoke/DirectMethodHandle$Holder newInvokeSpecial (Ljava/lang/Object;Ljava/lang/Object;Ljava/lang/Object;)Ljava/lang/Object; 512 0 2396 0 -1
instanceKlass com/lowagie/text/Phrase
ciInstanceKlass java/util/ArrayList 1 1 509 10 7 12 1 1 1 7 1 9 7 12 1 1 1 9 12 1 100 1 7 1 10 8 1 10 12 1 1 10 12 1 10 12 1 1 10 12 1 9 12 1 11 7 12 1 1 1 9 12 1 1 11 12 1 1 7 10 7 12 1 1 1 9 12 1 10 12 1 10 12 1 1 10 7 12 1 1 1 10 7 12 1 1 1 10 12 1 1 10 12 1 1 10 12 1 1 10 12 1 10 12 1 1 100 1 7 1 10 12 1 10 10 7 12 1 1 1 10 7 12 1 1 10 12 1 100 1 10 10 12 10 12 1 1 10 12 1 1 10 12 1 10 12 10 12 1 1 7 1 10 12 1 1 10 12 1 1 10 12 1 100 1 10 11 12 1 1 11 7 12 1 1 1 11 12 1 10 12 1 10 12 1 10 12 1 1 100 1 10 12 1 1 10 10 12 1 1 10 12 1 8 1 8 1 8 1 8 1 10 12 1 1 10 12 1 1 11 12 1 7 1 10 100 12 1 1 10 12 1 10 12 1 1 10 100 12 1 1 10 12 1 10 100 12 1 1 1 11 100 12 1 1 1 10 12 1 100 1 8 1 10 100 1 10 12 1 7 1 10 12 1 10 12 1 1 7 1 10 12 1 10 12 1 1 11 100 12 1 1 7 1 10 12 1 10 12 1 1 11 100 12 1 1 10 12 1 1 10 12 1 1 10 12 1 1 10 12 1 1 11 100 12 1 1 10 12 1 1 7 1 7 1 7 1 1 1 1 5 0 1 3 1 1 1 1 1 1 1 1 1 1 1 1 1 1 1 1 1 1 1 1 1 1 1 1 1 1 1 1 1 1 1 1 1 1 1 1 1 1 1 1 1 1 1 1 1 1 1 1 1 1 1 1 1 1 1 1 1 1 1 1 1 1 1 1 1 1 1 1 1 1 1 1 1 1 1 1 1 1 1 1 1 1 1 1 1 1 1 1 1 1 1 1 1 1 1 1 1 1 1 1 1 1 1 1 100 1 1 1 1 7 1 1 1 1 1 1 1 1 1 1 1 1 1 1 1 1 1 1 1 1 1 1 1 1 1 1 1 1 1 100 1 1 1 1 1 1 1 1 1 1 1 1 1 1 1 1 1 1 100 1 100 1 1 1 1 1 1
staticfield java/util/ArrayList EMPTY_ELEMENTDATA [Ljava/lang/Object; 0 [Ljava/lang/Object;
staticfield java/util/ArrayList DEFAULTCAPACITY_EMPTY_ELEMENTDATA [Ljava/lang/Object; 0 [Ljava/lang/Object;
ciInstanceKlass java/util/RandomAccess 1 0 7 100 1 100 1 1 1
ciMethod java/util/ArrayList size ()I 260 0 130 0 0
ciMethod java/util/ArrayList isEmpty ()Z 1024 0 7140 0 96
ciMethod java/util/ArrayList add (Ljava/lang/Object;)Z 768 0 24125 0 1984
ciMethod java/util/ArrayList contains (Ljava/lang/Object;)Z 512 0 7853 0 0
ciMethod java/util/ArrayList addAll (Ljava/util/Collection;)Z 134 0 1870 0 0
ciMethod java/util/ArrayList get (I)Ljava/lang/Object; 520 0 35238 0 200
ciMethod java/util/ArrayList indexOf (Ljava/lang/Object;)I 512 0 8531 0 0
ciMethod java/util/ArrayList elementData (I)Ljava/lang/Object; 520 0 39970 0 144
ciMethod java/util/ArrayList indexOfRange (Ljava/lang/Object;II)I 512 5098 6443 0 664
ciMethod java/util/ArrayList <init> ()V 234 0 38979 0 280
ciMethod java/util/ArrayList <init> (I)V 1024 0 7736 0 -1
ciMethod java/util/ArrayList add (Ljava/lang/Object;[Ljava/lang/Object;I)V 768 0 24125 0 0
ciMethod java/util/ArrayList grow ()[Ljava/lang/Object; 210 0 11098 0 0
ciMethod java/util/ArrayList grow (I)[Ljava/lang/Object; 226 0 11397 0 1552
ciInstanceKlass java/util/Comparator 1 1 288 10 100 12 1 1 1 10 7 12 1 1 1 18 12 1 1 7 1 7 1 11 12 1 1 11 12 1 11 12 1 11 12 1 1 11 12 1 1 11 12 1 1 10 12 1 9 100 12 1 1 1 100 1 10 12 1 1 18 12 1 18 12 18 12 18 12 18 12 10 100 12 1 1 1 10 7 12 1 1 1 8 1 10 12 1 1 8 1 8 1 8 1 8 1 8 1 10 12 1 10 12 1 8 10 7 1 10 12 1 8 10 12 1 8 1 10 12 1 10 12 1 8 1 10 12 1 1 100 1 8 1 7 1 8 1 8 1 100 1 8 1 8 1 100 1 100 1 8 1 10 12 1 11 12 1 1 10 7 12 1 1 11 12 1 1 10 7 12 1 1 11 12 1 1 10 7 12 1 1 11 12 1 7 1 11 12 1 11 12 1 1 1 1 1 1 1 1 1 1 1 1 1 1 1 1 1 1 1 1 1 1 1 1 1 1 1 1 1 1 1 1 1 1 1 1 1 1 1 1 1 1 1 1 1 1 1 1 1 1 1 1 1 1 1 1 1 1 1 1 16 15 11 12 3 3 15 11 12 15 11 12 15 11 12 15 11 12 15 11 12 15 10 7 12 1 1 1 1 100 1 1 1 100 1 100 1 1
instanceKlass com/sun/javafx/scene/KeyboardShortcutsHandler$CopyOnWriteMap$1
instanceKlass sun/util/resources/ParallelListResourceBundle$KeySet
instanceKlass java/util/LinkedHashMap$LinkedEntrySet
instanceKlass java/util/concurrent/ConcurrentSkipListMap$KeySet
instanceKlass java/util/concurrent/ConcurrentSkipListSet
instanceKlass java/util/Collections$SingletonSet
instanceKlass java/util/WeakHashMap$EntrySet
instanceKlass javafx/collections/FXCollections$UnmodifiableObservableSet
instanceKlass com/sun/javafx/css/BitSet
instanceKlass java/util/TreeMap$KeySet
instanceKlass java/util/TreeSet
instanceKlass javafx/collections/FXCollections$EmptyObservableSet
instanceKlass java/lang/ProcessEnvironment$CheckedEntrySet
instanceKlass java/util/LinkedHashMap$LinkedKeySet
instanceKlass java/util/TreeMap$EntrySet
instanceKlass java/util/concurrent/CopyOnWriteArraySet
instanceKlass java/util/IdentityHashMap$KeySet
instanceKlass java/util/EnumSet
instanceKlass java/util/HashMap$KeySet
instanceKlass java/util/WeakHashMap$KeySet
instanceKlass java/util/Collections$SetFromMap
instanceKlass java/util/HashSet
instanceKlass java/util/ImmutableCollections$MapN$1
instanceKlass java/util/Collections$EmptySet
instanceKlass java/util/HashMap$EntrySet
ciInstanceKlass java/util/AbstractSet 1 1 96 10 7 12 1 1 1 7 1 7 1 11 12 1 1 10 7 1 10 12 1 1 100 1 100 1 10 12 1 1 11 7 12 1 1 1 11 12 1 1 10 7 12 1 1 10 100 12 1 1 1 11 10 12 1 1 11 12 1 11 12 1 1 1 1 1 1 1 1 1 1 1 1 1 1 1 1 100 1 1 1 1 1 1 1 1 1 1 1 1 1 1 1 1 1 1
ciInstanceKlass java/util/function/Function 1 1 77 10 100 12 1 1 1 18 12 1 1 18 18 12 1 11 7 12 1 7 1 1 1 1 1 1 1 1 1 1 1 1 1 1 1 1 1 1 1 1 1 1 1 1 1 1 1 1 1 1 1 1 1 1 16 15 11 12 15 11 12 15 11 12 15 10 7 12 1 1 1 1 100 1 100 1 1
ciMethod java/util/function/Function apply (Ljava/lang/Object;)Ljava/lang/Object; 0 0 1 0 -1
ciInstanceKlass jdk/internal/loader/BootLoader 1 1 258 10 7 12 1 1 1 9 7 12 1 1 1 10 7 12 1 1 1 10 7 12 1 1 1 9 12 1 1 9 12 1 1 10 7 12 1 1 1 10 12 1 1 9 12 1 1 11 7 12 1 1 1 10 12 1 10 7 12 1 1 1 10 7 12 1 1 1 10 12 1 1 10 7 12 1 1 1 100 1 10 12 1 10 7 12 1 1 1 10 12 1 1 10 12 1 1 10 12 1 10 12 1 1 10 12 1 1 10 12 1 1 10 10 7 12 1 1 1 10 12 1 1 10 12 1 10 100 12 1 1 1 10 12 1 1 10 100 12 1 1 1 18 12 1 1 11 100 12 1 1 1 10 7 12 1 1 1 10 7 12 1 1 9 12 1 1 11 12 1 1 11 12 1 1 10 12 1 1 7 1 10 10 12 1 1 1 1 1 1 1 1 1 1 1 1 1 1 1 1 1 1 1 1 1 1 1 1 1 1 1 1 1 100 1 1 1 1 1 1 1 1 100 1 1 1 1 1 1 1 1 1 1 100 1 100 1 1 16 1 15 10 12 16 15 10 100 12 1 1 1 1 1 100 1 100 1 1
staticfield jdk/internal/loader/BootLoader JLA Ljdk/internal/access/JavaLangAccess; java/lang/System$2
staticfield jdk/internal/loader/BootLoader UNNAMED_MODULE Ljava/lang/Module; java/lang/Module
staticfield jdk/internal/loader/BootLoader JAVA_HOME Ljava/lang/String; "C:\Program Files\Java\jdk-21.0.10"
staticfield jdk/internal/loader/BootLoader CLASS_LOADER_VALUE_MAP Ljava/util/concurrent/ConcurrentHashMap; java/util/concurrent/ConcurrentHashMap
staticfield jdk/internal/loader/BootLoader NATIVE_LIBS Ljdk/internal/loader/NativeLibraries; jdk/internal/loader/NativeLibraries
ciMethod jdk/internal/loader/BootLoader definePackage (Ljava/lang/Class;)Ljava/lang/Package; 0 0 1 0 -1
ciInstanceKlass java/lang/annotation/Annotation 0 0 17 100 1 100 1 1 1 1 1 1 1 1 1 1 1 1 1
ciMethod java/util/Map computeIfAbsent (Ljava/lang/Object;Ljava/util/function/Function;)Ljava/lang/Object; 538 0 7677 0 896
ciInstanceKlass java/util/WeakHashMap 1 1 399 7 1 10 7 12 1 1 1 7 1 10 9 7 12 1 1 1 100 1 7 1 10 8 1 10 12 1 1 10 12 1 10 12 1 1 10 12 1 3 10 7 12 1 1 1 8 1 10 12 1 10 7 12 1 1 1 10 12 1 1 9 12 1 1 9 12 1 1 9 12 1 1 4 10 12 1 11 7 12 1 1 1 6 0 10 100 12 1 1 1 10 12 1 1 10 12 1 1 9 12 1 1 10 12 1 1 10 12 1 1 10 7 12 1 1 10 12 1 10 12 1 1 9 12 1 10 12 1 9 12 1 1 9 12 1 9 12 10 12 1 10 10 12 1 1 10 12 1 10 12 1 1 10 12 1 1 10 12 1 1 9 12 1 10 12 1 10 12 1 1 7 1 3 10 12 1 1 11 12 1 1 11 7 12 1 1 1 11 7 12 1 1 1 11 12 7 1 11 12 1 11 12 1 10 12 1 1 10 10 7 12 1 1 1 10 12 1 9 12 1 1 7 1 10 12 1 9 12 1 1 7 1 10 9 12 7 1 10 10 100 12 1 1 10 12 1 11 100 12 1 1 1 100 1 10 11 100 12 1 1 8 1 10 12 1 10 12 10 1 1 3 1 1 1 1 1 1 1 1 1 1 1 1 1 1 1 1 1 1 1 1 1 1 1 1 1 1 1 1 1 1 1 1 1 7 1 1 1 1 1 100 1 1 1 1 1 1 1 1 1 1 1 1 1 1 1 1 1 1 1 1 1 1 1 1 1 1 1 1 1 1 1 7 1 1 1 1 1 1 1 1 1 1 1 1 1 1 1 1 1 1 1 1 1 1 1 1 1 1 100 1 100 1 100 1 100 1 100 1 100 1 100 1 100 1 1 1 1 1 1 1 1 1 1 1 1 1 1
staticfield java/util/WeakHashMap NULL_KEY Ljava/lang/Object; java/lang/Object
ciMethod java/util/WeakHashMap get (Ljava/lang/Object;)Ljava/lang/Object; 524 0 9587 0 680
ciMethod java/util/WeakHashMap put (Ljava/lang/Object;Ljava/lang/Object;)Ljava/lang/Object; 512 218 5379 0 5040
ciMethod java/util/WeakHashMap resize (I)V 6 0 30 0 -1
ciMethod java/util/WeakHashMap hash (Ljava/lang/Object;)I 516 0 5391 0 240
ciMethod java/util/WeakHashMap indexFor (II)I 486 0 22767 0 88
ciMethod java/util/WeakHashMap expungeStaleEntries ()V 512 0 18024 0 2304
ciMethod java/util/WeakHashMap maskNull (Ljava/lang/Object;)Ljava/lang/Object; 516 0 22543 0 104
ciMethod java/util/WeakHashMap getTable ()[Ljava/util/WeakHashMap$Entry; 520 0 22549 0 112
ciMethod java/util/WeakHashMap matchesKey (Ljava/util/WeakHashMap$Entry;Ljava/lang/Object;)Z 386 0 8433 0 240
ciInstanceKlass java/util/function/BiFunction 1 1 65 10 100 12 1 1 1 18 12 1 1 11 7 12 1 1 11 100 12 1 7 1 1 1 1 1 1 1 1 1 1 1 1 1 1 1 1 1 1 1 1 1 1 1 1 1 1 1 16 15 11 12 15 10 100 12 1 1 1 1 100 1 100 1 1
ciMethod java/util/function/BiFunction apply (Ljava/lang/Object;Ljava/lang/Object;)Ljava/lang/Object; 0 0 1 0 -1
ciInstanceKlass java/util/ImmutableCollections$ListN 1 1 119 10 7 12 1 1 1 9 7 12 1 1 1 9 12 1 1 100 1 8 1 10 12 1 100 1 10 12 1 10 7 12 1 1 1 10 7 12 1 1 1 10 12 1 10 7 12 1 1 1 100 1 10 10 100 12 1 1 1 7 1 1 1 1 1 1 1 1 1 1 1 1 1 1 1 1 1 1 1 1 1 1 1 1 1 1 1 1 1 100 1 7 1 1 1 1 1 1 1 1 1 1 1 1 1 1 1 100 1 1 1 1 1 1 7 1 1 1 1
ciInstanceKlass java/lang/invoke/DirectMethodHandle$Constructor 1 1 91 10 7 12 1 1 1 9 7 12 1 1 1 9 12 1 1 9 12 1 1 10 100 12 1 1 1 100 1 10 12 1 9 12 1 9 12 1 10 12 1 10 12 1 1 9 12 1 1 10 12 1 1 10 7 12 1 1 1 1 1 1 1 1 1 1 1 1 1 1 100 1 100 1 1 1 1 1 1 1 1 1 1 1 1 1 1 1 1 1 1
staticfield java/lang/invoke/DirectMethodHandle$Constructor $assertionsDisabled Z 1
ciInstanceKlass java/util/jar/Attributes$Name 1 1 231 9 7 12 1 1 1 11 7 12 1 1 1 10 12 1 1 10 7 12 1 1 10 12 1 1 9 12 1 1 10 7 12 1 1 1 9 12 1 1 8 10 7 12 1 1 1 10 12 1 1 100 1 10 10 12 1 1 10 12 1 1 11 12 1 1 10 7 12 1 1 1 8 1 9 12 1 1 8 1 9 12 1 8 1 9 12 1 8 1 9 12 1 8 1 9 12 1 8 1 9 12 1 8 1 9 12 1 8 1 9 12 1 8 1 9 12 1 8 1 9 12 1 8 1 9 12 1 8 1 9 12 1 8 1 9 12 1 8 1 9 12 1 8 1 9 12 1 8 1 9 12 1 8 1 9 12 1 8 1 9 12 1 7 1 10 12 1 10 12 1 1 8 1 8 1 8 1 8 1 8 1 8 1 8 1 8 1 8 1 11 12 1 1 1 1 1 1 1 1 1 1 1 1 1 1 1 1 1 1 1 1 1 1 1 1 1 1 1 1 1 1 1 1 1 1 1 1 100 1 1
staticfield java/util/jar/Attributes$Name MANIFEST_VERSION Ljava/util/jar/Attributes$Name; java/util/jar/Attributes$Name
staticfield java/util/jar/Attributes$Name SIGNATURE_VERSION Ljava/util/jar/Attributes$Name; java/util/jar/Attributes$Name
staticfield java/util/jar/Attributes$Name CONTENT_TYPE Ljava/util/jar/Attributes$Name; java/util/jar/Attributes$Name
staticfield java/util/jar/Attributes$Name CLASS_PATH Ljava/util/jar/Attributes$Name; java/util/jar/Attributes$Name
staticfield java/util/jar/Attributes$Name MAIN_CLASS Ljava/util/jar/Attributes$Name; java/util/jar/Attributes$Name
staticfield java/util/jar/Attributes$Name SEALED Ljava/util/jar/Attributes$Name; java/util/jar/Attributes$Name
staticfield java/util/jar/Attributes$Name EXTENSION_LIST Ljava/util/jar/Attributes$Name; java/util/jar/Attributes$Name
staticfield java/util/jar/Attributes$Name EXTENSION_NAME Ljava/util/jar/Attributes$Name; java/util/jar/Attributes$Name
staticfield java/util/jar/Attributes$Name EXTENSION_INSTALLATION Ljava/util/jar/Attributes$Name; java/util/jar/Attributes$Name
staticfield java/util/jar/Attributes$Name IMPLEMENTATION_TITLE Ljava/util/jar/Attributes$Name; java/util/jar/Attributes$Name
staticfield java/util/jar/Attributes$Name IMPLEMENTATION_VERSION Ljava/util/jar/Attributes$Name; java/util/jar/Attributes$Name
staticfield java/util/jar/Attributes$Name IMPLEMENTATION_VENDOR Ljava/util/jar/Attributes$Name; java/util/jar/Attributes$Name
staticfield java/util/jar/Attributes$Name IMPLEMENTATION_VENDOR_ID Ljava/util/jar/Attributes$Name; java/util/jar/Attributes$Name
staticfield java/util/jar/Attributes$Name IMPLEMENTATION_URL Ljava/util/jar/Attributes$Name; java/util/jar/Attributes$Name
staticfield java/util/jar/Attributes$Name SPECIFICATION_TITLE Ljava/util/jar/Attributes$Name; java/util/jar/Attributes$Name
staticfield java/util/jar/Attributes$Name SPECIFICATION_VERSION Ljava/util/jar/Attributes$Name; java/util/jar/Attributes$Name
staticfield java/util/jar/Attributes$Name SPECIFICATION_VENDOR Ljava/util/jar/Attributes$Name; java/util/jar/Attributes$Name
staticfield java/util/jar/Attributes$Name MULTI_RELEASE Ljava/util/jar/Attributes$Name; java/util/jar/Attributes$Name
instanceKlass java/util/concurrent/ConcurrentHashMap$ForwardingNode
instanceKlass java/util/concurrent/ConcurrentHashMap$ReservationNode
ciInstanceKlass java/util/concurrent/ConcurrentHashMap$Node 1 1 97 10 7 12 1 1 1 9 7 12 1 1 1 9 12 1 1 9 12 1 10 12 1 9 12 1 1 10 12 1 1 10 100 12 1 1 1 100 1 10 100 1 11 12 1 1 11 12 1 10 12 1 1 1 1 1 1 1 1 1 1 1 1 1 1 1 1 1 1 1 1 1 1 1 1 1 1 1 1 1 1 1 1 1 1 1 1 1 1 1 100 1 1 1 100 1 1
ciMethod java/util/concurrent/ConcurrentHashMap$Node find (ILjava/lang/Object;)Ljava/util/concurrent/ConcurrentHashMap$Node; 0 0 1 0 -1
ciMethod java/util/concurrent/ConcurrentHashMap$Node <init> (ILjava/lang/Object;Ljava/lang/Object;)V 514 0 12085 0 -1
ciInstanceKlass java/util/concurrent/ConcurrentHashMap$ReservationNode 1 1 34 100 1 10 7 12 1 1 1 100 1 1 1 1 1 1 1 1 1 1 1 1 1 1 1 1 1 1 1 1 1 1 1 1
ciMethod java/util/concurrent/ConcurrentHashMap$ReservationNode <init> ()V 222 0 189 0 -1
ciInstanceKlass java/util/concurrent/locks/Lock 1 0 19 100 1 100 1 1 1 1 1 100 1 1 1 1 1 1 1 1 1
instanceKlass jdk/internal/loader/NativeLibraries$CountedLock
instanceKlass java/util/concurrent/ConcurrentHashMap$Segment
ciInstanceKlass java/util/concurrent/locks/ReentrantLock 1 1 177 10 7 12 1 1 1 7 1 10 9 7 12 1 1 1 7 1 10 10 7 12 1 1 10 12 1 10 12 1 1 10 7 12 1 1 1 10 12 1 1 10 12 1 1 10 12 1 1 10 12 1 1 10 12 1 10 12 1 10 12 1 1 10 12 1 10 12 1 1 10 12 1 10 12 1 1 100 1 10 100 1 100 1 8 1 10 12 1 10 12 1 1 10 12 1 1 10 12 1 1 7 1 10 10 12 1 1 10 12 1 1 8 1 8 1 10 7 12 1 1 8 1 10 7 1 7 1 1 1 1 5 0 1 1 1 1 1 1 1 1 1 1 100 1 1 1 1 1 1 1 1 1 1 1 1 1 1 1 1 1 1 1 1 1 7 1 1 1 1 1 1 1 1 100 1 1
ciMethod java/util/concurrent/locks/ReentrantLock lock ()V 8 0 68811 0 1008
ciMethod java/util/concurrent/locks/ReentrantLock unlock ()V 6 0 69951 0 376
ciInstanceKlass java/util/concurrent/ConcurrentHashMap$ForwardingNode 1 1 71 100 1 10 7 12 1 1 1 9 7 12 1 1 1 10 12 1 1 9 12 1 1 9 12 1 1 10 100 12 1 1 1 10 12 1 1 9 12 1 1 1 1 1 1 1 1 1 1 1 1 1 1 1 1 1 1 1 1 1 1 1 100 1 1 1 1 1 1 1 1
ciInstanceKlass java/util/concurrent/locks/LockSupport 1 1 105 10 7 12 1 1 1 9 7 12 1 1 1 9 12 1 1 10 7 12 1 1 1 10 7 12 1 1 1 10 12 1 1 10 100 12 1 1 1 10 12 1 10 12 1 1 10 12 1 10 12 1 10 12 1 10 12 1 100 1 10 10 12 1 1 10 12 1 1 10 12 1 1 8 1 10 12 1 1 1 1 1 1 1 1 1 1 1 1 1 1 1 7 1 1 1 1 1 1 1 1 1 1 1 1
staticfield java/util/concurrent/locks/LockSupport U Ljdk/internal/misc/Unsafe; jdk/internal/misc/Unsafe
staticfield java/util/concurrent/locks/LockSupport PARKBLOCKER J 92
ciMethod java/util/concurrent/locks/LockSupport unpark (Ljava/lang/Thread;)V 2 0 5123 0 176
ciInstanceKlass java/lang/ref/ReferenceQueue$Null 1 1 29 10 7 12 1 1 1 100 1 1 1 1 1 1 1 1 1 1 1 1 1 1 1 1 1 1 1 1 1
ciMethod java/lang/ref/ReferenceQueue poll ()Ljava/lang/ref/Reference; 512 0 5516 0 1064
instanceKlass java/util/LinkedHashMap$Entry
ciInstanceKlass java/util/HashMap$Node 1 1 95 10 7 12 1 1 1 9 7 12 1 1 1 9 12 1 1 9 12 1 9 12 1 1 7 1 10 10 12 1 1 8 1 10 12 1 10 12 1 1 10 7 12 1 1 1 7 1 11 12 1 1 10 12 1 1 11 12 1 1 1 1 1 1 1 1 1 1 1 1 1 1 1 1 1 1 1 1 1 1 1 1 1 1 1 1 1 1 100 1 1 1 7 1 1
ciInstanceKlass java/util/HashMap$TreeNode 0 0 250 100 1 10 100 12 1 1 1 9 100 12 1 1 1 9 12 1 1 9 12 1 9 12 1 1 9 12 1 1 10 12 1 1 100 1 10 12 1 9 12 1 9 12 1 9 12 1 1 10 100 12 1 1 1 10 12 1 1 10 12 1 1 10 12 1 1 10 12 1 1 10 12 1 1 10 100 12 1 1 1 10 100 12 1 1 1 10 100 12 1 1 1 9 12 1 10 12 1 1 10 12 1 1 10 12 1 1 10 12 1 1 9 100 1 10 12 1 1 10 12 1 1 10 12 1 10 12 1 1 10 12 1 10 12 1 10 12 1 1 1 1 1 1 1 1 1 1 1 1 1 1 1 1 1 1 1 1 1 1 1 1 1 1 100 1 1 1 1 1 1 1 1 1 1 1 1 1 1 1 1 1 1 1 1 1 1 1 1 1 1 1 1 1 1 1 1 1 1 1 1 1 1 1 1 1 1 1 1 1 1 1 1 1 1 1 1 1 1 1 1 1 1 1 1 1 1 1 1 1 1 1 1 1 1 1 1 1 1 1 1 1 1 1 1 100 1 1 1 1
ciMethod java/util/HashMap$TreeNode getTreeNode (ILjava/lang/Object;)Ljava/util/HashMap$TreeNode; 0 0 1 0 -1
ciInstanceKlass java/util/HashMap$Values 1 1 120 9 7 12 1 1 1 10 7 12 1 1 1 9 7 12 1 1 1 10 12 1 7 1 10 12 1 10 12 1 1 7 1 10 12 1 7 1 10 12 1 1 10 12 1 100 1 10 9 12 1 1 9 12 1 9 100 12 1 1 1 11 100 12 1 1 1 9 12 1 1 100 1 10 1 1 1 1 1 1 1 1 1 1 1 1 1 1 1 1 1 1 1 1 1 1 1 1 1 1 1 1 1 1 1 1 1 1 1 100 1 1 1 1 1 1 1 1 1 1
ciInstanceKlass java/util/HashMap$ValueIterator 1 1 45 10 7 12 1 1 1 10 7 12 1 1 1 9 7 12 1 1 1 100 1 1 1 1 1 1 1 1 1 1 1 1 1 1 1 1 1 1 1 100 1 1 1 1 1
ciInstanceKlass jdk/internal/util/Preconditions$4 1 1 61 9 7 12 1 1 1 10 7 12 1 1 1 10 100 12 1 1 1 11 100 12 1 1 1 100 1 100 1 100 1 10 12 1 100 1 1 1 1 1 1 1 1 1 1 1 1 1 1 1 1 1 1 1 1 1 12 1 1 1 1
ciInstanceKlass java/util/Arrays$ArrayList 1 1 149 10 7 12 1 1 1 10 7 12 1 1 1 7 1 9 7 12 1 1 10 7 12 1 1 1 10 12 1 1 10 100 12 1 1 1 10 100 12 1 1 1 10 12 1 1 10 12 1 1 100 1 10 100 12 1 1 1 11 100 12 1 1 1 11 100 12 1 1 10 12 1 1 7 1 10 12 1 100 1 100 1 1 1 1 5 0 1 1 1 1 1 1 1 1 1 1 1 1 1 1 1 1 1 1 1 1 1 1 1 1 1 1 1 1 1 1 1 1 1 1 1 1 1 1 1 1 1 1 1 1 1 1 1 1 1 1 1 1 1 1 1 1 1 1 1 1 1 1
ciInstanceKlass java/util/concurrent/locks/ReentrantLock$NonfairSync 1 1 69 10 7 12 1 1 1 10 7 12 1 1 1 10 7 12 1 1 1 10 12 1 1 10 12 1 10 12 1 1 7 1 8 1 10 12 1 10 12 1 1 1 1 1 5 0 1 1 1 1 1 1 1 1 1 1 1 1 1 1 1 1 1 1 100 1 1 1 1
instanceKlass java/util/concurrent/ThreadPoolExecutor$Worker
instanceKlass java/util/concurrent/CountDownLatch$Sync
instanceKlass java/util/concurrent/locks/ReentrantReadWriteLock$Sync
instanceKlass java/util/concurrent/locks/ReentrantLock$Sync
ciInstanceKlass java/util/concurrent/locks/AbstractQueuedSynchronizer 1 1 367 10 7 12 1 1 1 9 7 12 1 1 1 9 12 1 1 9 12 1 1 10 7 12 1 1 1 9 12 1 10 12 1 1 9 12 1 1 9 12 1 10 7 12 1 1 7 1 10 7 1 9 12 1 10 12 1 1 10 7 12 1 1 1 10 12 1 1 9 7 12 1 1 9 12 1 9 12 1 1 10 7 12 1 1 1 9 12 1 10 12 1 1 9 7 1 10 12 1 1 10 12 1 10 12 1 10 12 1 1 7 1 10 12 1 1 10 12 1 10 12 1 10 12 1 1 10 10 10 12 1 1 10 7 12 1 1 1 10 12 1 1 10 12 1 10 12 1 1 10 12 1 5 0 10 12 1 10 12 1 10 12 1 3 100 1 10 10 12 1 1 100 1 10 10 12 1 10 12 1 100 1 10 10 12 1 7 1 10 10 12 1 1 7 1 10 10 7 12 1 1 1 10 12 1 1 8 1 10 12 1 1 10 12 1 8 1 10 12 1 8 1 8 1 8 1 10 10 100 12 1 1 1 10 12 1 1 100 1 8 1 10 12 1 10 12 1 10 12 1 10 12 1 1 10 12 1 1 8 10 12 1 1 8 8 7 1 1 1 5 0 1 3 1 1 3 1 1 1 1 1 1 1 1 1 1 1 1 1 1 1 1 1 1 1 1 1 1 1 1 1 1 1 1 1 1 1 1 1 1 1 1 1 1 1 1 1 1 1 1 1 1 1 1 1 1 1 1 1 1 1 1 1 1 1 1 1 1 1 1 1 1 1 1 1 1 1 1 1 1 7 1 1 1 1 1 1 1 1 1 1 1 1 1 1 1 1
staticfield java/util/concurrent/locks/AbstractQueuedSynchronizer U Ljdk/internal/misc/Unsafe; jdk/internal/misc/Unsafe
staticfield java/util/concurrent/locks/AbstractQueuedSynchronizer STATE J 16
staticfield java/util/concurrent/locks/AbstractQueuedSynchronizer HEAD J 20
staticfield java/util/concurrent/locks/AbstractQueuedSynchronizer TAIL J 24
ciMethod java/util/concurrent/locks/AbstractQueuedSynchronizer tryRelease (I)Z 0 0 1 0 -1
ciMethod java/util/concurrent/locks/AbstractQueuedSynchronizer getState ()I 258 0 129 0 0
ciMethod java/util/concurrent/locks/AbstractQueuedSynchronizer setState (I)V 554 0 277 0 0
ciMethod java/util/concurrent/locks/AbstractQueuedSynchronizer release (I)Z 8 0 75023 0 424
ciMethod java/util/concurrent/locks/AbstractQueuedSynchronizer signalNext (Ljava/util/concurrent/locks/AbstractQueuedSynchronizer$Node;)V 96 0 9889 0 168
instanceKlass java/util/concurrent/locks/ReentrantLock$FairSync
instanceKlass java/util/concurrent/locks/ReentrantLock$NonfairSync
ciInstanceKlass java/util/concurrent/locks/ReentrantLock$Sync 1 1 127 10 7 12 1 1 1 10 7 12 1 1 1 10 7 12 1 1 1 10 12 1 1 10 12 1 1 10 12 1 7 1 8 1 10 12 1 10 12 1 1 10 12 1 1 10 12 1 10 12 1 100 1 10 10 12 1 10 12 1 1 7 1 10 7 1 10 12 1 10 12 1 10 100 12 1 1 1 1 1 5 0 1 1 1 1 1 1 1 1 1 1 1 1 1 1 1 1 1 1 1 1 1 1 1 1 1 1 1 1 1 1 1 1 1 100 1 7 1 1 1 1 100 1 1 1 1
ciMethod java/util/concurrent/locks/ReentrantLock$Sync tryRelease (I)Z 8 0 10767 0 232
ciMethod java/util/concurrent/locks/ReentrantLock$Sync lock ()V 8 0 68811 0 -1
instanceKlass java/util/concurrent/locks/AbstractQueuedSynchronizer$SharedNode
instanceKlass java/util/concurrent/locks/AbstractQueuedSynchronizer$ConditionNode
instanceKlass java/util/concurrent/locks/AbstractQueuedSynchronizer$ExclusiveNode
ciInstanceKlass java/util/concurrent/locks/AbstractQueuedSynchronizer$Node 1 1 84 10 7 12 1 1 1 9 7 12 1 1 1 9 7 12 1 1 1 10 7 12 1 1 1 9 12 1 9 12 1 10 12 1 1 10 12 1 1 10 12 1 1 10 12 1 8 1 10 12 1 1 8 1 8 1 1 1 1 1 1 1 1 1 1 1 1 1 1 1 1 1 1 1 1 1 1 1 1 1 1 1 1 1
staticfield java/util/concurrent/locks/AbstractQueuedSynchronizer$Node STATUS J 12
staticfield java/util/concurrent/locks/AbstractQueuedSynchronizer$Node NEXT J 20
staticfield java/util/concurrent/locks/AbstractQueuedSynchronizer$Node PREV J 16
ciMethod java/util/concurrent/locks/AbstractQueuedSynchronizer$Node getAndUnsetStatus (I)I 2 0 5121 0 144
ciInstanceKlass java/util/Collections$UnmodifiableSet 1 1 57 10 7 12 1 1 1 9 7 12 1 1 1 11 7 12 1 1 1 11 12 1 1 100 1 100 1 1 1 1 5 0 1 1 1 1 1 1 1 1 1 1 1 1 1 1 1 1 1 1 1 1 100 1 1 1 1
ciInstanceKlass java/util/Collections$EmptyList 1 1 150 10 7 12 1 1 1 10 7 12 1 1 1 10 12 1 1 11 7 12 1 1 1 7 1 100 1 7 1 10 8 1 10 12 1 1 10 12 1 10 12 1 1 10 12 1 7 1 11 10 100 12 1 1 1 10 7 12 1 1 1 9 12 1 1 7 1 7 1 7 1 1 1 1 5 0 1 1 1 1 1 1 1 1 1 1 1 1 1 1 1 1 1 1 1 1 1 1 1 1 1 1 1 1 1 1 1 1 1 1 1 1 1 1 1 1 1 1 1 1 1 1 1 1 1 1 1 1 1 1 1 1 1 1 1 1 1 1 1 1 1 1 1 1 1 1 1 1 1 1
ciMethod java/util/Collections$EmptyList isEmpty ()Z 296 0 148 0 0
ciInstanceKlass jdk/internal/loader/NativeLibraries$2 1 1 48 10 7 12 1 1 1 7 1 10 10 12 1 7 1 10 7 12 1 1 1 100 1 1 1 1 1 1 1 1 1 1 1 1 1 1 1 1 1 1 7 1 12 1 1 1 1 1
ciInstanceKlass java/util/WeakHashMap$Entry 1 1 112 10 7 12 1 1 1 9 7 12 1 1 1 9 12 1 1 9 12 1 1 10 12 1 1 10 7 12 1 1 1 7 1 10 12 1 11 10 7 12 1 1 1 10 12 1 11 10 100 12 1 1 1 7 1 10 12 1 10 12 1 1 8 1 10 12 1 10 12 1 1 1 1 1 1 1 1 1 1 1 1 1 1 1 1 1 1 1 1 1 1 1 1 1 1 1 1 1 1 1 1 1 1 1 1 1 1 1 1 1 7 1
ciMethod java/util/WeakHashMap$Entry <init> (Ljava/lang/Object;Ljava/lang/Object;Ljava/lang/ref/ReferenceQueue;ILjava/util/WeakHashMap$Entry;)V 512 0 5379 0 -1
ciInstanceKlass java/lang/WeakPairMap$Pair$Lookup 1 1 62 10 7 12 1 1 1 10 7 12 1 1 1 9 7 12 1 1 1 9 12 1 11 7 12 1 1 1 11 12 1 1 1 1 1 1 1 1 1 1 1 1 1 1 1 1 1 1 1 1 1 1 1 1 1 1 1 100 1 1 1 1
ciInstanceKlass java/lang/invoke/BoundMethodHandle$Species_L 1 1 126 10 7 12 1 1 1 9 7 12 1 1 1 9 12 1 1 10 12 1 9 7 12 1 1 1 10 7 12 1 1 1 10 12 1 1 10 7 12 1 1 1 100 1 10 100 12 1 1 1 9 12 1 10 12 1 9 12 1 10 12 1 9 12 1 10 12 1 9 12 1 10 12 1 10 12 1 1 10 12 1 1 1 1 1 1 1 1 1 1 1 1 1 1 1 1 1 1 1 1 1 1 1 1 1 1 1 1 1 1 1 1 1 1 1 1 1 1 1 1 1 1 1 100 1 1
ciInstanceKlass java/lang/invoke/BoundMethodHandle$Species_LLLLL 1 1 82 1 7 1 7 1 1 1 1 1 1 1 1 1 1 1 12 9 1 1 1 12 10 12 9 12 9 12 9 12 9 12 9 1 1 12 10 1 1 1 100 1 7 1 1 12 10 1 7 1 1 12 10 1 1 1 12 10 1 1 1 12 10 1 1 1 12 10 1 1 1 12 10 1 1 1 12 10 1 1 1 1
ciInstanceKlass jdk/internal/ref/CleanerImpl$PhantomCleanableRef 1 1 51 10 7 12 1 1 1 9 7 12 1 1 1 10 12 1 11 7 12 1 1 100 1 8 1 10 12 1 8 1 1 1 1 1 1 1 1 1 1 1 1 1 1 1 1 1 1 100 1 1 1
ciInstanceKlass java/util/zip/ZipFile$ZipFileInputStream 1 1 180 100 1 100 1 9 7 12 1 1 1 10 7 12 1 1 1 10 7 12 1 1 1 9 12 1 1 10 12 1 9 12 1 10 12 1 9 12 1 5 0 10 12 1 1 9 7 12 1 1 1 9 7 12 1 1 1 9 7 12 1 1 10 12 1 1 10 12 1 10 12 1 10 12 1 10 12 1 1 100 1 8 1 10 12 1 10 12 1 1 5 0 8 1 10 12 1 1 10 12 1 9 12 1 10 12 1 10 12 1 1 10 12 1 10 12 1 10 12 1 1 7 1 5 0 3 9 12 1 1 9 12 1 1 11 7 12 1 1 1 1 1 1 1 1 1 1 1 1 1 1 100 1 1 1 1 1 1 1 1 100 1 1 7 1 7 1 1 1 1 1 1 1 1 1 1 1 1 1 1
ciInstanceKlass java/util/zip/ZipFile$ZipFileInflaterInputStream 1 1 155 10 7 12 1 1 1 10 7 12 1 1 1 9 12 1 1 10 7 12 1 1 9 12 1 1 10 7 12 1 1 1 7 1 10 12 1 10 7 12 1 1 1 9 12 1 1 9 12 1 10 12 1 1 9 7 12 1 1 1 9 12 1 1 11 7 12 1 1 1 11 7 12 1 1 100 1 8 1 10 12 1 9 12 1 1 9 12 1 1 10 7 12 1 1 1 9 12 1 1 9 12 1 1 10 7 12 1 1 1 7 1 10 12 1 1 10 12 1 7 1 5 0 3 1 1 1 1 1 1 1 1 1 1 7 1 7 1 1 100 1 1 1 1 1 1 1 1 1 1 1 1 1 1 1
ciInstanceKlass java/util/zip/ZipFile$Source$Key 1 1 84 10 7 12 1 1 1 9 7 12 1 1 1 9 12 1 1 10 7 12 1 1 1 9 12 1 1 100 1 5 0 11 7 12 1 1 1 10 7 12 1 1 1 10 7 12 1 1 1 10 12 1 1 11 12 1 1 10 10 1 1 1 1 1 1 1 1 1 1 1 1 1 1 1 1 1 1 100 1 1 100 1 1 1
ciInstanceKlass sun/util/locale/provider/LocaleProviderAdapter$Type 1 1 109 7 1 9 12 1 1 9 12 1 9 12 1 9 12 1 9 12 1 9 12 1 1 10 100 12 1 1 10 7 12 1 1 1 10 12 1 1 10 12 1 9 12 1 1 9 12 1 9 12 1 8 8 1 8 1 8 1 8 8 1 8 1 8 1 8 8 1 10 12 1 8 8 1 8 8 1 10 12 1 1 1 1 1 1 1 1 1 1 1 1 1 1 1 1 1 1 1 1 1 1 1 1 1 1 100 1 1 1
staticfield sun/util/locale/provider/LocaleProviderAdapter$Type JRE Lsun/util/locale/provider/LocaleProviderAdapter$Type; sun/util/locale/provider/LocaleProviderAdapter$Type
staticfield sun/util/locale/provider/LocaleProviderAdapter$Type CLDR Lsun/util/locale/provider/LocaleProviderAdapter$Type; sun/util/locale/provider/LocaleProviderAdapter$Type
staticfield sun/util/locale/provider/LocaleProviderAdapter$Type SPI Lsun/util/locale/provider/LocaleProviderAdapter$Type; sun/util/locale/provider/LocaleProviderAdapter$Type
staticfield sun/util/locale/provider/LocaleProviderAdapter$Type HOST Lsun/util/locale/provider/LocaleProviderAdapter$Type; sun/util/locale/provider/LocaleProviderAdapter$Type
staticfield sun/util/locale/provider/LocaleProviderAdapter$Type FALLBACK Lsun/util/locale/provider/LocaleProviderAdapter$Type; sun/util/locale/provider/LocaleProviderAdapter$Type
staticfield sun/util/locale/provider/LocaleProviderAdapter$Type $VALUES [Lsun/util/locale/provider/LocaleProviderAdapter$Type; 5 [Lsun/util/locale/provider/LocaleProviderAdapter$Type;
ciMethod java/util/AbstractSet <init> ()V 786 0 80303 0 80
ciMethod java/util/Collections sort (Ljava/util/List;Ljava/util/Comparator;)V 102 0 925 0 -1
ciMethod java/util/Collections emptyList ()Ljava/util/List; 242 0 5834 0 88
ciMethod java/util/HashMap getNode (Ljava/lang/Object;)Ljava/util/HashMap$Node; 810 18 17308 0 800
ciMethod java/util/HashMap putVal (ILjava/lang/Object;Ljava/lang/Object;ZZ)Ljava/lang/Object; 802 78 26677 0 -1
ciMethod java/util/HashMap hash (Ljava/lang/Object;)I 518 0 51023 0 208
ciMethod java/util/HashMap <init> ()V 728 0 26971 0 -1
ciMethod java/util/concurrent/ConcurrentHashMap setTabAt ([Ljava/util/concurrent/ConcurrentHashMap$Node;ILjava/util/concurrent/ConcurrentHashMap$Node;)V 916 0 5724 0 -1
ciMethod java/util/concurrent/ConcurrentHashMap addCount (JI)V 516 0 7432 0 -1
ciMethod java/util/concurrent/ConcurrentHashMap treeifyBin ([Ljava/util/concurrent/ConcurrentHashMap$Node;I)V 0 0 1 0 -1
ciMethod java/util/concurrent/ConcurrentHashMap helpTransfer ([Ljava/util/concurrent/ConcurrentHashMap$Node;Ljava/util/concurrent/ConcurrentHashMap$Node;)[Ljava/util/concurrent/ConcurrentHashMap$Node; 0 0 1 0 -1
ciMethod java/util/concurrent/ConcurrentHashMap casTabAt ([Ljava/util/concurrent/ConcurrentHashMap$Node;ILjava/util/concurrent/ConcurrentHashMap$Node;Ljava/util/concurrent/ConcurrentHashMap$Node;)Z 494 0 1285 0 -1
ciMethod java/util/concurrent/ConcurrentHashMap initTable ()[Ljava/util/concurrent/ConcurrentHashMap$Node; 16 0 237 0 -1
ciMethod java/util/concurrent/ConcurrentHashMap tabAt ([Ljava/util/concurrent/ConcurrentHashMap$Node;I)Ljava/util/concurrent/ConcurrentHashMap$Node; 524 0 5414 0 96
ciMethod java/util/concurrent/ConcurrentHashMap spread (I)I 654 0 23724 0 96
ciMethod jdk/internal/util/Preconditions outOfBoundsCheckFromToIndex (Ljava/util/function/BiFunction;III)Ljava/lang/RuntimeException; 0 0 1 0 -1
ciMethod jdk/internal/util/Preconditions checkFromToIndex (IIILjava/util/function/BiFunction;)I 512 0 32660 0 184
ciMethod jdk/internal/util/Preconditions checkIndex (IILjava/util/function/BiFunction;)I 538 0 5490 0 -1
ciMethod java/lang/ref/ReferenceQueue headIsNull ()Z 778 0 11066 0 0
ciMethod java/lang/ref/ReferenceQueue poll0 ()Ljava/lang/ref/Reference; 2 0 2050 0 0
ciMethod java/lang/Integer valueOf (I)Ljava/lang/Integer; 352 0 29733 0 -1
ciMethod java/util/Arrays checkLength (II)V 406 0 34672 0 -1
ciMethod java/util/Arrays copyOfRangeByte ([BII)[B 406 0 34649 0 -1
ciMethod java/util/Arrays copyOfRange ([BII)[B 512 0 39595 0 1000
ciMethod java/util/Arrays copyOf ([Ljava/lang/Object;I)[Ljava/lang/Object; 18 0 4703 0 0
ciMethod java/util/Arrays copyOf ([Ljava/lang/Object;ILjava/lang/Class;)[Ljava/lang/Object; 4132 0 7364 0 -1
ciMethod java/util/Arrays equals ([B[B)Z 706 0 1216 0 -1
ciMethod jdk/internal/util/ArraysSupport hugeLength (II)I 0 0 1 0 -1
ciMethod jdk/internal/util/ArraysSupport newLength (III)I 514 0 5938 0 0
ciMethod jdk/internal/util/ArraysSupport vectorizedHashCode (Ljava/lang/Object;IIII)I 876 0 7787 0 -1
ciMethod java/lang/Math max (II)I 1024 0 43875 0 -1
ciMethod java/lang/Math min (II)I 1024 0 91985 0 -1
ciMethod java/lang/Thread isVirtual ()Z 206 0 10704 0 0
ciMethod java/lang/Thread currentThread ()Ljava/lang/Thread; 0 0 1 0 -1
ciMethod jdk/internal/misc/Unsafe getAndBitwiseAndInt (Ljava/lang/Object;JI)I 514 0 5121 0 -1
ciMethod jdk/internal/misc/Unsafe unpark (Ljava/lang/Object;)V 258 0 129 0 -1
ciMethod jdk/internal/misc/Unsafe weakCompareAndSetInt (Ljava/lang/Object;JII)Z 516 0 1282 0 -1
ciMethod jdk/internal/misc/Unsafe getReferenceAcquire (Ljava/lang/Object;J)Ljava/lang/Object; 606 0 5414 0 -1
ciMethod jdk/internal/misc/Unsafe getIntVolatile (Ljava/lang/Object;J)I 256 0 128 0 -1
ciMethod jdk/internal/misc/Unsafe allocateInstance (Ljava/lang/Class;)Ljava/lang/Object; 256 0 128 0 -1
ciMethod java/util/Iterator next ()Ljava/lang/Object; 0 0 1 0 -1
ciMethod java/util/Iterator hasNext ()Z 0 0 1 0 -1
ciMethod java/util/Set containsAll (Ljava/util/Collection;)Z 0 0 1 0 -1
ciMethod java/util/Set size ()I 0 0 1 0 -1
ciMethod java/lang/InternalError <init> (Ljava/lang/String;)V 0 0 1 0 -1
ciMethod jdk/internal/misc/VM addFinalRefCount (I)V 0 0 1 0 -1
ciMethod java/lang/String intern ()Ljava/lang/String; 256 0 128 0 -1
ciMethod java/lang/String trim ()Ljava/lang/String; 1024 0 13637 0 344
ciMethod java/lang/String substring (I)Ljava/lang/String; 1024 0 9964 0 1192
ciMethod java/lang/String substring (II)Ljava/lang/String; 1024 0 21264 0 0
ciMethod java/lang/String lastIndexOf (II)I 178 0 15354 0 488
ciMethod java/lang/String lastIndexOf (I)I 178 0 14907 0 488
ciMethod java/lang/String checkBoundsBeginEnd (III)V 1024 0 24036 0 168
ciMethod java/lang/String isLatin1 ()Z 774 0 397967 0 88
ciMethod java/lang/String coder ()B 1024 0 448463 0 88
ciMethod java/lang/String <init> ([BB)V 572 0 48489 0 296
ciMethod java/lang/StringBuilder append (Ljava/lang/String;)Ljava/lang/StringBuilder; 34 0 42334 0 -1
ciMethod java/lang/StringBuilder append (Ljava/lang/Object;)Ljava/lang/StringBuilder; 0 0 611 0 -1
ciMethod java/lang/StringBuilder <init> ()V 10 0 13004 0 -1
ciMethod java/lang/Class getPackage ()Ljava/lang/Package; 778 0 4281 0 0
ciMethod java/lang/Class getPackageName ()Ljava/lang/String; 810 0 5532 0 2296
ciMethod java/lang/Class elementType ()Ljava/lang/Class; 0 0 1 0 -1
ciMethod java/lang/Class initClassName ()Ljava/lang/String; 262 0 131 0 -1
ciMethod java/lang/Class getModule ()Ljava/lang/Module; 272 0 136 0 0
ciMethod java/lang/Class getName ()Ljava/lang/String; 354 0 21075 0 112
ciMethod java/util/Map containsKey (Ljava/lang/Object;)Z 0 0 1 0 -1
ciMethod java/util/Map values ()Ljava/util/Collection; 0 0 1 0 -1
ciMethod java/util/Map put (Ljava/lang/Object;Ljava/lang/Object;)Ljava/lang/Object; 0 0 1 0 -1
ciMethod java/util/Map get (Ljava/lang/Object;)Ljava/lang/Object; 0 0 1 0 -1
ciMethod java/lang/Object getClass ()Ljava/lang/Class; 256 0 128 0 -1
ciMethod java/lang/Object <init> ()V 1024 0 1161015 0 80
ciInstanceKlass  @bci com/example/TableUtils$EnhancedTable <init> (Ljavafx/scene/control/TableView;Ljavafx/collections/ObservableList;)V 95 <appendix> form vmentry <vmtarget> ; 1 1 35 1 7 1 100 1 1 1 1 1 1 1 7 1 1 12 9 1 1 1 1 1 7 1 1 12 10 1 7 12 9 1 1 1 1
staticfield  @bci com/example/TableUtils$EnhancedTable <init> (Ljavafx/scene/control/TableView;Ljavafx/collections/ObservableList;)V 95 <appendix> form vmentry <vmtarget> ; _D_0 Ljava/lang/invoke/LambdaForm; java/lang/invoke/LambdaForm
ciInstanceKlass javafx/beans/Observable 1 1 66 8 1 10 100 12 1 1 1 18 12 1 1 11 100 12 1 1 1 18 12 1 1 11 12 1 11 100 12 1 1 1 100 1 1 1 1 1 1 1 1 1 1 1 15 10 100 12 1 1 1 16 1 15 11 12 16 15 11 12 1 100 1 100 1 1
ciInstanceKlass javafx/beans/value/ObservableValue 1 1 143 100 1 10 12 1 1 100 1 10 12 1 100 1 10 100 1 10 12 1 8 1 10 100 12 1 1 1 18 12 1 1 11 100 12 1 1 1 18 12 1 1 8 1 18 12 1 11 12 1 1 11 100 12 1 1 1 18 11 12 1 11 100 12 1 1 100 1 100 1 1 1 1 1 1 1 1 1 1 1 1 1 1 1 1 1 1 1 1 1 1 1 1 1 1 1 1 1 1 1 1 15 10 100 12 1 1 1 16 1 15 11 12 16 1 15 11 12 15 11 12 15 11 12 1 100 1 100 1 1 1 100 1 8 1 1 12 10 1 1 1 8 1
ciInstanceKlass javafx/beans/property/ReadOnlyProperty 1 0 37 100 1 100 1 100 1 1 1 1 1 1 1 1 1 1 100 1 8 1 1 12 10 1 1 1 8 1 1 1 8 1 1 8 1 1 8
ciInstanceKlass javafx/beans/value/WritableValue 1 0 15 100 1 100 1 1 1 1 1 1 1 1 1 1 1
ciInstanceKlass javafx/beans/property/Property 1 0 57 100 1 100 1 100 1 100 1 1 1 1 1 1 1 1 1 1 1 1 1 1 1 1 1 100 1 8 1 1 12 10 1 1 1 8 1 1 1 8 1 1 1 8 1 1 8 1 1 8 1 1 8 1 8 1 1
ciInstanceKlass javafx/beans/value/ObservableObjectValue 1 0 36 100 1 100 1 100 1 1 1 1 1 1 1 1 1 100 1 8 1 1 12 10 1 1 1 8 1 1 1 8 1 1 8 1 1 8
ciInstanceKlass javafx/beans/value/WritableObjectValue 1 0 17 100 1 100 1 100 1 1 1 1 1 1 1 1 1 1 1
instanceKlass javafx/beans/property/ObjectPropertyBase
ciInstanceKlass javafx/beans/property/ObjectProperty 1 1 130 10 7 12 1 1 1 10 7 12 1 1 1 10 100 12 1 1 1 10 12 1 10 12 1 1 10 12 1 1 100 1 8 1 10 12 1 8 1 10 12 1 1 10 12 1 8 1 8 1 10 100 12 1 1 1 8 1 8 1 10 12 1 8 1 10 12 1 100 1 100 1 1 1 1 1 1 1 1 1 100 1 1 1 1 1 100 1 8 1 1 12 10 1 1 1 8 1 1 1 8 1 1 1 8 1 1 1 8 1 1 1 8 1 1 1 8 1 1 1 8 1 1 8 1 1 8 1 8 1
instanceKlass javafx/scene/layout/ColumnConstraints$5
instanceKlass javafx/scene/layout/ColumnConstraints$6
instanceKlass javafx/collections/transformation/FilteredList$1
instanceKlass javafx/animation/FadeTransition$1
instanceKlass javafx/scene/control/ListView$3
instanceKlass javafx/scene/control/ListView$4
instanceKlass javafx/scene/control/ListView$5
instanceKlass javafx/scene/control/ListView$6
instanceKlass javafx/scene/control/RadioMenuItem$1
instanceKlass javafx/scene/control/TabPane$1
instanceKlass javafx/scene/control/ComboBoxBase$9
instanceKlass javafx/scene/control/ComboBoxBase$8
instanceKlass javafx/scene/control/ComboBoxBase$7
instanceKlass javafx/scene/control/ComboBoxBase$6
instanceKlass javafx/scene/control/ComboBoxBase$5
instanceKlass javafx/scene/control/Tab$6
instanceKlass javafx/scene/control/Tab$5
instanceKlass javafx/scene/control/Tab$9
instanceKlass javafx/collections/transformation/SortedList$1
instanceKlass javafx/scene/control/MultipleSelectionModel$1
instanceKlass javafx/scene/control/TableView$11
instanceKlass javafx/scene/control/TableView$10
instanceKlass javafx/scene/control/TableView$12
instanceKlass javafx/scene/shape/Arc$8
instanceKlass com/sun/javafx/charts/Legend$LegendItem$2
instanceKlass com/sun/javafx/charts/Legend$2
instanceKlass javafx/scene/chart/PieChart$2
instanceKlass javafx/scene/chart/Chart$4
instanceKlass javafx/animation/ScaleTransition$1
instanceKlass javafx/animation/TranslateTransition$1
instanceKlass javafx/scene/layout/BorderPane$BorderPositionProperty
instanceKlass javafx/scene/shape/SVGPath$2
instanceKlass javafx/scene/control/ContextMenu$1
instanceKlass javafx/scene/control/PopupControl$1
instanceKlass javafx/stage/PopupWindow$6
instanceKlass javafx/scene/control/MenuItem$2
instanceKlass javafx/scene/control/MenuItem$1
instanceKlass javafx/scene/shape/Path$2
instanceKlass javafx/animation/Animation$3
instanceKlass javafx/animation/Animation$6
instanceKlass javafx/scene/text/Text$TextAttribute$8
instanceKlass javafx/scene/effect/Effect$EffectInputProperty
instanceKlass javafx/scene/effect/DropShadow$6
instanceKlass javafx/scene/effect/DropShadow$4
instanceKlass javafx/scene/Node$NodeTransformation$9
instanceKlass javafx/scene/Scene$8
instanceKlass javafx/scene/Scene$6
instanceKlass javafx/scene/Scene$35
instanceKlass javafx/scene/Scene$33
instanceKlass javafx/scene/Scene$39
instanceKlass javafx/scene/Scene$36
instanceKlass javafx/scene/Scene$41
instanceKlass javafx/scene/Scene$30
instanceKlass javafx/scene/Scene$48
instanceKlass javafx/scene/Scene$47
instanceKlass javafx/scene/Scene$28
instanceKlass javafx/scene/Scene$40
instanceKlass javafx/scene/Scene$31
instanceKlass javafx/scene/Scene$38
instanceKlass javafx/scene/Scene$37
instanceKlass javafx/scene/Scene$16
instanceKlass javafx/scene/Scene$25
instanceKlass javafx/scene/Scene$27
instanceKlass javafx/scene/Scene$24
instanceKlass javafx/scene/Scene$17
instanceKlass javafx/scene/Scene$23
instanceKlass javafx/scene/Scene$21
instanceKlass javafx/scene/Scene$14
instanceKlass javafx/scene/Scene$13
instanceKlass javafx/scene/Scene$20
instanceKlass javafx/scene/Scene$19
instanceKlass javafx/scene/Scene$18
instanceKlass javafx/scene/Scene$15
instanceKlass javafx/scene/Scene$45
instanceKlass javafx/scene/Scene$43
instanceKlass javafx/scene/Scene$42
instanceKlass javafx/scene/Scene$50
instanceKlass javafx/scene/Scene$12
instanceKlass javafx/scene/Scene$22
instanceKlass javafx/scene/Scene$34
instanceKlass javafx/scene/Scene$49
instanceKlass javafx/scene/Scene$26
instanceKlass javafx/scene/Scene$32
instanceKlass javafx/scene/Scene$29
instanceKlass javafx/scene/Scene$44
instanceKlass javafx/scene/Scene$9
instanceKlass javafx/scene/Scene$46
instanceKlass javafx/scene/Scene$7
instanceKlass javafx/scene/Node$MiscProperties$5
instanceKlass javafx/scene/Node$MiscProperties$8
instanceKlass javafx/scene/Node$MiscProperties$6
instanceKlass javafx/scene/control/ButtonBase$2
instanceKlass javafx/beans/property/IntegerProperty$2
instanceKlass javafx/scene/control/TextField$2
instanceKlass javafx/scene/control/TextInputControl$4
instanceKlass javafx/scene/control/Label$1
instanceKlass javafx/scene/control/Control$3
instanceKlass javafx/scene/transform/Rotate$5
instanceKlass javafx/scene/image/ImageView$11
instanceKlass javafx/scene/image/ImageView$2
instanceKlass javafx/css/StyleableObjectProperty
instanceKlass javafx/beans/property/DoubleProperty$2
instanceKlass javafx/stage/Window$9
instanceKlass javafx/stage/Window$10
instanceKlass javafx/stage/Window$8
instanceKlass javafx/stage/Window$11
instanceKlass javafx/stage/Window$7
instanceKlass javafx/beans/property/SimpleObjectProperty
instanceKlass javafx/beans/property/BooleanProperty$2
ciInstanceKlass javafx/beans/property/ObjectPropertyBase 1 1 208 10 7 12 1 1 1 9 7 12 1 1 1 9 12 1 1 9 12 1 1 9 12 1 1 9 12 1 1 10 7 12 1 1 1 10 12 1 1 10 12 1 10 12 1 10 12 1 1 10 12 1 10 12 11 7 12 1 1 1 10 12 1 1 100 1 10 12 1 10 12 1 1 10 100 12 1 1 1 10 100 12 1 1 18 12 1 1 8 1 18 12 1 10 12 1 10 12 1 100 1 8 1 10 11 12 1 1 10 12 1 7 1 10 12 1 11 12 1 11 12 100 1 8 1 10 8 1 10 12 1 1 10 12 1 8 1 10 100 1 8 1 8 1 8 1 10 12 1 8 1 8 1 10 12 1 1 1 1 1 1 1 1 1 1 1 1 1 1 1 1 1 1 1 1 1 1 15 10 100 12 1 1 8 1 8 1 1 1 100 1 100 1 1 1 100 1 8 1 1 12 10 1 1 1 8 1 1
ciInstanceKlass com/sun/glass/ui/InvokeLaterDispatcher 1 1 104 8 1 10 7 12 1 1 1 7 1 10 12 1 9 7 12 1 1 1 7 1 8 1 10 9 12 1 1 9 12 1 1 9 12 1 10 12 1 1 9 12 1 1 11 7 12 1 1 1 7 1 11 12 1 1 10 7 12 1 1 7 1 10 12 1 11 7 12 1 1 1 10 12 1 1 100 1 11 12 1 10 12 1 1 1 1 1 1 1 1 100 1 1 1 1 1 1 1 1 1 1 1 1
ciInstanceKlass javafx/collections/ObservableList 1 1 150 100 1 10 12 1 1 100 1 10 12 1 100 1 10 12 1 11 100 12 1 1 1 100 1 100 1 100 1 1 1 1 1 1 1 1 1 1 1 1 1 1 1 1 1 1 1 1 1 1 1 1 1 1 1 1 1 1 100 1 8 1 1 12 10 1 1 1 8 1 1 8 1 1 1 8 1 1 8 1 1 1 8 1 1 1 8 1 1 8 1 1 1 8 1 1 8 1 1 8 1 1 1 8 1 1 1 8 1 1 8 1 1 1 8 1 1 8 1 1 1 8 1 1 8 1 1 1 8 1 1 8 1 1 8 1 1 1 8 1 1 8 1 1 8 1 1 1 8 1
ciInstanceKlass javafx/collections/ObservableSet 1 0 76 100 1 100 1 100 1 100 1 1 1 1 1 1 1 1 1 1 100 1 8 1 1 12 10 1 1 1 8 1 1 1 8 1 1 1 8 1 1 1 8 1 1 8 1 1 1 8 1 1 8 1 1 1 8 1 1 8 1 1 1 8 1 1 8 1 1 8 1 1 8 1 1 1 8 1
ciInstanceKlass com/sun/javafx/collections/SortableList 1 1 143 11 100 12 1 1 1 11 100 12 1 1 1 11 12 1 1 100 1 100 1 1 1 1 1 1 1 1 1 1 1 100 1 8 1 1 12 10 1 1 1 8 1 1 1 8 1 1 8 1 1 8 1 1 1 8 1 8 1 1 1 8 1 1 8 1 1 1 8 1 1 8 1 1 1 8 1 1 1 8 1 1 1 8 1 1 8 1 1 1 8 1 1 8 1 1 8 1 8 1 8 1 8 1 1 8 1 1 8 1 1 8 1 1 1 8 1 1 8 1 1 8 1 1 1 8 1 1 8 1 1 1 8 1 1 1 8 1 1 8 1 1 8
instanceKlass com/sun/javafx/scene/control/ReadOnlyUnbackedObservableList
instanceKlass com/sun/javafx/scene/control/SelectedItemsReadOnlyObservableList
instanceKlass javafx/collections/transformation/TransformationList
instanceKlass javafx/collections/FXCollections$UnmodifiableObservableListImpl
instanceKlass javafx/collections/ModifiableObservableListBase
ciInstanceKlass javafx/collections/ObservableListBase 1 1 137 10 7 12 1 1 1 10 7 12 1 1 1 10 7 12 1 1 1 10 12 1 1 10 12 1 1 10 12 1 1 10 12 10 12 1 1 10 12 1 1 10 12 1 10 12 1 9 12 1 1 10 12 1 9 12 1 1 10 7 12 1 1 1 10 12 1 10 12 1 10 12 10 12 1 1 10 12 1 1 10 7 12 1 1 1 10 12 1 1 10 12 1 100 1 10 10 12 1 10 12 1 10 12 1 100 1 1 1 1 1 1 1 1 1 1 1 1 1 1 1 1 1 1 1 1 1 1 1 1 1 1 100 1 100 1 1
instanceKlass com/sun/javafx/collections/ObservableListWrapper
ciInstanceKlass javafx/collections/ModifiableObservableListBase 1 1 135 10 7 12 1 1 1 11 7 12 1 1 1 10 7 1 10 12 1 10 12 1 10 12 1 1 10 12 1 10 10 12 1 1 100 1 18 12 1 1 10 12 1 10 12 1 10 12 1 1 10 12 1 10 12 1 10 12 1 1 10 12 1 9 12 1 1 10 12 1 1 10 12 1 10 12 1 1 10 12 1 1 10 12 1 10 12 1 7 1 10 12 1 1 10 12 1 1 1 1 1 100 1 1 1 1 1 1 1 1 1 1 1 1 1 1 1 1 1 1 15 10 100 12 1 1 8 1 1 1 100 1 100 1 1
instanceKlass com/sun/javafx/scene/control/TabObservableList
instanceKlass com/sun/javafx/collections/TrackableObservableList
ciInstanceKlass com/sun/javafx/collections/ObservableListWrapper 1 1 202 10 7 12 1 1 1 10 12 1 1 10 12 1 10 7 12 1 1 9 12 1 1 9 12 1 1 100 1 100 1 10 12 1 10 12 1 11 7 12 1 1 1 11 12 1 1 10 12 1 1 10 10 7 12 1 1 1 11 12 1 1 11 12 1 1 10 12 1 11 12 1 11 12 1 1 11 12 1 11 12 1 1 11 12 1 1 10 10 12 1 1 10 12 1 1 11 12 1 9 12 1 1 10 12 1 1 10 11 7 12 1 1 11 7 1 11 10 12 11 10 12 10 10 12 1 1 10 10 12 1 1 10 100 12 1 1 1 100 1 10 12 1 10 12 1 1 9 12 1 1 10 100 1 100 1 1 1 1 1 1 1 1 1 1 100 1 1 1 1 1 1 100 1 1 1 1 1 1 1 1 1 1 1 1 1 1 1 1 1 1 100 1 1 100 1 1 100 1 100 1 1
instanceKlass java/nio/channels/OverlappingFileLockException
instanceKlass java/nio/channels/NonWritableChannelException
instanceKlass java/util/concurrent/CancellationException
ciInstanceKlass java/lang/IllegalStateException 0 0 35 10 100 12 1 1 1 10 12 1 10 12 1 10 12 1 100 1 1 1 1 5 0 1 1 1 1 1 1 1 1 1 1 1 1
ciInstanceKlass java/lang/UnsupportedOperationException 1 1 34 10 7 12 1 1 1 10 12 1 10 12 1 10 12 1 100 1 1 1 1 5 0 1 1 1 1 1 1 1 1 1 1 1
ciInstanceKlass java/lang/AssertionError 0 0 79 10 100 12 1 1 1 10 12 1 10 100 12 1 1 1 10 100 1 100 1 10 12 1 1 10 12 1 10 12 1 10 12 1 10 12 1 10 12 1 10 12 1 10 12 1 1 1 1 5 0 1 1 1 1 1 1 1 1 1 1 100 1 1 1 1 1 1 1 1 1 1 1 1 1 1 1 1 1
ciInstanceKlass java/util/concurrent/ThreadPoolExecutor$Worker 1 1 112 9 7 12 1 1 1 10 7 12 1 1 1 10 12 1 1 9 12 1 1 10 7 12 1 1 1 11 7 12 1 1 1 9 12 1 1 10 12 1 1 10 12 1 1 10 12 1 1 10 7 12 1 1 1 10 12 1 1 10 12 1 10 12 1 1 10 12 1 10 12 1 1 10 12 1 10 12 1 100 1 100 1 1 1 1 5 0 1 1 1 1 1 1 1 1 1 1 1 1 1 1 1 1 1 1 1 1 1 1 1 1
ciInstanceKlass  @bci java/lang/ClassLoader definePackage (Ljava/lang/String;Ljava/lang/Module;)Ljava/lang/Package; 73 <appendix> member <vmtarget> ; 1 1 34 1 7 1 7 1 100 1 1 1 1 1 1 1 12 10 12 9 12 9 1 1 1 7 1 7 1 7 1 1 12 10 1 1
instanceKlass javafx/scene/control/skin/TextAreaSkin$ContentView
instanceKlass javafx/scene/control/skin/VirtualFlow$ClippedContainer
instanceKlass javafx/scene/control/skin/VirtualFlow
instanceKlass javafx/scene/control/skin/TableColumnHeader
instanceKlass javafx/scene/control/skin/ScrollBarSkin$EndButton
instanceKlass javafx/scene/chart/Axis
instanceKlass javafx/scene/chart/Chart
instanceKlass com/sun/javafx/scene/control/ContextMenuContent$MenuItemContainer
instanceKlass javafx/scene/layout/Pane
instanceKlass javafx/scene/control/Control
ciInstanceKlass javafx/scene/layout/Region 1 1 1425 7 1 10 7 12 1 1 1 9 7 12 1 1 1 10 12 1 1 10 12 1 1 10 12 1 1 10 12 1 10 12 1 10 12 1 10 12 1 10 7 12 1 1 1 10 12 1 1 10 7 12 1 1 1 10 7 12 1 1 10 12 1 10 12 1 10 10 12 1 10 7 12 1 1 1 10 12 1 10 12 1 10 12 1 10 12 1 1 10 12 1 1 10 12 1 18 12 1 1 10 12 1 11 7 12 1 1 1 11 12 1 1 10 12 1 1 10 12 1 11 7 12 1 1 1 10 12 1 1 10 12 1 6 0 6 0 10 12 1 1 9 7 12 1 1 1 10 100 12 1 1 1 11 100 12 1 10 12 1 100 1 10 12 1 10 12 1 1 10 12 1 10 12 1 1 10 7 12 1 1 10 12 1 10 12 1 10 12 1 1 11 12 1 1 11 7 12 1 1 11 12 1 1 10 12 1 10 12 1 1 10 7 12 1 1 9 7 12 1 1 1 10 7 12 1 1 6 0 100 1 8 1 10 12 1 1 9 12 1 10 7 1 8 1 10 7 12 1 18 12 1 1 9 12 1 1 10 7 12 1 1 1 9 12 1 1 7 1 10 12 1 9 12 1 1 7 1 10 12 1 9 12 1 7 1 10 12 1 9 12 1 7 1 10 12 9 12 1 1 9 12 1 1 9 12 1 9 12 1 9 12 1 9 12 1 9 12 1 9 12 1 9 12 1 9 12 1 9 12 1 9 12 1 9 12 1 9 12 1 9 12 1 1 9 12 1 9 12 1 10 12 1 1 9 12 1 10 12 1 10 7 12 1 1 100 1 10 12 1 10 7 12 1 10 12 7 1 7 1 10 7 12 1 1 1 11 100 12 1 1 1 10 100 12 1 1 1 10 12 1 9 12 1 100 1 10 10 12 1 1 10 12 1 10 12 1 9 12 1 1 10 12 1 1 10 7 12 1 9 12 1 9 12 1 9 12 1 1 10 7 12 1 1 1 10 12 1 9 7 12 1 1 1 10 12 1 1 10 12 1 10 12 7 1 10 12 1 10 12 1 1 9 12 1 10 12 1 9 12 1 7 1 10 9 12 1 1 10 7 1 10 7 1 8 9 7 12 1 1 1 10 12 1 9 12 8 9 12 1 10 12 1 10 12 1 9 12 1 8 9 12 1 9 12 8 9 12 1 10 12 1 10 12 1 9 12 1 8 9 12 1 9 12 8 9 12 1 10 12 1 10 12 1 9 12 1 1 7 1 10 12 1 7 1 10 10 12 1 1 10 12 7 1 10 10 12 1 7 1 10 10 12 1 7 1 10 10 12 1 10 12 1 10 7 12 1 1 1 9 7 12 1 1 1 10 7 12 1 1 1 10 12 1 1 18 12 1 1 10 12 1 1 10 12 1 10 12 10 12 10 12 1 1 10 12 1 10 10 10 12 1 10 10 12 1 10 10 12 1 10 12 1 10 12 1 10 12 1 10 12 1 10 12 1 6 0 10 12 1 10 12 1 10 12 1 10 12 1 10 12 1 10 12 1 10 12 1 1 9 12 1 10 12 10 10 12 10 12 1 1 10 12 10 12 1 10 10 12 1 10 12 1 1 10 12 1 1 7 1 10 10 12 1 6 0 9 12 1 1 10 12 10 12 1 1 10 12 10 12 1 1 10 12 1 1 10 12 1 10 12 1 9 12 1 1 10 12 1 1 9 12 1 10 12 1 9 12 1 10 12 1 10 12 1 10 12 1 1 10 12 1 1 10 12 1 10 12 1 10 12 1 10 12 1 1 7 1 10 12 1 10 12 1 1 10 10 10 12 1 1 9 12 1 10 12 1 10 12 1 10 12 1 10 12 1 1 9 12 1 1 10 12 1 1 9 12 1 10 12 1 1 10 12 1 1 9 12 1 10 12 1 9 12 1 10 12 1 9 12 1 10 12 1 1 10 12 1 1 10 12 1 10 12 1 1 100 1 4 10 12 1 10 12 1 1 10 10 7 12 1 1 1 10 7 12 1 1 10 12 10 12 1 10 12 1 10 12 1 1 10 12 1 1 11 7 1 10 10 7 12 1 1 1 10 12 1 1 10 12 1 1 10 12 1 10 12 1 7 1 10 12 1 1 10 10 12 1 10 12 1 10 12 1 100 1 10 10 12 1 10 9 7 12 1 1 10 7 12 1 1 10 10 12 1 10 10 12 1 10 10 12 1 10 10 12 1 10 12 1 10 12 1 10 12 1 10 12 1 10 12 1 10 12 1 10 12 1 10 12 1 6 0 10 12 1 1 10 9 7 12 1 1 10 12 1 1 10 7 12 1 1 1 11 12 1 10 12 1 1 9 12 1 10 12 1 10 12 1 10 12 1 10 12 1 10 12 1 10 12 1 10 12 1 10 12 1 10 12 1 10 12 1 1 10 7 12 1 1 1 10 12 1 1 7 1 10 12 1 4 4 10 12 1 10 12 1 10 12 1 10 12 1 1 10 12 1 10 12 1 10 12 1 9 7 12 1 1 1 10 12 1 1 9 12 1 10 12 1 1 10 12 1 1 10 12 1 10 12 1 1 9 7 12 1 1 1 10 12 1 1 10 7 12 1 1 1 10 12 1 1 10 12 1 1 10 10 10 10 10 10 10 10 12 1 1 10 10 12 1 1 10 7 12 1 1 1 9 12 1 1 10 12 1 9 12 1 10 12 1 100 1 10 12 1 100 1 10 12 1 11 12 1 1 10 12 1 1 10 12 1 7 1 10 10 12 1 1 1 1 1 1 1 1 1 1 1 1 1 1 1 1 1 1 1 1 1 1 1 1 1 1 1 1 1 1 1 1 100 1 1 1 1 1 1 1 1 1 1 1 1 1 1 1 1 1 1 1 1 1 1 1 1 1 1 1 1 1 1 1 1 1 1 1 1 1 1 1 1 1 1 1 1 1 1 1 1 1 1 1 1 1 1 1 1 1 1 1 1 1 1 1 1 1 1 1 1 1 1 1 1 1 1 1 1 1 1 100 1 1 1 1 1 1 1 1 1 1 1 1 1 1 1 1 100 1 100 1 100 1 100 1 100 1 100 1 100 1 100 1 100 1 100 1 100 1 100 1 100 1 100 1 100 1 1 15 10 7 12 1 1 1 16 15 10 12 16 1 16 15 10 12 15 10 100 12 1 1 8 1 1 1 1 1 1 1 1 100 1 1 100 1 100 1 1
instanceKlass com/sun/javafx/stage/EmbeddedWindow
instanceKlass javafx/stage/PopupWindow
instanceKlass javafx/stage/Stage
ciInstanceKlass javafx/stage/Window 1 1 682 10 7 12 1 1 1 9 100 12 1 1 1 10 100 12 1 1 1 9 7 12 1 1 1 10 7 12 1 1 1 9 12 1 1 10 7 12 1 1 1 9 12 1 1 7 1 10 12 1 9 12 1 1 9 12 1 1 7 1 8 1 10 12 1 9 12 1 8 1 9 12 7 1 8 1 10 12 1 9 12 1 7 1 8 1 10 12 1 9 12 1 7 1 8 1 10 9 12 9 12 1 8 1 7 1 6 0 9 12 9 12 1 8 1 9 12 9 12 1 8 1 9 12 9 12 1 8 1 9 12 7 1 10 9 12 1 1 7 1 10 9 12 1 1 7 1 10 9 12 1 9 12 1 7 1 10 7 12 1 1 1 10 12 1 9 12 1 1 10 12 1 10 7 12 1 1 9 12 1 1 9 12 1 1 10 12 1 1 10 7 12 1 1 1 10 12 1 1 10 7 12 1 1 1 6 0 10 10 12 1 10 10 12 1 1 10 12 1 10 12 1 10 12 1 1 10 7 12 1 1 10 6 0 10 12 1 10 6 0 10 12 1 1 4 4 10 12 1 1 10 12 1 1 10 7 12 1 1 1 10 7 12 1 1 10 100 12 1 1 1 10 10 12 10 12 1 1 10 12 10 10 12 1 10 12 1 1 10 12 1 10 12 1 10 12 1 10 12 1 10 7 1 11 100 12 1 1 10 10 12 1 9 12 1 1 100 1 10 10 7 12 1 1 1 11 100 12 1 1 10 12 1 1 9 12 1 1 11 12 1 1 11 12 1 10 12 10 12 1 10 12 1 10 12 1 1 9 12 1 7 1 10 12 1 10 12 1 1 10 7 1 9 12 1 1 10 100 1 7 1 10 10 12 1 9 12 1 100 1 10 10 12 1 9 12 1 100 1 10 10 12 1 9 12 1 100 1 10 10 12 1 9 12 1 100 1 10 10 7 12 1 1 1 10 12 1 10 12 1 10 12 1 1 10 7 12 1 1 1 9 12 1 100 1 10 10 12 1 7 1 9 12 1 10 12 1 1 10 7 12 1 1 1 10 7 12 1 1 1 10 12 1 10 12 1 10 12 1 10 12 1 9 12 1 1 10 12 1 7 1 8 10 12 1 10 10 7 12 1 1 1 11 7 12 1 1 1 9 12 1 1 10 12 1 11 12 1 11 12 1 10 12 1 10 12 1 10 12 1 1 10 12 1 10 12 10 7 12 1 1 1 10 12 1 1 10 10 12 1 1 10 10 7 12 1 1 10 12 1 1 9 12 1 10 12 1 1 7 1 10 10 12 1 1 100 1 1 1 1 1 1 1 1 1 1 1 1 1 1 1 1 1 1 1 1 1 1 1 1 1 1 1 1 1 1 1 1 1 1 1 1 1 1 1 1 1 1 1 1 1 1 1 1 1 1 1 1 1 1 1 1 1 1 1 1 1 1 1 1 1 1 1 1 1 1 1 1 1 1 1 1 1 1 1 1 1 1 1 1 1 1 1 1 1 1 1 1 1 1 1 1 1 1 1 1 1 1 1 100 1 1
staticfield javafx/stage/Window USER_DATA_KEY Ljava/lang/Object; java/lang/Object
staticfield javafx/stage/Window $assertionsDisabled Z 1
instanceKlass javafx/scene/Group
instanceKlass javafx/scene/layout/Region
ciInstanceKlass javafx/scene/Parent 1 1 900 10 7 12 1 1 1 7 1 10 7 12 1 1 1 10 12 1 1 11 7 12 1 1 1 9 12 1 1 9 100 12 1 1 1 18 12 1 1 10 100 12 1 1 1 9 7 12 1 1 1 10 12 1 1 9 12 1 10 12 1 1 9 12 1 1 11 7 1 11 12 1 1 7 1 10 10 12 1 1 9 12 1 1 10 12 1 1 9 12 1 1 11 12 1 11 10 12 1 1 11 12 1 9 12 1 10 12 1 9 12 1 10 12 1 1 10 12 1 18 10 12 1 1 10 100 12 1 1 1 18 12 1 18 100 1 8 1 10 12 1 1 11 12 1 1 11 7 12 1 1 11 12 1 1 18 12 1 9 12 1 10 7 12 1 1 11 10 12 1 1 11 12 1 1 18 12 1 1 10 7 12 1 1 1 9 12 1 9 12 1 7 1 10 12 10 12 1 11 12 1 10 12 1 9 12 1 1 11 100 12 1 1 8 1 9 12 1 11 12 1 11 11 12 1 10 7 12 1 1 1 10 12 1 1 10 12 1 1 9 12 1 1 9 7 12 1 1 10 7 12 1 1 10 7 1 9 12 1 10 9 12 1 10 12 1 10 12 1 1 10 12 1 10 12 1 10 12 1 1 10 7 12 1 1 10 12 1 1 10 7 12 1 1 1 10 12 1 1 10 12 1 10 12 1 1 10 12 1 1 10 12 1 10 12 1 1 10 12 1 1 9 12 1 1 10 12 1 1 9 12 1 9 12 1 10 12 1 1 9 12 1 1 100 1 8 10 12 1 9 12 1 10 12 1 10 7 12 1 1 1 10 12 1 10 12 1 1 10 12 1 10 12 1 10 12 1 9 12 1 10 9 12 1 6 0 9 12 1 1 9 12 1 9 12 1 9 12 1 10 12 1 1 10 12 1 10 12 1 10 12 1 10 12 1 1 10 7 12 1 1 10 12 1 10 7 12 1 1 1 10 12 1 10 12 1 10 12 1 10 12 1 1 10 12 1 10 12 1 10 12 1 10 12 1 10 12 1 10 12 1 10 10 10 12 1 6 0 9 12 1 1 9 7 12 1 1 1 10 12 1 10 12 1 10 12 1 10 12 1 10 12 1 10 12 1 9 12 1 10 7 12 1 1 1 11 10 12 9 12 1 1 9 7 12 1 9 12 10 12 1 10 12 1 1 11 12 1 1 7 1 9 12 1 9 10 12 1 1 10 12 10 7 1 10 7 1 7 1 10 12 10 12 1 10 7 12 1 1 1 7 1 10 10 12 1 7 1 10 9 12 1 1 9 12 1 9 7 12 1 1 1 10 12 1 1 10 10 12 1 10 7 12 1 1 1 10 7 12 1 1 9 12 1 10 12 1 9 12 1 1 10 9 12 1 10 12 1 10 12 1 10 12 1 10 12 10 12 1 10 12 1 10 12 1 10 12 1 10 12 1 10 12 1 10 12 1 1 10 12 1 6 0 6 0 10 12 1 10 12 1 1 10 9 12 1 10 10 10 12 1 1 9 12 1 9 12 1 9 12 1 9 12 1 9 12 1 9 12 1 9 12 1 1 10 12 1 1 10 12 1 10 12 1 1 10 12 1 9 12 1 10 12 1 10 12 1 10 12 1 10 100 12 1 1 9 12 1 1 9 100 12 1 1 1 9 12 1 10 12 1 1 100 1 10 12 1 9 12 1 10 100 1 10 12 1 1 10 12 1 1 10 12 1 8 1 10 7 12 1 1 1 9 12 1 7 1 10 10 12 1 1 1 1 3 1 3 1 1 1 1 1 1 1 1 3 1 3 1 3 1 3 1 3 1 3 1 1 1 1 1 1 1 1 1 1 1 1 1 1 100 1 1 1 1 1 1 1 1 1 1 1 1 1 1 1 1 1 1 1 1 1 1 1 1 1 1 1 1 1 1 1 1 1 1 1 1 1 1 1 1 1 15 10 100 12 1 1 8 1 8 1 8 1 8 1 8 1 15 10 7 12 1 1 1 16 1 15 10 12 16 1 100 1 1 100 1 100 1 1
staticfield javafx/scene/Parent warnOnAutoMove Z 0
ciInstanceKlass javafx/event/EventTarget 1 1 24 100 1 10 12 1 1 100 1 100 1 1 1 1 1 1 1 1 1 1 1 1 1 1
ciInstanceKlass javafx/css/Styleable 1 1 27 100 1 100 1 1 1 1 1 1 1 1 1 1 1 1 1 1 1 1 1 1 1 1 1 1 1
instanceKlass javafx/scene/shape/Shape3D
instanceKlass javafx/scene/Camera
instanceKlass javafx/scene/SubScene
instanceKlass javafx/scene/image/ImageView
instanceKlass javafx/scene/Parent
instanceKlass javafx/scene/shape/Shape
ciInstanceKlass javafx/scene/Node 1 1 3315 7 1 10 7 12 1 1 1 10 12 1 1 9 12 1 1 11 7 12 1 1 1 10 12 1 1 10 7 12 1 1 1 10 12 1 1 10 7 12 1 1 11 12 1 11 12 1 11 12 1 11 12 1 9 12 1 1 9 7 12 1 1 1 10 12 1 1 9 12 1 10 7 12 1 1 10 12 1 10 12 1 1 10 12 1 9 12 1 9 12 1 9 12 1 9 12 1 10 12 1 1 10 12 1 9 12 1 1 9 7 12 1 1 1 10 12 1 1 9 12 1 10 12 1 10 12 1 1 9 7 12 1 1 9 12 1 10 12 1 1 10 7 12 1 1 1 10 7 12 1 1 10 7 1 10 12 1 18 12 1 1 10 7 12 1 1 1 9 12 1 10 12 1 1 9 12 1 10 12 1 1 10 12 1 1 10 12 1 1 10 12 1 1 9 12 1 10 12 1 10 7 12 1 1 1 10 12 1 1 9 12 1 10 12 1 10 12 1 1 10 12 1 1 9 12 1 10 12 1 1 9 12 1 10 12 1 1 10 7 12 1 1 1 10 12 1 9 12 1 10 12 1 10 12 1 1 10 12 1 10 12 1 1 9 12 1 10 12 1 10 12 1 9 12 1 10 12 1 1 10 12 1 1 10 12 1 1 9 12 1 1 7 1 10 12 1 10 7 12 1 1 1 11 7 1 10 12 1 1 9 12 1 1 11 12 1 1 11 12 1 1 10 12 1 1 10 7 12 1 1 1 9 12 1 1 10 12 1 7 1 10 12 1 1 7 1 10 12 10 12 1 10 7 1 9 12 1 1 10 12 1 1 10 12 1 10 12 1 10 12 1 10 12 1 1 10 12 1 1 10 12 1 9 12 1 1 10 12 1 10 12 1 10 12 1 1 10 12 1 9 12 1 1 10 7 12 1 1 9 12 1 1 10 12 1 1 10 100 12 1 1 10 10 12 1 10 12 1 10 10 10 10 12 1 1 10 7 1 9 12 1 1 10 7 1 10 9 12 1 1 10 12 1 9 12 1 8 1 7 1 10 12 1 10 12 1 1 10 7 12 1 9 12 1 1 10 12 7 1 10 12 1 10 12 1 1 10 7 1 9 12 1 1 9 12 1 1 10 7 12 1 1 1 10 12 1 1 10 10 12 1 1 10 7 12 1 9 12 1 1 10 12 7 1 10 12 1 10 12 1 9 12 1 1 10 100 1 100 1 10 12 1 10 12 1 9 12 1 1 10 10 10 12 1 10 10 10 12 1 9 12 1 1 10 10 10 12 1 9 12 1 1 10 10 10 12 1 9 12 1 1 10 12 1 1 10 10 9 7 12 1 1 10 9 12 1 10 12 1 9 12 1 10 12 1 10 12 1 10 10 12 1 9 12 1 7 1 8 10 12 1 10 12 1 1 10 7 1 9 12 1 1 10 10 12 1 7 1 10 10 10 12 1 10 10 12 1 10 10 100 12 1 1 1 10 12 1 1 10 100 12 1 1 1 10 12 1 1 100 1 10 12 1 100 1 10 11 7 1 10 12 1 10 12 1 9 12 1 1 9 7 12 1 1 10 12 1 10 12 1 10 12 1 1 11 7 12 1 1 1 11 12 1 10 12 1 10 12 1 10 12 1 10 12 1 10 12 1 10 12 1 10 12 10 100 12 1 1 1 100 1 10 10 7 12 1 1 1 10 12 1 1 10 100 12 1 1 10 12 1 10 12 1 10 12 1 10 7 12 1 1 1 9 12 1 10 7 12 1 1 10 12 10 12 10 12 10 12 1 10 12 1 1 10 12 1 1 10 12 1 1 10 7 12 1 1 1 10 12 1 10 10 10 12 1 1 10 10 12 1 10 10 12 1 1 10 12 1 100 1 8 1 10 12 10 12 1 1 18 12 1 1 10 12 1 1 10 12 1 9 12 1 1 10 7 12 1 1 1 10 12 1 1 10 10 12 1 10 12 1 10 10 12 1 10 12 1 10 10 12 1 10 12 1 10 10 12 1 10 12 1 10 10 12 1 1 100 1 8 1 10 10 12 1 1 8 1 9 12 1 10 12 1 10 12 1 9 100 12 1 1 1 10 100 12 1 1 8 1 10 12 10 100 12 1 1 10 12 1 1 10 9 12 1 1 10 7 12 1 1 1 7 1 4 10 12 1 10 7 1 10 7 1 10 9 12 1 1 9 12 1 10 9 12 1 9 12 1 9 12 1 9 12 1 9 12 1 9 12 1 9 12 1 1 7 1 10 9 12 1 1 7 1 10 9 12 1 7 1 10 9 12 1 1 9 12 1 9 12 1 7 1 10 9 12 1 1 10 12 1 1 9 12 1 10 12 1 9 12 1 7 1 10 10 12 1 9 12 1 7 1 10 10 12 1 9 12 1 7 1 10 10 12 1 1 10 7 1 10 12 1 10 10 12 1 10 7 12 1 1 1 9 7 12 1 1 1 10 7 12 1 1 1 10 12 1 18 12 1 10 12 1 10 12 1 1 10 12 1 10 10 12 1 1 10 10 12 1 10 12 1 1 6 0 10 12 1 10 12 1 10 12 1 10 12 1 10 12 1 9 100 12 1 1 1 10 12 1 1 10 7 12 1 1 1 10 12 1 10 12 1 6 0 10 12 1 10 12 1 100 1 10 12 1 9 12 1 1 100 1 10 12 1 10 12 1 10 12 1 10 12 1 10 12 1 10 100 1 10 7 12 1 1 10 12 1 10 12 1 10 12 1 10 12 1 10 12 1 10 12 1 10 12 1 10 12 1 9 12 1 1 10 7 12 1 1 10 12 1 1 9 12 1 1 10 12 1 10 12 1 10 12 1 10 10 12 1 10 12 1 1 10 12 1 10 12 1 1 10 12 10 12 1 10 12 10 12 1 9 12 1 1 10 12 1 1 10 100 12 1 1 10 12 1 1 10 10 12 1 10 12 1 6 0 10 12 1 10 12 1 10 10 12 1 10 12 1 10 10 12 1 10 12 1 7 1 10 12 1 10 12 1 9 7 12 1 1 10 12 1 9 12 1 1 10 7 12 1 1 10 12 1 10 12 1 10 12 1 10 12 1 10 12 1 1 10 12 1 10 12 1 10 12 1 10 12 1 10 12 10 12 10 12 1 10 12 1 10 10 10 10 10 10 10 10 10 10 12 1 1 10 12 1 1 10 12 1 10 12 1 10 12 1 10 12 1 10 10 12 1 10 12 1 1 9 12 1 1 10 12 1 1 7 1 10 12 1 10 12 1 10 12 1 1 10 12 1 10 10 10 12 1 10 12 1 10 12 1 7 1 10 12 1 10 12 1 10 12 1 10 12 1 1 10 12 1 10 12 1 1 10 12 1 9 12 1 1 9 7 12 1 1 1 9 12 1 10 12 1 1 100 1 10 12 10 7 12 1 1 10 12 1 10 12 1 1 10 12 1 10 12 1 1 10 10 100 1 10 10 10 12 1 1 10 12 10 100 12 1 1 1 10 12 1 1 10 7 1 10 10 12 1 10 12 1 1 10 7 12 1 1 1 10 12 10 12 1 10 12 10 12 1 10 12 1 10 12 1 10 12 9 12 9 12 10 12 10 12 1 10 12 1 1 10 12 10 12 10 12 1 1 10 100 12 1 1 10 100 12 1 1 1 10 12 1 10 12 10 12 10 12 1 10 12 1 10 12 1 10 12 1 10 12 1 10 12 10 12 10 12 10 12 1 10 12 10 12 10 12 10 12 1 9 12 1 10 12 1 10 12 1 10 12 1 10 12 10 10 10 10 12 1 10 12 1 1 10 12 1 1 10 12 1 10 12 1 10 12 1 10 12 1 10 12 1 10 12 1 10 12 1 10 12 1 10 12 1 10 12 1 10 12 1 10 12 10 12 1 10 12 1 1 10 12 1 1 10 12 1 10 12 1 11 12 1 1 11 7 12 1 1 11 12 1 10 12 1 1 10 12 1 1 10 12 1 10 10 10 10 10 12 10 12 10 12 1 10 12 1 10 7 12 1 1 1 10 12 1 10 12 1 10 12 1 1 10 12 1 10 12 1 10 12 1 1 10 7 12 1 1 1 10 12 1 1 10 12 1 1 10 12 1 10 10 6 0 6 0 10 12 1 6 0 6 0 10 12 1 10 10 10 12 1 10 12 1 1 10 10 12 1 10 10 10 12 1 10 10 10 12 1 10 10 10 12 1 10 10 10 12 1 10 10 10 12 1 10 10 10 12 1 10 10 10 12 1 9 12 1 1 10 10 10 12 1 10 10 10 12 1 10 10 10 10 9 12 1 1 9 100 12 1 1 10 12 1 1 10 7 12 1 1 1 10 12 1 10 12 1 9 12 1 9 7 12 1 1 7 1 10 12 1 10 12 1 1 9 12 1 9 12 1 9 12 1 1 7 1 10 10 12 1 1 10 12 1 10 12 1 1 10 12 1 10 10 12 1 10 12 1 10 12 1 10 12 1 10 12 1 10 12 1 10 10 12 1 10 10 10 12 1 9 12 1 7 1 10 10 12 1 9 12 1 7 1 10 10 12 1 10 12 1 10 10 12 1 10 12 1 10 10 12 1 10 12 1 10 10 12 1 10 12 1 10 10 12 1 10 12 1 10 10 12 1 10 12 1 10 10 12 1 10 12 1 10 10 12 1 10 12 1 10 10 12 1 10 12 1 10 10 12 1 10 12 1 10 10 12 1 10 12 1 10 10 12 1 10 12 1 10 10 12 1 10 12 1 10 10 12 1 10 12 1 10 10 12 1 10 12 1 10 10 12 1 10 12 1 10 10 12 1 10 12 1 10 10 12 1 10 12 1 10 10 12 1 10 12 1 10 10 12 1 10 12 1 10 10 12 1 10 12 1 10 10 12 1 10 12 1 10 10 12 1 10 12 1 10 10 12 1 10 12 1 10 10 12 1 10 12 1 10 10 12 1 10 12 1 10 10 12 1 10 12 1 10 10 12 1 10 12 1 10 10 12 1 10 12 1 10 10 12 1 10 12 1 10 10 12 1 10 12 1 10 10 12 1 10 12 1 10 10 12 1 10 12 1 10 10 12 1 10 12 1 10 10 12 1 9 12 1 1 10 12 1 1 10 10 7 1 10 12 1 10 10 9 12 1 1 10 12 1 1 10 12 1 10 12 1 1 10 10 12 1 9 12 1 7 1 10 10 12 1 10 12 1 10 12 1 10 12 1 1 10 12 1 1 10 12 1 1 100 1 10 10 12 1 10 12 1 11 10 12 1 1 10 12 1 10 100 12 1 1 10 12 1 8 1 8 1 8 1 8 1 10 12 1 10 10 7 12 1 1 1 9 12 1 1 10 12 1 10 12 1 9 12 1 10 12 1 1 9 12 1 9 12 1 10 12 1 9 12 1 9 12 1 9 12 1 1 9 7 12 1 9 12 1 10 12 1 1 10 12 1 10 12 1 10 12 1 1 10 10 12 1 10 12 1 10 12 1 10 12 1 10 12 1 9 12 1 1 10 7 1 10 12 10 7 1 10 10 10 12 1 18 12 1 10 12 1 9 12 1 100 1 10 10 12 1 7 1 10 9 12 1 10 7 12 1 1 1 10 12 1 10 12 1 10 12 1 10 12 1 9 12 1 1 10 12 1 7 1 8 10 12 1 10 12 9 12 1 1 18 12 1 1 11 7 12 1 1 1 10 12 1 1 7 1 10 12 1 9 12 1 10 7 1 10 9 12 1 9 12 1 10 12 1 10 12 1 10 12 1 1 10 12 1 1 10 7 1 10 12 1 9 100 12 1 1 1 9 7 12 1 1 1 10 12 1 1 10 7 12 1 1 1 8 1 10 12 1 10 12 1 11 12 10 12 1 1 9 12 9 12 1 10 12 1 11 7 1 11 9 12 1 1 10 12 1 1 10 12 1 9 12 1 10 9 10 9 10 12 1 1 9 12 1 10 12 1 10 12 10 12 1 1 11 11 9 7 12 1 1 1 10 12 1 10 12 1 10 12 1 9 7 12 1 1 1 10 12 1 9 12 1 8 10 12 1 9 12 1 1 9 7 12 1 1 10 12 1 1 10 12 1 10 12 1 9 12 1 10 12 1 10 12 1 9 12 1 10 12 1 10 9 12 1 10 100 1 10 12 1 1 10 12 10 12 10 12 10 12 10 12 1 1 10 12 1 9 12 1 10 100 1 10 12 100 1 9 12 1 100 1 10 12 1 10 12 1 10 12 1 1 10 12 1 1 10 100 12 1 1 1 10 12 1 1 100 1 10 10 12 1 11 12 1 10 12 1 1 100 1 10 12 1 11 100 12 1 1 100 1 7 1 8 1 10 12 1 1 8 1 10 7 12 1 1 7 1 10 10 12 1 1 9 7 12 1 1 9 7 12 1 1 8 10 7 12 1 1 1 9 12 1 1 8 9 12 1 8 9 12 1 8 9 12 1 8 1 9 12 1 8 1 9 12 1 8 1 9 12 1 18 12 1 100 1 100 1 1 1 1 1 1 1 1 1 1 1 1 1 6 0 1 1 1 6 0 1 1 1 1 1 3 1 3 1 1 1 3 1 1 1 1 1 1 1 1 1 1 1 1 1 100 1 100 1 1 1 1 1 1 1 1 1 1 1 1 1 1 1 1 100 1 1 1 1 1 1 1 1 1 1 1 100 1 1 1 1 1 1 1 1 1 1 1 1 1 1 100 1 1 1 1 1 1 1 100 1 1 1 1 1 1 1 1 1 1 1 1 1 1 1 1 1 1 1 1 1 1 1 1 1 1 1 1 1 1 1 1 1 1 1 1 1 1 1 1 1 1 1 1 1 1 1 1 1 1 1 1 1 1 1 1 1 1 1 1 1 1 1 1 1 1 1 1 1 1 1 1 1 1 1 1 1 1 1 1 1 1 1 1 1 1 1 1 1 1 1 1 1 1 1 1 1 1 1 1 1 1 1 1 1 1 1 1 1 1 1 1 1 1 1 1 1 1 1 1 1 1 1 1 1 1 100 1 1 1 1 1 1 1 1 1 1 1 1 100 1 1 1 1 1 1 1 1 1 1 1 1 1 1 1 1 1 1 1 1 1 1 1 1 1 100 1 1 1 1 1 1 1 1 1 1 1 1 1 1 1 1 1 1 1 1 1 1 1 1 1 1 1 1 1 1 1 1 1 1 1 1 1 1 1 1 1 1 1 1 100 1 100 1 100 1 100 1 100 1 100 1 100 1 100 1 100 1 100 1 100 1 100 1 100 1 100 1 100 1 100 1 100 1 100 1 100 1 100 1 100 1 100 1 100 1 100 1 100 1 100 1 100 1 100 1 100 1 100 1 100 1 100 1 100 1 100 1 100 1 100 1 100 1 100 1 1 15 10 100 12 1 1 8 1 15 10 7 12 1 1 1 16 15 10 12 8 1 8 1 16 15 10 12 16 15 10 12 1 100 1 1 1 1 1 1 1 1 1 1 1 1 1 1 100 1 1 100 1 1 1 100 1 100 1 1
staticfield javafx/scene/Node USER_DATA_KEY Ljava/lang/Object; java/lang/Object
staticfield javafx/scene/Node DEFAULT_ROTATION_AXIS Ljavafx/geometry/Point3D; javafx/geometry/Point3D
staticfield javafx/scene/Node DEFAULT_CACHE_HINT Ljavafx/scene/CacheHint; javafx/scene/CacheHint
staticfield javafx/scene/Node DEFAULT_CLIP Ljavafx/scene/Node; null
staticfield javafx/scene/Node DEFAULT_CURSOR Ljavafx/scene/Cursor; null
staticfield javafx/scene/Node DEFAULT_DEPTH_TEST Ljavafx/scene/DepthTest; javafx/scene/DepthTest
staticfield javafx/scene/Node DEFAULT_EFFECT Ljavafx/scene/effect/Effect; null
staticfield javafx/scene/Node DEFAULT_INPUT_METHOD_REQUESTS Ljavafx/scene/input/InputMethodRequests; null
staticfield javafx/scene/Node HOVER_PSEUDOCLASS_STATE Ljavafx/css/PseudoClass; com/sun/javafx/css/PseudoClassImpl
staticfield javafx/scene/Node PRESSED_PSEUDOCLASS_STATE Ljavafx/css/PseudoClass; com/sun/javafx/css/PseudoClassImpl
staticfield javafx/scene/Node DISABLED_PSEUDOCLASS_STATE Ljavafx/css/PseudoClass; com/sun/javafx/css/PseudoClassImpl
staticfield javafx/scene/Node FOCUSED_PSEUDOCLASS_STATE Ljavafx/css/PseudoClass; com/sun/javafx/css/PseudoClassImpl
staticfield javafx/scene/Node FOCUS_VISIBLE_PSEUDOCLASS_STATE Ljavafx/css/PseudoClass; com/sun/javafx/css/PseudoClassImpl
staticfield javafx/scene/Node FOCUS_WITHIN_PSEUDOCLASS_STATE Ljavafx/css/PseudoClass; com/sun/javafx/css/PseudoClassImpl
staticfield javafx/scene/Node SHOW_MNEMONICS_PSEUDOCLASS_STATE Ljavafx/css/PseudoClass; com/sun/javafx/css/PseudoClassImpl
staticfield javafx/scene/Node boundsAccessor Lcom/sun/javafx/scene/BoundsAccessor; javafx/scene/Node$$Lambda+0x00000257010da148
instanceKlass javafx/scene/shape/Arc
instanceKlass javafx/scene/shape/Line
instanceKlass javafx/scene/shape/SVGPath
instanceKlass javafx/scene/shape/Path
instanceKlass javafx/scene/shape/Rectangle
instanceKlass javafx/scene/text/Text
ciInstanceKlass javafx/scene/shape/Shape 1 1 715 10 7 12 1 1 1 9 7 12 1 1 1 9 7 12 1 1 7 1 10 12 1 9 12 1 1 9 12 1 1 10 12 1 1 10 7 12 1 1 1 9 12 1 1 9 12 1 1 10 7 12 1 1 1 10 12 1 1 10 12 1 10 12 1 1 10 7 12 1 1 10 12 1 1 10 12 1 10 12 1 9 12 1 1 10 12 1 1 10 12 1 10 12 1 9 12 1 1 10 12 1 1 10 12 1 10 12 1 6 0 10 12 1 10 12 1 10 12 1 10 12 1 10 12 1 10 12 1 1 10 12 1 1 10 12 1 9 12 1 9 12 1 9 12 1 10 12 1 1 9 7 12 1 1 1 10 7 12 1 1 1 10 12 1 1 10 12 1 9 12 1 1 9 7 12 1 1 1 10 12 1 1 7 1 7 1 10 12 1 10 12 1 9 12 1 7 1 10 10 12 1 1 10 7 12 1 1 9 12 1 1 10 12 1 7 1 10 12 1 9 7 12 1 1 1 10 12 1 1 10 7 12 1 1 1 10 12 1 1 10 12 1 1 10 12 1 1 7 1 10 12 1 10 12 1 10 12 1 1 9 12 1 1 10 12 1 10 7 12 1 1 1 10 12 1 10 12 1 10 12 1 10 12 1 1 10 12 1 10 12 1 10 12 1 1 10 12 1 1 10 12 1 1 9 12 1 10 7 12 1 1 1 11 7 12 1 1 1 10 12 1 9 12 1 10 12 1 9 12 1 10 12 1 10 12 1 9 12 1 1 10 7 1 100 1 10 12 1 1 11 12 1 10 12 1 7 1 10 12 10 12 1 10 7 12 1 1 1 10 7 12 1 1 10 12 1 10 12 1 10 12 1 6 0 10 12 1 10 12 1 10 12 1 10 12 1 10 100 12 1 1 10 12 1 10 12 1 1 100 1 4 4 9 7 12 1 1 10 12 1 1 10 12 1 1 6 0 10 7 12 1 1 1 10 12 1 1 10 12 1 1 10 10 12 1 11 100 12 1 1 11 12 1 100 1 10 12 1 1 10 12 1 1 10 100 12 1 1 1 10 12 1 1 10 12 1 10 12 1 10 12 1 1 10 12 1 10 10 12 1 1 10 12 1 1 10 12 1 100 1 10 10 12 1 10 12 1 1 10 12 1 1 10 12 1 10 12 1 1 10 12 1 100 1 10 10 12 1 11 100 12 1 1 11 12 1 1 100 1 10 12 1 11 100 12 1 1 100 1 10 100 1 10 12 1 100 1 10 12 1 100 1 10 11 12 1 11 12 1 9 100 12 1 1 1 9 12 1 10 12 1 1 10 12 1 1 10 12 1 7 1 10 10 12 1 1 9 12 1 9 7 12 1 1 9 7 12 1 1 1 1 1 1 1 1 1 1 6 0 1 6 0 1 1 1 1 1 1 1 1 1 1 1 1 1 1 1 1 1 1 1 1 1 1 1 1 1 1 1 1 1 1 1 100 100 1 1 1 1 1 1 1 1 1 1 1 1 1 1 1 100 1 100 1 100 1 100 1 100 1 100 1 100 1 100 1 100 1 100 1 100 1 100 1 100 1 100 1 100 1 100 1 100 1 100 1 1 1 1 1 1 100 1 1
staticfield javafx/scene/shape/Shape DEFAULT_STROKE_TYPE Ljavafx/scene/shape/StrokeType; javafx/scene/shape/StrokeType
staticfield javafx/scene/shape/Shape DEFAULT_STROKE_LINE_JOIN Ljavafx/scene/shape/StrokeLineJoin; javafx/scene/shape/StrokeLineJoin
staticfield javafx/scene/shape/Shape DEFAULT_STROKE_LINE_CAP Ljavafx/scene/shape/StrokeLineCap; javafx/scene/shape/StrokeLineCap
staticfield javafx/scene/shape/Shape DEFAULT_PG_STROKE_DASH_ARRAY [F 0
ciInstanceKlass javafx/scene/control/Label 1 1 146 10 7 12 1 1 1 18 12 1 1 9 7 12 1 1 1 10 12 1 10 12 1 10 12 1 10 12 1 1 7 1 8 1 11 7 12 1 1 1 9 7 12 1 1 1 10 12 1 1 10 12 1 1 7 1 9 7 12 1 1 1 11 12 1 1 9 12 1 1 7 1 10 12 1 10 12 1 1 10 100 12 1 1 1 10 12 1 1 100 1 7 1 10 10 100 12 1 1 1 10 100 12 1 1 1 1 1 1 1 1 1 1 1 1 1 1 1 1 1 1 1 1 1 1 1 1 15 10 7 12 1 1 1 16 1 15 10 12 16 1 100 1 100 1 1
instanceKlass javafx/scene/control/DialogPane
instanceKlass javafx/scene/layout/TilePane
instanceKlass javafx/scene/chart/Chart$1
instanceKlass javafx/scene/control/PopupControl$CSSBridge
instanceKlass javafx/scene/text/TextFlow
instanceKlass javafx/scene/layout/HBox
instanceKlass javafx/scene/layout/BorderPane
instanceKlass javafx/scene/layout/StackPane
instanceKlass javafx/scene/layout/GridPane
instanceKlass javafx/scene/layout/VBox
ciInstanceKlass javafx/scene/layout/Pane 1 1 87 10 7 12 1 1 1 11 7 12 1 1 1 11 12 1 1 10 12 1 1 10 7 12 1 1 1 10 12 1 1 11 12 1 10 7 12 1 1 10 7 12 1 1 1 10 100 12 1 1 1 11 100 12 1 1 1 10 7 1 10 10 12 1 1 1 1 1 1 1 1 1 1 1 1 1 1 1 1 1 1 1 1 1 100 1 1
instanceKlass com/sun/javafx/scene/control/DatePickerContent
ciInstanceKlass javafx/scene/layout/VBox 1 1 400 7 1 8 1 10 12 1 1 10 12 1 1 7 1 8 1 7 1 10 12 1 1 10 12 1 1 10 7 12 1 1 1 9 12 1 1 10 10 12 1 1 10 12 1 1 11 7 12 1 1 1 9 12 1 1 7 1 10 12 1 10 12 1 1 10 7 12 1 1 10 12 1 1 9 12 1 1 7 1 9 7 12 1 1 1 10 12 1 10 12 1 1 10 7 12 1 1 10 12 1 10 12 1 1 9 12 1 1 100 1 10 12 1 10 12 1 1 10 100 12 1 1 10 12 1 9 12 1 1 10 12 1 1 11 7 12 1 1 1 11 7 12 1 1 11 12 1 7 1 10 12 1 1 9 7 12 1 1 10 12 1 1 6 0 10 10 12 1 1 10 12 1 1 9 12 1 1 10 12 1 1 10 12 1 10 12 1 10 12 1 1 10 12 1 10 12 1 10 12 1 10 12 1 1 10 12 1 10 12 1 10 12 11 12 1 1 10 12 1 1 10 12 1 11 12 1 10 12 1 1 10 12 1 1 10 12 1 10 12 1 1 10 12 1 9 12 1 1 10 12 1 1 9 12 1 10 12 1 1 10 12 1 10 12 1 10 7 12 1 1 1 10 7 12 1 1 10 12 1 10 12 1 10 12 1 10 12 1 10 12 1 10 12 1 10 12 1 1 10 12 1 1 10 12 1 1 10 12 1 1 9 12 1 1 7 10 12 1 1 9 7 12 1 1 1 10 12 1 18 12 1 1 1 1 1 1 1 1 1 1 1 1 1 1 1 1 1 1 1 1 1 1 1 1 1 1 100 1 1 1 1 100 1 100 1 1 1 1 1 1 1 1 100 1 100 1 100 1 1 15 10 7 12 1 1 1 16 1 15 10 12 16 1 1 100 1 100 1 1
staticfield javafx/scene/layout/VBox marginAccessor Ljavafx/util/Callback; javafx/scene/layout/VBox$$Lambda+0x000002570112fb40
instanceKlass javafx/scene/control/skin/ToolBarSkin$ToolBarOverflowMenu
instanceKlass javafx/scene/control/skin/TableHeaderRow$1
instanceKlass javafx/scene/control/skin/TableHeaderRow
instanceKlass javafx/scene/control/skin/TabPaneSkin$TabControlButtons$1
instanceKlass javafx/scene/control/skin/TabPaneSkin$TabHeaderSkin$4
instanceKlass javafx/scene/control/skin/TabPaneSkin$TabHeaderSkin$2
instanceKlass javafx/scene/control/skin/TabPaneSkin$TabHeaderSkin
instanceKlass javafx/scene/control/skin/TabPaneSkin$TabControlButtons
instanceKlass javafx/scene/control/skin/TabPaneSkin$TabHeaderArea$1
instanceKlass javafx/scene/control/skin/TabPaneSkin$TabHeaderArea
instanceKlass javafx/scene/control/skin/TabPaneSkin$TabContentRegion
instanceKlass javafx/scene/control/skin/ScrollBarSkin$1
instanceKlass javafx/scene/control/skin/ScrollPaneSkin$6
instanceKlass javafx/scene/control/skin/ScrollPaneSkin$5
ciInstanceKlass javafx/scene/layout/StackPane 1 1 283 7 1 8 1 10 12 1 1 10 12 1 1 7 1 8 1 7 1 10 12 1 1 10 12 1 1 10 7 12 1 1 1 9 12 1 1 10 12 1 1 11 7 12 1 1 1 9 12 1 1 7 1 9 12 1 1 10 12 1 10 12 1 1 10 7 12 1 1 1 10 12 1 1 10 12 1 1 9 12 1 1 10 12 1 1 11 7 12 1 1 1 11 7 12 1 1 1 11 12 1 7 1 10 12 1 1 9 100 12 1 1 10 12 1 1 10 12 1 1 9 12 1 1 10 12 1 1 10 12 1 10 12 1 10 12 1 10 12 1 1 10 12 1 1 10 12 1 6 0 10 12 1 10 12 1 1 10 12 1 10 12 1 1 10 12 1 10 12 1 9 7 12 1 1 1 18 12 1 1 10 12 1 1 11 12 1 1 11 12 1 10 12 1 10 12 1 1 10 12 1 1 9 7 12 1 1 1 10 12 1 10 100 12 1 1 1 18 12 1 1 1 1 1 1 1 1 1 1 1 1 1 1 1 1 1 1 1 1 1 100 1 1 1 100 1 1 1 1 1 1 1 1 1 1 100 1 1 15 10 7 12 1 1 1 16 1 15 10 12 16 1 15 10 12 16 1 1 100 1 100 1 1
staticfield javafx/scene/layout/StackPane marginAccessor Ljavafx/util/Callback; javafx/scene/layout/StackPane$$Lambda+0x000002570112fd50
ciInstanceKlass javafx/scene/control/PasswordField 1 1 56 10 7 12 1 1 1 10 7 12 1 1 1 8 1 11 7 12 1 1 1 9 7 12 1 1 1 10 12 1 1 9 100 12 1 1 1 10 100 12 1 1 1 10 12 1 1 1 1 1 1 1 1 1 1 1
instanceKlass javafx/scene/control/DialogPane$7
instanceKlass javafx/scene/control/DialogPane$5
instanceKlass javafx/scene/control/DialogPane$3
instanceKlass javafx/scene/control/Dialog$4
instanceKlass javafx/scene/control/Dialog$5
instanceKlass javafx/scene/control/Dialog$3
instanceKlass javafx/scene/control/Dialog$6
instanceKlass javafx/scene/control/Dialog$7
instanceKlass javafx/scene/control/Dialog$2
instanceKlass javafx/scene/control/Dialog$1
instanceKlass javafx/scene/control/skin/VirtualFlow$8
instanceKlass javafx/scene/control/ComboBox$2
instanceKlass javafx/scene/control/Tab$3
instanceKlass javafx/scene/control/Tab$4
instanceKlass javafx/scene/control/TableColumn$3
instanceKlass javafx/scene/control/TableColumn$4
instanceKlass javafx/scene/control/TableColumn$5
instanceKlass javafx/scene/control/TableColumn$2
instanceKlass javafx/scene/control/TableColumnBase$3
instanceKlass javafx/scene/control/TableView$9
instanceKlass javafx/scene/control/TableView$6
instanceKlass javafx/scene/control/TableView$7
instanceKlass javafx/scene/control/TableView$5
instanceKlass com/sun/javafx/scene/EventHandlerProperties$EventHandlerProperty
instanceKlass javafx/scene/Scene$11
instanceKlass javafx/scene/control/Control$4
instanceKlass javafx/scene/transform/Transform$4
instanceKlass javafx/beans/property/ReadOnlyObjectWrapper
ciInstanceKlass javafx/beans/property/SimpleObjectProperty 1 1 51 9 7 12 1 1 1 9 12 1 1 9 12 1 8 1 10 12 1 1 10 12 1 10 7 12 1 1 10 12 1 1 1 1 1 1 1 1 1 1 1 1 100 1 100 1 1 1 1 1 1
staticfield javafx/beans/property/SimpleObjectProperty DEFAULT_BEAN Ljava/lang/Object; null
ciInstanceKlass javafx/beans/value/WritableStringValue 1 0 11 100 1 100 1 100 1 1 1 1 1
ciInstanceKlass javafx/beans/value/ObservableStringValue 1 0 36 100 1 100 1 100 1 1 1 1 1 1 100 1 8 1 1 12 10 1 1 1 8 1 1 1 8 1 1 8 1 1 8 1 1 8
instanceKlass javafx/scene/control/TextInputControl$TextProperty
instanceKlass javafx/beans/property/StringPropertyBase
ciInstanceKlass javafx/beans/property/StringProperty 1 1 144 10 7 12 1 1 1 10 7 12 1 1 1 10 100 12 1 1 1 10 12 1 10 12 1 10 12 1 10 12 1 10 12 1 1 10 12 1 1 100 1 8 1 10 12 1 8 1 10 12 1 1 10 12 1 8 1 8 1 10 100 12 1 1 1 8 1 8 1 10 12 1 8 1 10 12 1 10 12 1 100 1 100 1 1 1 1 1 1 1 1 1 1 1 100 1 1 1 1 1 100 1 8 1 1 12 10 1 1 1 8 1 1 1 8 1 1 1 8 1 1 1 8 1 1 1 8 1 1 1 8 1 1 1 8 1 1 8 1 1 8 1 8 1
instanceKlass com/sun/javafx/charts/Legend$LegendItem$1
instanceKlass javafx/scene/chart/Chart$2
instanceKlass javafx/scene/chart/PieChart$Data$1
instanceKlass javafx/scene/shape/SVGPath$3
instanceKlass javafx/scene/text/Text$3
instanceKlass javafx/beans/property/SimpleStringProperty
instanceKlass javafx/css/StyleableStringProperty
instanceKlass javafx/scene/Node$5
instanceKlass javafx/scene/Node$3
instanceKlass javafx/stage/Stage$5
ciInstanceKlass javafx/beans/property/StringPropertyBase 1 1 206 10 7 12 1 1 1 9 7 12 1 1 1 9 12 1 1 9 12 1 1 9 12 1 1 9 12 1 1 10 7 12 1 1 1 10 12 1 1 10 12 1 10 12 1 10 12 1 1 10 12 1 10 12 11 7 12 1 1 1 7 1 10 12 1 1 100 1 10 12 1 10 12 1 1 10 100 12 1 1 1 10 100 12 1 1 18 12 1 1 8 1 18 12 1 10 12 1 10 12 1 1 10 12 1 100 1 8 1 10 11 10 12 1 7 1 10 12 1 11 12 1 11 12 100 1 8 1 10 8 1 10 12 1 1 10 12 1 8 1 8 1 8 1 8 1 10 12 1 8 1 8 1 10 12 1 10 12 1 1 1 1 1 1 1 1 1 1 1 1 1 1 1 1 1 15 10 100 12 1 1 8 1 8 1 1 1 100 1 100 1 1 1 100 1 8 1 1 12 10 1 1 1 8 1 1
instanceKlass javafx/scene/control/TableCell$2
instanceKlass javafx/scene/control/TableCell$1
instanceKlass javafx/scene/control/TableRow$1
instanceKlass javafx/scene/control/ListCell$4
instanceKlass javafx/scene/control/ToggleGroup$3
instanceKlass javafx/scene/control/Tab$2
instanceKlass javafx/scene/control/TableView$TableViewFocusModel$2
instanceKlass com/sun/javafx/scene/control/inputmap/InputMap$1
instanceKlass javafx/scene/Scene$FocusOwnerProperty
instanceKlass javafx/scene/Scene$3
instanceKlass javafx/scene/Node$ReadOnlyObjectWrapperManualFire
instanceKlass javafx/scene/Node$2
instanceKlass javafx/stage/Window$SceneModel
ciInstanceKlass javafx/beans/property/ReadOnlyObjectWrapper 1 1 47 10 7 12 1 1 1 10 12 1 10 12 1 10 12 1 9 7 12 1 1 1 7 1 10 12 1 10 12 1 10 1 1 1 1 1 1 1 1 1 1 1 1 1 1 1 1
instanceKlass javafx/scene/Node$NodeTransformation$10
instanceKlass javafx/scene/control/ToggleGroup$1
instanceKlass javafx/scene/layout/GridPane$6
instanceKlass javafx/scene/layout/GridPane$5
instanceKlass javafx/animation/ParallelTransition$2
instanceKlass javafx/scene/control/ContextMenu$2
instanceKlass javafx/scene/shape/Path$3
instanceKlass javafx/animation/Timeline$1
instanceKlass javafx/scene/Scene$10
instanceKlass javafx/css/Rule$Observables$2
instanceKlass javafx/css/Rule$Observables$1
instanceKlass javafx/css/Stylesheet$1
instanceKlass javafx/scene/Parent$4
instanceKlass javafx/scene/Parent$2
instanceKlass javafx/scene/Node$4
instanceKlass javafx/stage/Stage$3
ciInstanceKlass com/sun/javafx/collections/TrackableObservableList 1 1 57 10 7 12 1 1 1 7 1 10 12 1 18 12 1 1 10 7 12 1 1 1 10 12 1 1 1 1 1 1 1 1 1 1 1 15 10 7 12 1 1 1 16 15 10 12 1 100 1 100 1 1 100 1 100 1 1
ciInstanceKlass com/sun/javafx/scene/NodeHelper$NodeAccessor 1 0 79 100 1 100 1 1 1 1 1 1 1 1 1 1 1 1 1 1 1 1 1 1 1 1 1 1 1 1 1 1 1 1 1 1 1 1 1 1 1 1 1 1 1 1 1 1 1 1 1 1 1 1 1 1 1 1 1 1 1 1 1 1 1 1 1 1 1 1 1 1 1 1 1 1 1 100 1 1 1
ciInstanceKlass javafx/scene/Node$3 1 1 55 9 7 12 1 1 1 10 7 12 1 1 1 10 7 12 1 1 9 7 12 1 1 1 9 100 12 1 1 1 10 100 12 1 1 1 8 1 1 1 1 1 1 1 1 1 1 1 1 1 12 1 1 1 1
ciInstanceKlass javafx/scene/Node$5 1 1 47 9 7 12 1 1 1 10 7 12 1 1 1 8 1 10 12 1 10 7 12 1 1 1 8 1 7 1 10 1 1 1 1 1 1 1 1 1 1 1 1 1 12 1 1 1 1
ciInstanceKlass javafx/scene/Node$2 1 1 114 9 7 12 1 1 1 10 7 12 1 1 1 9 12 1 1 10 7 12 1 1 1 9 12 1 1 9 100 12 1 1 1 10 12 1 1 10 12 1 1 10 100 12 1 1 1 10 12 1 10 12 1 10 12 1 1 7 1 10 12 1 10 12 1 9 7 12 1 1 1 9 12 1 10 12 1 1 10 12 1 10 12 1 9 7 12 1 1 1 10 12 1 1 8 1 1 1 1 1 1 1 1 1 1 1 1 1 12 1 1 1 1 1
ciInstanceKlass javafx/scene/SubScene 0 0 589 9 100 12 1 1 1 10 100 12 1 1 1 10 100 12 1 1 10 100 12 1 1 1 9 12 1 1 9 12 1 1 9 12 1 100 1 10 12 9 12 1 1 9 12 1 1 100 1 10 9 12 1 1 9 12 1 9 12 1 10 12 1 1 10 12 1 1 10 12 1 9 12 1 10 100 12 1 1 1 10 100 12 1 1 1 8 1 10 12 1 1 10 100 12 1 1 1 10 12 1 1 8 1 10 12 1 1 10 100 12 1 1 1 9 12 1 10 12 1 1 100 1 100 1 10 10 12 1 9 12 1 100 1 100 1 10 10 12 1 1 100 1 9 12 1 1 100 1 10 10 12 1 10 12 1 1 10 12 1 10 12 1 10 12 1 9 100 12 1 1 1 10 12 1 1 10 12 1 1 10 100 12 1 9 12 1 1 10 12 100 1 10 10 12 1 9 12 1 100 1 10 10 12 1 9 12 1 100 1 100 1 10 12 1 10 12 1 10 12 1 1 100 1 10 12 1 10 12 1 1 10 12 1 10 12 1 9 12 1 10 12 1 1 10 12 1 1 11 100 12 1 1 1 10 12 1 9 12 1 10 12 1 10 12 9 12 1 10 100 1 10 12 1 1 9 12 1 10 12 1 1 10 10 12 1 10 12 1 10 12 1 10 12 1 10 12 1 9 12 1 1 9 100 12 1 1 9 10 12 1 1 10 12 1 9 100 12 1 1 1 10 12 1 10 12 1 1 9 12 1 10 100 1 8 10 12 1 100 1 10 12 1 10 12 1 10 10 12 1 10 100 12 1 1 1 10 100 12 1 1 1 10 100 12 1 1 1 10 10 12 1 1 10 12 1 10 10 12 1 10 100 12 1 1 1 10 12 1 1 9 12 1 10 100 12 1 1 10 12 1 10 12 1 1 10 12 1 1 100 1 10 100 1 10 10 12 1 1 10 12 1 1 10 100 12 1 1 10 12 1 1 10 12 1 1 10 12 1 1 10 100 12 1 1 1 10 12 1 10 12 1 1 10 100 12 1 1 10 12 1 10 12 1 1 10 12 1 1 10 12 1 10 12 1 1 11 100 12 1 1 1 9 12 1 11 12 1 11 12 1 10 12 1 1 11 12 1 10 12 1 1 11 12 1 100 1 11 12 1 100 1 10 100 1 10 10 12 1 1 9 100 12 1 1 1 10 100 12 1 1 1 1 1 1 1 1 1 1 1 1 1 1 1 1 1 1 1 1 1 1 1 1 1 1 1 100 1 1 1 1 1 1 1 1 1 1 1 1 1 1 1 100 1 1 1 1 100 1 1 1 1 1 1 1 1 100 1 1
ciInstanceKlass javafx/scene/Node$1 1 1 191 10 7 12 1 1 1 9 7 12 1 1 1 10 12 1 1 10 12 1 10 12 1 1 10 12 1 1 10 12 1 10 12 1 1 10 12 1 1 10 12 1 10 12 1 10 12 1 10 12 1 1 10 12 1 1 10 12 1 10 12 1 10 12 1 1 10 12 1 1 10 12 1 10 12 1 1 10 12 1 1 10 12 1 1 10 12 1 10 12 1 10 12 1 10 12 1 10 12 1 1 10 12 1 10 12 1 10 12 1 1 9 12 1 1 10 12 1 1 10 12 1 10 12 1 1 10 12 1 10 12 1 1 10 12 1 10 12 1 1 10 12 1 1 10 12 1 100 1 100 1 1 1 1 1 1 1 1 1 1 1 1 1 1 1 1 1 1 1 1 1 1 1 1 1 1 1 1 1 1 1 1 1 1 1 1 1 1 100 1 1
instanceKlass com/sun/javafx/scene/CameraHelper
instanceKlass com/sun/javafx/scene/shape/ShapeHelper
instanceKlass com/sun/javafx/scene/ParentHelper
instanceKlass com/sun/javafx/scene/ImageViewHelper
ciInstanceKlass com/sun/javafx/scene/NodeHelper 1 1 268 10 7 12 1 1 1 9 7 12 1 1 1 11 7 12 1 1 1 100 1 8 1 100 1 8 1 8 1 100 1 18 12 1 1 10 12 1 11 12 1 1 10 10 12 1 1 10 12 1 1 10 12 1 1 10 12 1 1 10 12 1 1 10 12 1 10 12 1 1 10 12 1 1 10 12 1 1 10 12 1 10 12 1 10 12 1 11 12 1 11 12 1 11 12 1 11 12 1 11 12 1 11 12 1 11 12 1 11 12 1 11 12 1 11 12 1 1 11 12 1 1 11 12 1 11 12 1 11 12 1 1 11 12 1 11 12 1 1 11 12 1 11 12 1 1 11 12 1 1 11 12 1 1 11 12 1 11 12 1 11 12 1 11 12 1 11 12 1 1 11 12 1 11 12 1 11 12 1 1 11 12 1 1 11 12 1 11 12 1 1 11 12 1 11 12 1 1 11 12 1 11 12 1 1 11 12 1 1 11 12 1 100 1 10 7 1 10 7 12 1 1 1 1 1 1 100 1 1 1 1 1 1 1 1 1 1 1 1 1 1 1 1 1 1 1 1 1 1 1 1 1 1 15 10 100 12 1 1 8 1 1 1 100 1 100 1 1
instanceKlass com/sun/javafx/css/StyleClassSet
instanceKlass com/sun/javafx/css/PseudoClassState
ciInstanceKlass com/sun/javafx/css/BitSet 1 1 174 10 7 12 1 1 1 9 7 12 1 1 1 9 12 1 10 7 12 1 1 1 7 1 10 12 1 10 12 1 1 10 7 12 1 1 1 9 12 1 1 10 7 12 1 1 1 100 1 10 12 1 1 10 12 1 1 5 0 10 7 12 1 1 1 11 7 1 11 12 1 1 11 7 12 1 1 1 11 12 1 1 10 12 1 1 11 10 12 1 10 12 1 1 11 10 11 11 12 1 11 10 12 10 12 1 1 10 12 1 1 10 12 1 10 12 1 1 10 12 1 10 12 1 10 12 10 12 1 10 12 1 1 100 1 1 1 1 1 1 1 1 1 1 1 1 1 1 100 1 1 1 1 1 1 1 1 1 1 1 1 1 1 1 1 1 1 1 1 1 100 1 100 1
staticfield com/sun/javafx/css/BitSet EMPTY_SET [J 0
ciInstanceKlass com/sun/javafx/css/PseudoClassState 1 1 210 10 7 12 1 1 1 11 7 12 1 1 1 11 12 1 1 7 1 10 7 12 1 1 1 10 12 1 1 10 7 1 10 12 1 1 100 1 10 12 1 1 100 1 10 12 1 7 1 10 10 12 1 1 11 100 12 1 1 1 11 12 1 1 10 12 1 1 11 11 12 1 100 1 8 1 10 12 1 7 1 10 12 1 9 12 1 1 11 7 12 1 1 7 1 9 12 1 1 10 12 1 1 10 12 1 10 12 1 11 12 1 1 10 12 1 10 12 1 100 1 8 1 10 9 12 1 1 100 1 10 10 12 1 1 10 12 1 10 12 1 10 12 10 12 1 1 10 12 1 10 12 1 10 12 1 10 12 1 10 12 1 10 12 1 1 10 12 1 10 12 1 10 12 1 10 12 1 10 12 1 10 10 10 10 10 7 12 1 1 7 1 10 12 1 1 1 1 1 1 1 1 1 1 1 1 1 1 1 1
staticfield com/sun/javafx/css/PseudoClassState pseudoClassMap Ljava/util/Map; java/util/HashMap
staticfield com/sun/javafx/css/PseudoClassState pseudoClasses Ljava/util/List; java/util/ArrayList
staticfield com/sun/javafx/css/PseudoClassState $assertionsDisabled Z 1
ciInstanceKlass javafx/scene/Node$ReadOnlyObjectWrapperManualFire 1 1 35 9 7 12 1 1 1 10 7 12 1 1 1 8 1 10 12 1 1 1 1 1 1 1 1 1 1 1 1 1 1 7 1 1 1
ciInstanceKlass javafx/scene/Node$4 1 1 63 9 7 12 1 1 1 10 7 12 1 1 1 10 7 12 1 1 10 12 1 1 8 1 10 12 1 1 100 1 100 1 10 10 12 1 1 10 12 1 10 12 1 1 1 1 1 1 1 1 1 1 1 1 1 1 1 1 100 1 100 1 1
ciInstanceKlass javafx/css/StyleOrigin 1 1 54 7 1 9 12 1 1 9 12 1 9 12 1 9 12 1 9 12 1 1 10 7 12 1 1 10 7 12 1 1 1 10 12 1 1 8 10 8 8 8 10 12 1 1 1 1 1 1 1 1 1 1 1 1
staticfield javafx/css/StyleOrigin USER_AGENT Ljavafx/css/StyleOrigin; javafx/css/StyleOrigin
staticfield javafx/css/StyleOrigin USER Ljavafx/css/StyleOrigin; javafx/css/StyleOrigin
staticfield javafx/css/StyleOrigin AUTHOR Ljavafx/css/StyleOrigin; javafx/css/StyleOrigin
staticfield javafx/css/StyleOrigin INLINE Ljavafx/css/StyleOrigin; javafx/css/StyleOrigin
staticfield javafx/css/StyleOrigin $VALUES [Ljavafx/css/StyleOrigin; 4 [Ljavafx/css/StyleOrigin;
instanceKlass com/sun/javafx/scene/GroupHelper
instanceKlass com/sun/javafx/scene/layout/RegionHelper
ciInstanceKlass com/sun/javafx/scene/ParentHelper 1 1 115 10 7 12 1 1 1 9 7 12 1 1 1 10 12 1 1 10 12 1 1 10 12 1 1 10 12 1 1 10 12 1 1 9 12 1 1 11 7 12 1 1 1 10 12 1 11 12 1 11 12 1 1 11 12 1 1 10 12 1 11 12 1 11 12 1 11 12 1 1 11 12 1 1 11 12 1 1 11 12 1 1 100 1 10 10 7 1 10 7 12 1 1 1 1 1 1 1 1 1 1 1 1 1 1 1 1 1 1 1 1 1 1 1 1
staticfield com/sun/javafx/scene/ParentHelper theInstance Lcom/sun/javafx/scene/ParentHelper; com/sun/javafx/scene/ParentHelper
instanceKlass javafx/scene/control/PopupControl$CSSBridgeHelper
ciInstanceKlass com/sun/javafx/scene/layout/PaneHelper 1 1 52 10 7 12 1 1 1 9 7 12 1 1 1 10 12 1 1 10 12 1 1 9 12 1 1 100 1 10 10 7 1 10 7 12 1 1 1 1 1 1 1 1 1 1 1 1 1 1 100 1 1 1
staticfield com/sun/javafx/scene/layout/PaneHelper theInstance Lcom/sun/javafx/scene/layout/PaneHelper; com/sun/javafx/scene/layout/PaneHelper
instanceKlass javafx/scene/Scene$2$1
ciInstanceKlass javafx/scene/Scene 1 1 2499 7 1 6 0 9 7 12 1 1 1 9 7 12 1 1 1 10 12 1 1 10 7 12 1 1 1 10 12 1 1 10 7 12 1 1 1 10 100 12 1 1 1 8 1 10 12 1 1 10 7 12 1 1 9 12 1 1 9 12 1 9 12 1 1 7 1 10 7 12 1 1 1 9 12 1 1 10 7 12 1 1 1 9 12 1 1 7 1 10 12 1 9 12 1 1 9 12 1 1 7 1 10 9 12 1 1 7 1 10 9 12 1 1 9 12 1 1 7 1 10 9 12 1 1 9 12 1 9 12 1 9 12 1 7 1 10 9 12 1 1 9 12 1 1 9 12 1 1 9 12 1 1 9 12 1 7 1 10 9 12 1 1 18 12 1 1 9 12 1 1 9 12 1 7 1 10 9 12 1 1 7 1 10 9 12 1 1 9 12 1 1 7 1 10 9 12 1 1 9 12 1 9 12 1 100 1 8 1 10 12 9 7 12 1 1 1 10 7 12 1 1 1 8 1 10 12 1 10 12 1 1 10 12 1 10 12 1 1 18 12 1 1 9 7 12 1 1 1 10 12 1 1 9 7 12 1 1 9 12 1 9 12 1 9 12 1 10 7 12 1 1 9 12 1 100 1 8 1 10 12 1 9 12 1 1 9 12 1 9 12 1 1 10 12 1 7 1 10 100 12 1 1 1 10 12 1 1 9 7 12 1 1 1 9 7 12 1 1 9 7 12 1 1 1 10 12 1 1 10 12 1 10 12 1 10 12 1 8 1 9 12 1 100 1 10 11 100 12 1 1 1 11 12 1 9 12 1 10 12 1 1 10 7 12 1 1 9 12 1 1 10 12 1 1 7 1 10 12 1 1 7 1 10 9 12 1 10 10 12 1 1 10 7 12 1 1 1 9 12 1 10 100 12 1 1 8 1 10 7 12 1 1 10 12 1 1 10 12 1 10 12 1 11 7 12 1 1 1 8 1 7 1 10 11 7 12 1 1 1 7 1 10 11 12 1 1 8 1 10 12 1 11 12 1 10 12 1 1 10 12 1 1 11 12 1 10 12 1 1 10 7 12 1 1 1 10 7 1 7 1 11 12 1 1 11 12 1 8 1 10 12 1 1 7 1 10 10 12 1 1 7 1 10 10 12 1 1 8 1 8 1 10 12 1 9 12 1 1 10 12 1 10 12 1 10 100 12 1 1 11 8 1 10 12 1 1 10 7 12 1 1 9 12 1 1 10 12 1 10 12 1 8 10 12 1 10 12 1 9 12 1 8 10 12 1 9 12 1 7 1 10 10 12 1 9 12 1 7 1 10 10 12 1 10 12 1 1 10 7 1 9 12 1 10 100 1 10 10 12 1 100 1 9 12 1 1 7 1 10 10 12 1 10 12 1 10 12 1 10 12 1 10 12 1 9 12 1 1 10 12 1 10 12 1 9 12 1 10 12 1 9 12 1 7 1 7 1 10 12 1 10 12 1 9 12 1 7 1 10 11 12 1 10 12 1 10 12 1 10 12 1 10 12 1 11 12 1 11 12 1 10 12 1 11 12 1 100 1 10 10 100 12 1 1 1 10 12 1 10 12 1 1 100 1 10 12 1 10 10 9 12 9 12 9 12 9 12 9 12 1 1 9 10 9 12 1 9 12 1 1 10 12 1 10 12 1 9 12 1 9 12 1 11 12 1 11 12 1 1 100 1 11 12 1 100 1 10 10 12 1 1 11 100 12 1 1 1 9 12 1 10 12 1 1 11 12 1 1 10 12 1 9 100 12 1 1 10 12 1 1 9 12 1 1 9 12 1 9 12 1 9 12 1 18 12 1 1 10 12 1 18 12 1 1 10 12 1 8 1 18 12 1 10 12 1 1 10 12 1 9 12 1 100 1 7 1 10 10 12 1 1 100 1 8 10 12 1 100 1 10 12 1 10 12 1 10 12 1 10 12 1 10 12 1 1 18 12 1 1 7 1 10 9 12 1 1 7 1 10 9 12 1 1 18 10 12 1 10 12 1 10 12 1 10 12 1 10 12 1 1 10 7 1 10 12 1 10 12 1 10 12 1 10 12 1 10 10 12 1 8 1 10 12 1 1 10 12 1 1 10 12 1 9 100 12 1 1 1 10 12 1 10 12 1 10 12 1 10 12 1 1 10 12 1 10 12 1 10 12 1 10 12 1 1 10 12 1 1 10 12 1 10 12 1 1 10 12 1 6 0 10 12 1 6 0 10 12 1 1 10 7 12 1 1 100 1 9 12 1 10 12 1 10 7 12 1 1 1 10 100 12 1 1 1 9 100 12 1 1 9 100 12 1 1 9 100 12 1 1 9 12 1 1 9 12 1 10 12 1 10 100 1 100 1 10 12 1 1 10 9 12 1 9 12 1 9 12 1 100 1 10 12 1 10 12 1 10 12 9 12 1 1 10 12 1 10 12 1 9 12 1 10 100 12 1 1 1 10 100 12 1 1 1 9 100 12 1 1 1 10 12 1 1 10 100 12 1 1 9 12 1 9 12 1 9 12 1 10 100 12 1 1 1 10 12 1 10 12 1 10 12 1 10 12 1 10 12 1 10 12 1 10 12 1 10 100 12 1 1 11 100 12 1 1 1 9 12 1 1 11 12 1 7 1 100 1 6 0 6 0 10 12 1 10 12 1 1 10 12 1 10 12 1 7 1 10 12 1 1 9 100 12 1 1 1 10 12 1 1 10 12 1 1 10 7 12 1 1 10 12 1 10 12 1 1 10 12 1 7 1 9 12 9 12 9 12 1 10 12 1 10 12 1 10 12 1 1 10 12 1 1 10 12 1 1 10 7 12 1 1 1 10 12 1 10 12 1 10 12 1 9 12 1 9 12 1 10 12 1 1 10 12 1 9 100 12 1 1 1 10 12 1 1 10 12 1 1 10 7 12 1 1 1 10 7 12 1 1 10 12 1 1 10 100 12 1 1 1 10 7 12 1 1 1 10 12 1 9 100 12 1 1 1 9 100 12 1 1 1 10 10 7 12 1 1 1 10 12 1 1 10 12 1 1 10 12 1 10 10 9 12 1 1 10 12 1 11 12 1 10 9 12 1 10 7 12 1 10 12 1 10 12 1 10 12 1 11 12 1 10 12 1 9 12 1 1 9 100 12 1 10 12 1 10 10 12 1 10 10 12 1 11 9 12 1 10 12 1 1 11 12 1 1 11 12 1 1 10 12 1 10 12 1 7 1 10 12 1 9 12 1 10 12 1 1 10 7 12 1 1 10 12 1 10 10 12 1 10 12 1 9 12 1 1 10 12 1 7 1 8 10 12 1 10 10 12 1 1 10 12 1 10 12 1 10 12 1 1 10 12 1 11 7 12 1 1 1 10 12 1 1 10 12 1 9 12 1 100 1 100 1 10 10 12 1 9 12 1 100 1 10 10 12 1 9 12 1 100 1 10 10 12 1 9 12 1 100 1 10 10 12 1 9 12 1 100 1 10 10 12 1 9 12 1 100 1 10 10 12 1 9 12 1 100 1 10 10 12 1 9 12 1 100 1 10 10 12 1 9 12 1 100 1 10 10 12 1 9 12 1 100 1 10 10 12 1 9 12 1 100 1 10 10 12 1 9 12 1 100 1 10 10 12 1 9 12 1 100 1 10 10 12 1 9 12 1 100 1 10 10 12 1 9 12 1 100 1 10 10 12 1 9 12 1 100 1 10 10 12 1 9 12 1 100 1 10 10 12 1 9 12 1 100 1 10 10 12 1 9 12 1 100 1 10 10 12 1 9 12 1 100 1 10 10 12 1 9 12 1 100 1 10 10 12 1 9 12 1 100 1 10 10 12 1 9 12 1 100 1 10 10 12 1 9 12 1 100 1 10 10 12 1 9 12 1 100 1 10 10 12 1 9 12 1 100 1 10 10 12 1 9 12 1 100 1 10 10 12 1 9 12 1 100 1 10 10 12 1 9 12 1 100 1 10 10 12 1 9 12 1 100 1 10 10 12 1 9 12 1 100 1 10 10 12 1 9 12 1 100 1 10 10 12 1 9 12 1 100 1 10 10 12 1 9 12 1 100 1 10 10 12 1 9 12 1 100 1 10 10 12 1 1 10 12 1 1 9 12 1 1 9 100 12 1 1 100 1 8 1 10 100 1 10 100 12 1 1 1 11 12 1 1 11 100 12 1 1 11 12 1 11 100 1 10 12 1 1 8 1 10 12 1 8 1 10 12 1 9 12 1 100 1 10 10 12 1 9 12 1 100 1 10 10 12 1 9 12 1 100 1 10 10 12 1 9 12 1 100 1 10 9 12 1 1 10 100 12 1 1 1 11 100 1 10 12 1 9 12 1 11 11 12 10 12 1 9 12 1 9 12 1 1 7 1 100 1 10 12 1 9 12 1 10 12 1 1 9 12 1 1 100 1 10 10 12 1 9 12 1 10 12 1 10 12 1 10 12 1 10 12 1 7 1 10 12 1 10 10 12 1 9 12 1 9 12 1 11 12 1 1 11 100 1 11 12 1 11 12 1 9 9 12 1 1 8 1 10 100 12 1 1 8 1 11 10 100 12 1 1 1 10 12 1 1 100 1 10 10 12 1 10 12 1 1 10 100 1 8 1 10 7 12 1 1 1 10 12 1 10 12 100 1 10 12 1 11 100 12 1 1 100 1 7 1 8 1 10 12 1 1 18 12 1 10 12 1 1 11 100 12 1 8 1 11 10 12 1 7 1 10 10 12 1 1 7 1 10 10 7 12 1 1 9 12 1 18 12 1 10 12 1 10 12 1 9 12 1 1 1 1 1 1 3 1 3 1 1 1 1 1 1 1 1 1 1 1 1 1 1 1 1 1 1 1 1 1 1 1 1 1 1 1 1 1 1 1 1 1 1 1 1 1 1 1 1 1 1 1 1 1 1 1 1 1 1 1 1 1 1 1 1 1 1 1 1 1 1 1 1 1 1 1 1 1 1 1 1 1 1 1 1 1 1 1 1 1 1 1 1 1 1 1 1 1 1 1 1 1 1 1 1 1 1 1 100 100 1 1 1 1 1 1 1 1 1 1 1 1 1 1 1 1 1 1 1 1 1 100 1 1 1 1 1 1 1 1 1 1 1 1 1 1 1 1 1 1 1 1 1 1 1 1 1 1 1 1 1 1 1 1 1 1 1 1 1 1 1 1 1 1 1 1 1 1 1 1 1 1 1 1 1 1 1 1 1 1 1 1 1 1 1 1 1 1 1 1 1 1 1 1 1 1 1 1 1 1 1 1 1 1 1 1 1 1 1 1 1 1 1 1 1 1 1 1 1 1 1 1 1 1 1 1 1 1 1 1 1 1 1 1 1 1 1 1 1 1 1 1 1 1 1 1 1 1 1 1 1 1 1 1 1 1 1 1 1 1 1 1 1 1 1 1 1 1 1 1 1 1 1 1 1 1 1 1 100 1 100 1 100 1 100 1 100 1 1 15 10 7 12 1 1 1 16 15 10 12 16 15 10 12 16 16 15 10 12 15 10 12 15 10 12 15 10 100 12 1 1 8 1 8 1 16 15 10 12 16 1 15 10 12 16 1 1 1 1 1 1 1 1 1 1 1 1 1 1 1 1 1 1 1 1 1 100 1 1 100 1 1 100 1 1 1 1 100 1 100 1 1
staticfield javafx/scene/Scene trackerMonitor Ljava/lang/Object; java/lang/Object
staticfield javafx/scene/Scene USER_DATA_KEY Ljava/lang/Object; java/lang/Object
staticfield javafx/scene/Scene defaultNodeOrientation Ljavafx/geometry/NodeOrientation; javafx/geometry/NodeOrientation
staticfield javafx/scene/Scene $assertionsDisabled Z 1
ciInstanceKlass javafx/scene/control/Labeled$6 1 1 87 9 7 12 1 1 1 10 7 12 1 1 1 9 12 1 1 10 12 1 1 100 1 10 12 1 1 7 1 10 12 1 1 10 12 1 10 7 12 1 1 1 10 12 1 1 9 100 12 1 1 1 8 1 10 12 1 10 12 1 1 1 1 1 100 1 1 1 1 1 1 1 1 1 1 1 1 1 1 100 1 12 1 1 1 1 1
ciInstanceKlass javafx/scene/control/Labeled$14 1 1 44 9 7 12 1 1 1 10 7 12 1 1 1 9 100 12 1 1 1 8 1 1 1 1 1 1 1 1 1 1 1 1 1 1 1 1 100 1 12 1 1 1 1 1
ciInstanceKlass com/sun/javafx/scene/control/ControlHelper 1 1 71 10 7 12 1 1 1 9 7 12 1 1 1 10 12 1 1 10 12 1 1 10 12 1 1 10 12 1 1 9 12 1 1 11 7 12 1 1 1 10 12 1 11 12 1 100 1 10 10 7 1 10 7 12 1 1 1 1 1 1 1 1 1 1 1 1 1 1 1 1 1
staticfield com/sun/javafx/scene/control/ControlHelper theInstance Lcom/sun/javafx/scene/control/ControlHelper; com/sun/javafx/scene/control/ControlHelper
ciInstanceKlass com/sun/javafx/css/StyleManager 1 1 1075 9 7 12 1 1 1 10 100 12 1 1 1 9 7 12 1 1 1 10 7 12 1 1 1 7 1 10 9 12 1 1 9 12 1 9 12 1 1 7 1 10 9 12 1 1 7 1 10 9 12 1 1 9 12 1 1 7 1 10 9 12 1 1 10 100 12 1 1 1 7 1 10 12 1 1 10 7 1 100 1 10 9 12 1 1 9 12 1 11 7 12 1 1 1 7 1 10 11 12 1 1 10 12 1 1 10 12 1 1 7 1 10 7 1 10 12 1 9 7 12 1 1 1 10 12 1 1 10 12 1 1 10 12 1 1 10 7 12 1 1 10 12 1 1 11 7 12 1 1 1 11 12 1 7 1 9 12 1 1 10 12 1 1 9 12 1 1 10 7 12 1 1 1 9 12 1 11 12 11 12 1 1 11 7 12 1 1 1 11 7 12 1 1 11 12 1 1 7 1 11 12 1 11 7 1 10 12 7 1 10 10 12 1 11 12 11 11 12 1 10 12 1 10 7 12 1 1 10 12 10 12 1 10 12 1 1 10 12 1 1 10 12 1 10 12 1 11 12 10 12 1 1 9 12 1 1 10 7 1 10 12 1 1 10 12 1 1 10 11 12 1 1 10 12 1 10 12 1 9 12 1 11 11 12 1 11 12 1 11 10 100 12 1 1 1 10 12 1 1 7 1 10 12 10 12 1 8 1 10 12 1 1 8 1 10 12 1 8 1 10 7 12 1 1 1 8 1 10 12 1 1 8 1 10 12 1 1 10 12 1 10 12 1 1 10 7 12 1 1 1 7 1 100 1 100 1 100 1 100 1 10 100 12 1 1 10 100 12 1 1 1 10 12 1 10 12 1 8 1 10 100 12 1 1 10 12 1 1 100 1 100 1 10 12 1 8 1 10 12 1 10 12 1 1 7 1 8 1 10 7 12 1 1 1 10 12 1 10 12 1 1 10 10 12 1 1 10 12 1 1 10 12 1 10 7 1 7 1 10 12 1 1 100 1 100 1 100 1 100 1 10 12 1 1 100 1 9 7 12 1 1 1 18 12 1 1 10 100 12 1 1 8 1 10 12 1 1 8 1 10 12 1 18 12 1 1 10 7 12 1 1 1 10 12 1 10 12 1 10 12 1 100 1 8 10 12 1 10 12 1 1 10 100 12 1 1 100 1 100 1 10 12 1 10 12 1 18 12 1 10 12 1 100 1 100 1 10 12 1 1 18 12 1 10 12 1 7 1 18 10 12 1 7 1 10 12 1 18 12 1 10 12 1 1 18 10 12 1 1 7 1 10 10 12 1 10 100 12 1 1 1 8 1 10 12 1 10 12 1 8 1 10 12 1 8 1 8 1 8 1 10 12 1 8 1 10 100 12 1 1 10 12 1 1 100 1 100 1 8 1 10 12 1 1 9 12 1 1 100 1 10 11 100 1 10 12 1 9 100 12 1 1 1 10 100 12 1 1 1 10 12 1 10 12 1 10 12 1 10 12 100 1 10 12 1 10 12 1 8 1 18 8 1 10 12 1 100 1 100 1 10 12 1 100 1 10 12 1 1 9 100 12 1 1 1 10 12 1 6 0 10 100 12 1 1 1 18 10 12 1 100 1 18 9 12 1 18 10 12 1 18 9 12 1 1 10 12 1 10 12 1 1 9 12 1 1 10 7 12 1 1 11 10 12 1 10 12 1 10 12 1 10 12 1 10 12 1 9 7 12 1 1 1 10 12 1 1 10 12 1 8 1 10 8 1 10 12 1 11 12 1 1 11 12 1 10 100 1 11 7 1 10 7 1 11 12 1 11 12 1 9 12 1 10 12 1 10 12 10 7 12 1 1 10 7 12 1 1 1 10 12 1 1 10 9 12 1 100 1 10 10 12 10 10 12 1 10 12 1 1 10 12 1 7 1 18 12 1 1 10 12 1 1 10 12 1 10 12 1 10 12 1 7 1 10 9 12 1 9 12 1 9 12 1 1 10 7 12 1 1 10 10 12 1 1 7 1 10 10 12 1 1 11 12 1 1 10 12 1 10 12 1 10 100 12 1 1 8 1 10 12 1 10 12 1 9 12 1 1 10 10 12 1 1 10 12 1 1 10 100 12 1 1 10 12 1 1 10 12 1 1 1 1 1 1 1 1 1 1 1 1 1 1 1 1 100 1 1 1 1 1 1 1 1 1 1 1 100 100 1 1 1 1 1 1 1 1 1 1 1 100 1 1 1 1 1 1 1 1 1 1 1 1 1 1 1 100 1 1 15 10 7 12 1 1 8 1 15 10 7 12 1 1 1 16 15 10 12 16 15 10 12 16 1 15 10 12 16 1 15 10 12 16 1 8 1 8 1 8 1 8 1 8 1 8 1 8 1 16 15 10 16 1 1 1 1 1 1 1 1 1 100 1 1 1 1 1 1 1 100 1 100 1 1
staticfield com/sun/javafx/css/StyleManager styleLock Ljava/lang/Object; java/lang/Object
staticfield com/sun/javafx/css/StyleManager cacheContainerMap Ljava/util/Map; java/util/WeakHashMap
staticfield com/sun/javafx/css/StyleManager $assertionsDisabled Z 1
ciInstanceKlass javafx/scene/text/Text$3 1 1 76 9 7 12 1 1 1 10 7 12 1 1 1 8 1 10 7 12 1 1 1 10 12 1 1 10 12 1 10 12 1 10 12 1 1 10 12 1 1 10 12 1 1 8 1 10 12 1 9 7 12 1 1 1 10 12 1 1 1 1 1 1 1 1 1 1 100 1 1 1 1 12 1 1 1 1
ciInstanceKlass javafx/scene/paint/LinearGradient 1 1 336 9 7 12 1 1 1 9 12 1 9 12 1 9 12 1 9 12 1 1 9 12 1 1 9 12 1 1 9 12 1 10 7 12 1 1 1 9 7 12 1 1 10 7 12 1 1 1 10 12 1 1 10 12 1 11 7 12 1 1 1 11 12 1 1 10 12 1 1 10 7 12 1 1 9 12 1 1 10 7 12 1 1 1 10 12 1 1 11 12 1 1 9 12 1 1 5 0 5 0 10 7 12 1 1 1 5 0 5 0 10 12 1 11 12 1 1 11 7 12 1 1 11 12 1 1 10 100 1 8 1 10 12 1 10 100 12 1 1 1 10 12 1 1 8 1 8 1 8 1 9 100 12 1 1 1 10 12 1 8 1 8 1 10 12 1 10 12 1 10 12 1 1 8 1 10 12 1 1 100 1 8 1 10 8 1 10 100 12 1 1 1 10 12 1 100 1 18 12 1 1 10 10 10 12 1 1 100 1 10 10 12 1 8 1 9 100 12 1 1 1 10 12 1 1 8 1 10 10 12 1 1 10 12 1 1 8 1 8 1 10 12 1 8 1 9 12 1 8 1 8 1 8 1 8 1 8 1 8 1 10 12 1 9 12 1 9 12 1 9 9 12 1 10 100 12 1 1 1 10 12 1 1 10 12 1 1 1 1 1 1 1 1 1 1 1 1 1 1 1 1 1 100 1 1 1 1 1 1 1 1 1 1 1 100 1 1 1 1 1 15 10 100 12 1 1 8 1 1 1 1 100 1 100 1 1
ciInstanceKlass javafx/css/Stylesheet 1 1 371 9 7 12 1 1 1 9 12 1 1 10 12 1 1 10 7 12 1 1 9 7 12 1 1 7 1 10 12 1 9 12 1 1 7 1 10 9 12 1 1 10 100 12 1 1 1 10 12 1 1 100 1 10 8 1 10 12 1 1 11 7 12 1 1 1 8 1 8 1 11 12 1 11 12 1 1 10 12 1 10 12 1 10 12 1 1 10 12 1 10 7 12 1 1 1 10 100 12 1 1 1 11 12 1 1 11 100 12 1 1 11 12 1 1 7 1 10 12 1 1 10 12 1 1 11 7 1 11 100 1 100 1 10 9 12 1 1 10 7 12 1 1 1 10 12 1 1 10 12 1 1 10 12 10 12 1 1 11 12 1 11 12 1 1 10 12 1 10 7 12 1 1 1 10 12 1 10 12 1 1 10 7 12 1 1 7 1 10 12 1 1 7 1 7 1 3 10 12 1 10 12 1 100 1 8 1 18 12 1 1 10 100 12 1 1 10 12 1 1 10 10 12 1 3 10 12 1 10 12 1 100 1 10 12 1 10 100 1 8 1 10 10 100 12 1 1 8 1 10 12 1 8 1 10 12 1 10 12 1 10 12 1 8 1 10 12 1 1 100 1 10 10 100 12 1 1 1 10 12 1 1 100 1 10 10 12 1 10 10 10 12 1 10 100 1 10 12 1 10 12 1 10 12 1 1 10 12 1 1 10 12 1 11 11 10 12 1 1 10 12 1 10 12 1 1 1 1 3 1 1 1 1 1 1 1 1 1 1 1 1 100 1 1 1 100 1 1 1 1 1 1 1 1 15 10 100 12 1 1 8 1 1 100 1 1 100 1 100 1 1
instanceKlass javafx/css/SimpleSelector
instanceKlass javafx/css/CompoundSelector
ciInstanceKlass javafx/css/Selector 1 1 157 10 7 12 1 1 1 9 7 12 1 1 1 9 100 12 1 1 1 9 12 1 1 7 1 10 100 12 1 1 1 10 7 12 1 1 1 10 12 1 1 10 7 12 1 1 10 100 12 1 1 1 100 1 10 10 12 1 1 10 12 1 1 11 100 12 1 1 1 9 100 12 1 1 1 9 12 1 10 12 1 11 12 1 11 12 1 1 8 1 10 12 1 8 1 10 12 1 1 10 12 1 1 8 1 10 12 1 10 12 1 1 1 3 1 3 1 1 1 1 1 1 1 1 1 1 1 1 1 1 1 1 1 1 1 1 1 1 1 1 100 1 1 1 1 100 1 1 1 1 1 1 100 1 100 1 1
ciInstanceKlass javafx/css/CompoundSelector 1 1 235 9 7 12 1 1 1 10 7 12 1 1 1 9 12 1 1 10 7 12 1 1 1 9 12 1 9 12 1 7 1 10 11 7 12 1 1 1 11 12 1 1 10 12 1 1 10 7 12 1 1 1 10 12 1 1 9 12 1 9 12 1 10 12 1 10 12 1 1 9 12 1 1 100 1 10 11 7 1 7 1 10 12 1 7 1 9 12 1 1 11 7 12 1 1 1 10 12 1 1 10 12 1 10 12 1 11 12 1 1 10 12 1 10 10 100 12 1 1 1 10 12 1 1 10 100 1 10 10 12 1 1 10 12 1 1 10 12 1 1 10 100 12 1 1 1 10 10 12 1 10 12 1 10 7 12 1 1 1 7 1 10 10 12 1 1 11 12 1 10 12 1 1 9 12 1 18 12 1 1 10 12 1 10 12 1 10 7 12 1 1 1 1 1 1 1 1 1 1 1 1 1 100 1 1 1 1 1 1 100 1 1 1 1 1 1 15 10 100 12 1 1 8 1 1 100 1 100 1 1 100 1 100 1 1
staticfield javafx/css/CompoundSelector $assertionsDisabled Z 1
ciInstanceKlass javafx/css/SimpleSelector 1 1 272 9 7 12 1 1 1 7 1 10 12 1 1 9 12 1 1 11 7 12 1 1 1 11 100 12 1 1 1 11 12 1 1 100 1 10 12 1 1 11 7 12 1 1 1 10 7 12 1 1 1 9 12 1 9 12 1 9 12 1 1 10 7 1 8 1 8 1 10 7 12 1 1 9 12 1 1 7 1 10 11 12 1 1 11 12 1 1 10 12 1 10 12 1 1 11 10 12 1 1 11 9 12 1 7 1 10 9 7 12 1 1 8 1 10 12 1 1 8 1 10 12 1 1 9 12 1 9 12 1 10 12 1 1 10 9 12 1 7 1 10 12 1 7 1 10 12 1 1 10 12 1 11 7 12 1 1 11 12 1 11 12 1 10 10 12 1 1 10 12 1 1 11 12 1 1 11 12 1 10 10 100 12 1 1 1 11 10 12 1 11 100 1 10 10 12 1 1 10 12 1 100 1 10 12 1 10 12 1 10 12 1 1 10 100 12 1 1 1 10 100 12 1 1 1 8 1 10 7 12 1 1 1 10 12 1 1 1 1 1 1 1 1 1 1 1 1 1 1 1 1 1 1 1 1 1 1 1 1 1 100 1 1 1 100 1 1 1 1 100 1 1
ciInstanceKlass com/sun/javafx/css/StyleClassSet 1 1 222 10 7 12 1 1 1 11 7 12 1 1 1 11 12 1 1 7 1 10 12 1 1 10 7 12 1 1 1 10 12 1 1 10 7 1 10 12 1 1 100 1 10 12 1 1 100 1 10 12 1 100 1 8 1 10 12 1 10 12 1 1 11 100 12 1 1 11 12 1 1 10 12 1 1 10 12 1 1 8 1 10 12 1 10 12 1 100 1 8 1 10 10 12 1 10 12 1 100 1 8 1 10 9 12 1 1 11 7 12 1 1 7 1 10 12 1 9 12 1 1 9 12 1 1 100 1 10 10 12 1 11 10 12 1 1 11 12 1 1 10 12 1 1 10 12 1 10 12 1 10 12 10 12 1 1 10 12 1 10 12 1 10 12 1 10 12 1 10 12 1 10 12 1 1 10 12 1 10 12 1 10 12 1 10 12 1 10 12 1 10 10 10 10 10 7 12 1 1 7 1 10 12 1 7 1 10 1 1 1 1 1 1 1 1 1 1 1 1 1 1 1
staticfield com/sun/javafx/css/StyleClassSet styleClassMap Ljava/util/Map; java/util/HashMap
staticfield com/sun/javafx/css/StyleClassSet styleClasses Ljava/util/List; java/util/ArrayList
staticfield com/sun/javafx/css/StyleClassSet $assertionsDisabled Z 1
ciInstanceKlass javafx/css/StyleClass 1 1 27 10 7 12 1 1 1 9 7 12 1 1 1 9 12 1 1 1 1 1 1 1 1 1 1 1 1
instanceKlass com/sun/javafx/collections/SetListenerHelper$SingleInvalidation
instanceKlass com/sun/javafx/collections/SetListenerHelper$SingleChange
ciInstanceKlass com/sun/javafx/collections/SetListenerHelper 1 1 69 10 100 12 1 1 1 100 1 10 100 1 10 12 1 10 100 12 1 1 1 10 12 1 100 1 10 12 1 10 12 1 10 12 10 12 1 1 1 1 1 1 1 1 1 1 1 1 1 1 1 1 1 1 1 1 1 1 100 1 1 1 1 100 1 100 1 1 1
ciInstanceKlass com/sun/javafx/css/ParsedValueImpl 1 1 396 9 7 12 1 1 1 9 12 1 7 1 7 1 7 1 10 7 12 1 1 1 10 12 1 1 9 7 12 1 1 1 10 12 1 1 10 12 1 1 7 1 10 12 1 1 100 1 3 9 12 1 1 10 12 1 1 10 12 1 9 12 1 1 10 7 12 1 1 1 9 12 1 1 7 1 9 12 1 10 12 1 10 12 1 1 10 100 12 1 1 1 10 100 12 1 1 1 100 1 10 12 1 10 12 1 10 12 1 1 8 1 8 1 10 12 8 10 12 1 1 8 1 8 1 10 12 1 8 1 10 12 1 8 1 10 12 1 10 12 1 8 1 10 12 1 8 1 8 1 8 1 8 1 8 1 10 7 12 1 1 1 10 12 1 10 10 12 1 1 10 10 12 1 1 10 100 12 1 1 1 10 12 1 1 10 12 1 1 10 10 12 1 1 10 10 12 1 100 1 7 1 10 12 1 1 10 7 12 1 1 1 10 12 1 1 10 12 1 10 12 1 10 12 1 7 1 10 12 1 10 100 12 1 1 1 10 12 1 100 1 10 12 1 10 12 10 100 1 100 1 10 12 1 1 18 12 1 1 10 12 1 10 7 12 1 1 10 12 1 1 10 12 1 1 10 12 1 10 12 1 10 12 1 1 10 12 1 1 10 12 1 1 10 12 1 1 100 1 18 12 1 10 10 12 1 9 12 1 10 12 1 9 12 1 1 10 10 100 12 1 1 100 1 10 10 12 1 10 100 1 18 18 1 1 1 3 1 3 1 3 1 3 1 3 1 3 1 3 1 3 1 3 1 3 1 1 1 1 1 1 1 1 1 1 1 100 1 100 1 1 1 1 1 1 15 10 100 12 1 1 8 1 8 1 8 1 8 1 1 1 100 1 100 1 1
ciInstanceKlass com/sun/javafx/css/StyleManager$StylesheetContainer 1 1 116 10 7 12 1 1 1 10 7 12 1 1 1 10 7 12 1 1 1 10 7 12 1 1 9 12 1 1 9 12 1 1 10 7 12 1 1 1 9 12 1 1 9 12 1 1 7 1 10 9 12 1 1 10 12 1 1 11 7 12 1 1 1 11 12 1 11 12 1 1 7 1 10 12 1 1 7 1 10 12 1 1 7 1 10 9 12 1 1 9 12 1 1 10 12 1 1 10 12 1 1 1 1 1 1 1 1 100 1 1 1 1 1 1 1 1
ciInstanceKlass com/sun/javafx/css/SelectorPartitioning 1 1 244 10 7 12 1 1 1 7 1 10 9 7 12 1 1 1 9 12 1 9 12 1 11 7 12 1 1 9 12 1 1 11 12 1 1 7 1 10 12 1 11 12 1 1 7 1 10 12 1 1 11 7 12 1 1 1 11 12 1 7 1 10 12 1 1 10 7 12 1 1 1 7 1 10 12 1 10 12 1 10 12 1 1 11 7 1 10 7 12 1 1 1 10 12 1 1 10 12 1 1 10 7 1 10 12 1 1 10 9 12 1 1 100 1 10 7 1 10 9 12 1 1 11 12 1 1 9 12 1 9 9 12 1 1 9 12 1 11 12 1 1 11 7 12 1 1 1 11 7 12 1 1 11 12 1 1 11 9 12 1 9 12 1 11 12 1 9 12 1 10 12 1 1 9 12 1 1 10 7 12 1 1 1 10 12 1 10 7 12 1 1 8 1 18 12 1 1 1 1 1 1 3 1 3 1 3 1 1 1 1 1 1 1 1 1 1 1 1 1 1 1 1 15 10 7 12 1 1 1 16 1 15 10 12 16 1 1 1 1 100 1 100 1 1
staticfield com/sun/javafx/css/SelectorPartitioning WILDCARD Lcom/sun/javafx/css/SelectorPartitioning$PartitionKey; com/sun/javafx/css/SelectorPartitioning$PartitionKey
staticfield com/sun/javafx/css/SelectorPartitioning COMPARATOR Ljava/util/Comparator; com/sun/javafx/css/SelectorPartitioning$$Lambda+0x0000025701106608
staticfield com/sun/javafx/css/SelectorPartitioning $assertionsDisabled Z 1
ciInstanceKlass com/sun/javafx/css/SelectorPartitioning$PartitionKey 1 1 40 10 7 12 1 1 1 9 7 12 1 1 1 10 12 1 1 10 12 1 1 10 12 1 1 1 1 1 1 1 1 1 1 1 1 1 7 1 1 1
ciInstanceKlass javafx/css/Rule$Observables$1 1 1 79 9 7 12 1 1 1 10 7 12 1 1 1 10 100 12 1 1 1 10 12 1 10 12 1 1 11 100 12 1 1 1 11 12 1 1 100 1 9 100 12 1 1 1 10 12 1 1 10 12 1 10 12 1 10 12 1 1 1 1 1 1 1 1 1 1 1 1 1 1 12 1 100 1 1 1 100 1 1
ciInstanceKlass com/sun/javafx/css/SelectorPartitioning$Partition 1 1 75 10 7 12 1 1 1 9 7 12 1 1 1 7 1 10 9 12 1 1 9 12 1 1 7 1 10 11 7 12 1 1 1 11 7 12 1 1 1 7 1 10 7 12 1 1 1 10 12 1 11 12 1 1 1 1 1 1 1 1 1 1 1 1 1 1 1 1 1 1 1 100 1 1 1
ciInstanceKlass com/sun/javafx/css/SelectorPartitioning$Slot 1 1 73 10 7 12 1 1 1 9 7 12 1 1 1 7 1 10 9 12 1 1 9 12 1 1 7 1 10 11 7 12 1 1 1 11 100 12 1 1 1 10 7 12 1 1 1 10 12 1 11 12 1 1 1 1 1 1 1 1 1 1 1 1 1 1 1 1 1 100 1 1 100 1 1
ciInstanceKlass com/sun/javafx/css/StyleManager$RefList 1 1 59 10 7 12 1 1 1 7 1 10 9 7 12 1 1 1 11 7 12 1 1 1 11 12 1 1 7 1 10 12 1 11 12 1 7 1 10 12 1 11 12 1 1 1 1 1 1 1 1 1 1 1 1 1 1 100 1 1 1
ciInstanceKlass javafx/scene/control/TextInputControl$3 1 1 48 9 7 12 1 1 1 10 7 12 1 1 1 10 12 1 1 8 1 10 7 12 1 1 1 8 1 10 12 1 1 10 12 1 1 1 1 1 1 1 1 1 1 1 100 1 1 1
ciInstanceKlass javafx/scene/Scene$8 1 1 166 9 7 12 1 1 1 10 7 12 1 1 1 9 100 12 1 1 1 8 1 10 100 12 1 1 1 10 12 1 10 12 1 1 7 1 10 12 1 1 10 12 1 100 1 8 1 10 12 10 12 1 1 100 1 10 100 12 1 1 1 18 12 1 1 10 10 12 1 1 18 10 12 1 1 10 7 12 1 1 18 9 12 1 1 10 12 1 1 10 12 1 1 8 1 11 7 12 1 1 1 11 12 1 1 9 7 12 1 1 1 10 12 1 1 10 12 1 1 10 12 1 10 12 1 1 10 12 1 1 1 1 1 1 1 1 1 1 1 1 1 1 12 1 1 1 1 15 10 100 12 1 1 8 1 8 1 8 1 1 1 100 1 100 1 1
ciInstanceKlass javafx/scene/Scene$2$1 1 1 39 9 7 12 1 1 1 10 7 12 1 1 1 10 12 1 1 10 12 1 10 12 1 1 1 1 1 1 1 1 1 1 100 1 12 1 1 1 1
ciInstanceKlass javafx/scene/Scene$10 1 1 63 9 7 12 1 1 1 10 7 12 1 1 1 10 7 12 1 1 1 10 12 1 1 10 7 12 1 1 10 12 1 1 10 12 1 10 7 12 1 1 1 10 7 12 1 1 1 1 1 1 1 1 1 1 1 1 1 1 1 1 100 1 1
ciInstanceKlass com/sun/javafx/css/StyleManager$CacheContainer 1 1 200 10 7 12 1 1 1 9 7 12 1 1 1 9 12 1 9 12 1 1 7 1 10 9 12 1 9 7 12 1 1 1 11 7 12 1 1 1 10 7 1 11 7 12 1 1 1 11 12 1 1 11 12 1 1 9 12 1 1 7 1 10 12 1 11 12 1 100 1 9 12 1 1 11 12 1 1 11 12 1 9 12 1 10 10 12 1 1 7 1 9 12 1 1 11 100 1 3 10 12 1 1 9 12 1 11 12 1 7 1 7 1 10 18 12 1 1 10 12 1 1 9 7 12 1 1 1 10 7 12 1 1 1 10 12 1 7 1 10 12 1 1 10 12 1 1 1 1 1 1 1 1 1 1 1 1 1 1 100 1 1 1 1 1 1 1 1 1 1 1 1 1 1 1 15 10 7 12 1 1 8 1 1 1 1 100 1 100 1 1 100 1 100 1 1 100 1 100 1 1
ciInstanceKlass  @bci com/sun/javafx/css/StyleManager findMatchingStyles (Ljavafx/scene/Node;Ljavafx/scene/SubScene;[Ljava/util/Set;)Lcom/sun/javafx/css/StyleMap; 251 <appendix> argL0 ; 1 1 21 1 7 1 7 1 100 1 1 12 10 1 1 1 7 1 1 12 10 1 1
ciInstanceKlass com/sun/javafx/css/StyleManager$Key 1 1 45 10 7 12 1 1 1 7 1 10 9 7 12 1 1 1 9 12 1 1 10 7 12 1 1 1 9 12 1 10 10 12 1 1 10 1 1 1 1 1 1 7 1 1 1
ciInstanceKlass com/sun/javafx/css/StyleManager$Cache 1 1 132 10 7 12 1 1 1 9 7 12 1 1 1 7 1 10 9 12 1 1 11 7 12 1 1 1 9 7 12 1 1 1 11 12 1 1 100 1 11 12 1 1 7 1 10 12 1 1 10 7 12 1 1 1 7 1 10 12 1 11 7 12 1 1 1 11 12 1 7 1 10 12 1 10 7 12 1 1 1 7 1 10 10 12 1 1 11 12 1 10 12 1 10 12 1 1 11 12 1 1 10 12 1 10 12 1 1 1 1 1 1 1 1 1 1 1 100 1 100 1 100 1 1 1 1 1 7 1 1 1 1 1
ciInstanceKlass com/sun/javafx/css/StyleMap 1 1 186 10 7 12 1 1 1 9 7 12 1 1 1 9 12 1 1 11 7 12 1 1 1 9 12 1 1 11 7 1 10 7 12 1 1 1 7 1 10 11 12 1 1 11 12 1 1 7 1 10 12 1 1 10 12 1 1 10 7 12 1 1 1 11 7 1 11 7 1 7 1 10 12 1 11 12 1 1 9 12 1 1 10 12 1 1 7 1 10 12 1 10 12 1 1 11 12 1 10 7 12 1 1 11 12 1 1 11 12 1 1 9 12 1 1 100 1 10 11 12 1 10 12 1 1 10 12 1 10 7 12 1 1 10 12 1 1 10 12 1 9 12 1 1 18 12 1 1 1 1 1 1 1 1 1 1 1 1 100 1 1 1 1 1 1 1 1 15 10 7 12 1 1 1 16 1 15 10 12 16 1 100 1 100 1 1
staticfield com/sun/javafx/css/StyleMap EMPTY_MAP Lcom/sun/javafx/css/StyleMap; com/sun/javafx/css/StyleMap
staticfield com/sun/javafx/css/StyleMap cascadingStyleComparator Ljava/util/Comparator; com/sun/javafx/css/StyleMap$$Lambda+0x000002570114c800
staticfield com/sun/javafx/css/StyleMap $assertionsDisabled Z 1
ciInstanceKlass com/sun/javafx/css/StyleManager$Cache$Key 1 1 91 10 7 12 1 1 1 9 7 12 1 1 1 10 7 12 1 1 1 10 12 1 1 9 12 1 1 10 7 12 1 1 1 18 12 1 1 8 1 18 12 1 10 12 1 1 10 12 1 10 12 1 1 10 12 1 1 10 12 1 1 1 1 1 100 1 1 1 100 1 1 15 10 100 12 1 1 8 1 8 1 1 100 1 1 1 100 1 100 1 1
ciInstanceKlass com/sun/javafx/tk/quantum/ViewScene 1 1 303 10 7 12 1 1 1 10 7 12 1 1 1 10 12 1 1 9 7 12 1 1 1 7 1 10 12 1 10 7 12 1 1 1 9 12 1 1 7 1 10 12 1 1 7 1 10 12 1 1 10 7 12 1 1 1 10 12 1 10 7 12 1 1 1 100 1 10 7 12 1 1 1 9 12 1 1 100 1 8 1 10 12 1 7 1 10 12 1 10 10 12 1 1 10 7 12 1 1 1 7 1 10 7 12 1 1 1 10 12 1 1 10 12 1 9 12 1 1 10 12 1 1 18 12 1 1 10 7 12 1 1 1 10 12 1 1 10 10 12 1 1 18 12 1 1 10 12 1 1 10 12 1 1 10 7 12 1 1 1 10 12 1 1 10 12 1 1 10 12 1 10 12 1 10 100 12 1 1 10 12 1 10 12 1 18 12 1 1 10 12 1 10 12 1 1 10 12 1 1 10 12 1 10 100 12 1 1 1 10 100 12 1 1 10 12 1 1 10 12 1 10 12 1 7 1 10 7 12 1 1 1 10 12 1 1 10 7 12 1 1 10 12 1 10 12 1 1 1 1 1 1 1 1 1 1 1 1 1 1 100 1 1 100 1 1 1 1 1 1 15 10 7 12 1 1 1 16 15 10 12 16 15 10 12 15 10 100 12 1 1 8 1 1 100 1 1 1 100 1 100 1 1
ciInstanceKlass javafx/scene/control/skin/TextFieldSkin$2 1 1 52 9 7 12 1 1 1 9 12 1 1 10 7 12 1 1 1 7 1 10 7 12 1 1 1 10 12 1 1 10 7 12 1 1 1 10 7 12 1 1 1 1 1 1 1 1 1 1 12 1 1 1
ciInstanceKlass javafx/scene/shape/Shape3D 0 0 220 10 100 12 1 1 1 10 100 12 1 1 1 9 100 12 1 1 1 9 100 12 1 1 1 10 100 12 1 1 1 10 100 12 1 1 1 10 100 12 1 1 1 8 1 10 12 1 1 10 12 1 1 10 100 12 1 1 1 9 12 1 1 10 12 1 1 100 1 100 1 8 10 12 1 10 12 1 9 12 1 9 100 12 1 1 1 100 1 8 10 12 1 10 12 1 9 12 1 9 100 12 1 1 1 100 1 8 10 12 1 100 1 10 12 1 10 100 12 1 1 1 100 1 9 100 12 1 1 1 10 12 1 1 10 12 1 1 9 12 1 1 10 100 12 1 1 1 10 12 1 1 10 12 1 1 9 12 1 10 12 1 1 10 12 1 9 12 1 10 12 1 1 10 12 1 100 1 10 10 100 12 1 1 1 100 1 10 1 1 1 1 1 1 1 1 1 1 1 1 1 1 1 1 1 1 1 100 1 1 1 1 1 100 1 1 100 1 1 1
ciInstanceKlass javafx/scene/chart/PieChart$Data$1 1 1 41 9 7 12 1 1 1 10 7 12 1 1 1 10 7 12 1 1 1 10 100 12 1 1 1 8 1 1 1 1 1 1 1 1 1 1 1 1 1 1 1
ciInstanceKlass javafx/scene/chart/PieChart 1 1 880 9 7 12 1 1 1 10 7 12 1 1 1 7 1 10 12 1 1 9 12 1 1 10 7 12 1 1 10 7 12 1 1 1 10 12 1 1 10 12 1 9 12 1 1 10 7 12 1 1 10 7 12 1 1 10 12 1 10 12 1 1 9 12 1 9 12 1 10 100 12 1 1 1 10 12 1 1 10 7 12 1 1 7 1 10 12 1 9 12 1 1 9 12 1 1 7 1 10 12 1 9 12 1 1 9 12 1 1 7 1 10 9 12 1 1 9 12 1 9 12 1 1 18 12 1 1 9 12 1 1 7 1 10 7 1 10 12 1 7 1 10 12 1 7 1 6 0 10 7 1 10 10 12 1 11 12 1 1 10 7 12 1 1 8 1 10 12 1 1 10 12 1 9 12 1 1 9 7 12 1 1 1 10 12 1 1 10 7 12 1 1 1 10 12 1 10 12 1 10 12 1 100 1 9 100 12 1 1 1 100 1 10 12 1 1 10 12 1 10 12 1 10 12 1 6 0 10 12 1 1 10 12 1 9 100 12 1 1 1 10 12 1 10 12 1 1 10 12 1 1 10 12 1 1 7 1 10 9 7 12 1 1 1 10 7 12 1 1 1 10 12 1 1 10 12 1 10 7 1 8 1 18 12 1 1 9 12 1 1 18 11 12 1 1 8 1 10 12 1 1 10 12 1 1 10 12 1 1 10 100 12 1 1 1 9 100 12 1 1 1 10 12 1 10 12 1 11 12 1 10 12 1 1 10 12 1 10 12 1 18 12 1 1 10 100 12 1 1 10 12 1 10 12 1 11 12 1 1 11 12 1 1 10 12 1 9 12 1 10 10 12 1 18 12 1 11 12 1 10 12 1 1 10 12 1 10 12 1 10 12 1 10 7 12 1 1 1 6 0 10 12 1 10 12 1 7 1 10 10 12 1 10 12 1 11 12 10 12 1 6 0 10 12 1 10 12 1 10 12 1 1 10 12 1 10 12 1 1 10 100 12 1 1 6 0 10 12 1 1 10 12 1 10 12 1 10 12 1 9 12 1 1 6 0 6 0 10 12 1 1 10 100 12 1 1 6 0 10 12 1 10 12 1 6 0 6 0 10 12 1 10 12 1 100 1 10 12 1 11 7 1 100 1 10 12 1 10 12 1 1 7 1 10 10 12 1 1 10 12 1 10 12 1 10 12 1 10 12 1 10 12 1 9 7 12 1 1 1 10 12 1 1 10 12 1 10 12 1 10 12 1 10 12 1 10 12 1 1 11 11 12 1 1 11 7 12 1 1 11 12 9 12 1 10 12 1 10 12 1 1 10 12 1 11 11 9 12 1 10 12 1 1 10 12 1 9 12 1 6 0 10 12 1 9 12 6 0 10 12 1 1 10 10 100 1 9 12 1 9 12 1 10 12 1 100 1 9 12 1 9 12 1 10 100 1 10 12 1 100 1 10 10 12 1 10 12 1 1 9 7 12 1 1 1 10 9 12 1 10 12 1 10 12 1 11 7 1 10 12 10 12 1 11 12 1 8 1 10 12 1 11 12 10 12 1 10 12 1 10 12 1 6 0 6 0 9 7 12 1 1 10 12 1 1 100 1 6 0 10 12 1 10 12 1 10 12 1 100 1 10 12 1 10 12 1 1 10 12 1 10 12 1 10 7 12 1 10 12 1 10 12 1 1 10 12 1 10 12 1 10 12 1 10 12 1 10 12 1 1 10 12 1 10 12 1 10 12 1 10 12 1 1 1 3 1 1 1 1 1 1 1 1 1 1 1 1 1 1 1 1 1 1 1 1 1 1 1 1 1 100 1 1 1 1 1 1 1 1 1 1 1 1 1 100 1 100 1 100 1 100 1 100 1 100 1 100 1 100 1 100 1 1 15 10 7 12 1 1 1 16 15 10 12 15 10 7 12 1 1 8 1 8 1 16 1 15 10 12 16 1 15 10 12 1 1 100 1 1 1 1 1 100 1 1 100 1 100 1 1
ciInstanceKlass javafx/scene/chart/Chart$1 1 1 66 9 7 12 1 1 1 10 7 12 1 1 1 10 12 1 1 10 12 1 10 12 1 10 12 1 10 12 1 10 12 1 10 12 1 1 10 12 1 10 12 1 10 12 1 10 7 12 1 1 1 9 12 1 1 1 1 1 1 1 1 1 1 1 1 1
ciInstanceKlass javafx/scene/chart/PieChart$1 1 1 25 9 7 12 1 1 1 10 7 12 1 1 1 1 1 1 1 1 1 1 1 100 1 1 1
ciMethodData java/lang/Object <init> ()V 2 1160504 orig 80 0 0 0 0 0 0 0 0 0 0 0 0 0 0 0 0 0 0 0 0 0 0 0 0 0 0 0 0 0 0 0 0 0 0 0 0 0 0 0 0 0 0 0 0 0 0 0 0 0 0 0 0 0 0 0 0 0 0 0 0 0 0 0 0 0 0 0 0 0 0 0 0 0 0 0 0 0 0 0 0 data 4 0x0 0x9 0x1 0x0 oops 0 methods 0
ciMethodData java/lang/String isLatin1 ()Z 2 397581 orig 80 1 0 0 0 2 0 0 0 0 0 0 0 0 0 0 0 0 0 0 0 0 0 0 0 0 0 0 0 0 0 0 0 0 0 0 0 0 0 0 4 0 0 0 0 0 0 0 0 0 0 0 0 0 0 0 0 0 0 0 0 0 0 0 0 0 0 0 0 0 0 0 0 0 0 0 0 0 0 0 0 data 18 0x30007 0x0 0x58 0x6110d 0x80000006000a0007 0x149a 0x38 0x5fc77 0xe0003 0x5fc77 0x18 0x0 0x0 0x0 0x0 0x9 0x1 0x0 oops 0 methods 0
ciMethodData java/lang/String coder ()B 2 447955 orig 80 0 0 0 0 0 0 0 0 0 0 0 0 0 0 0 0 0 0 0 0 0 0 0 0 0 0 0 0 0 0 0 0 0 0 0 0 0 0 0 0 0 0 0 0 0 0 0 0 0 0 0 0 0 0 0 0 0 0 0 0 0 0 0 0 0 0 0 0 0 0 0 0 0 0 0 0 0 0 0 0 data 14 0x30007 0x0 0x38 0x6d5d4 0xa0003 0x6d5d4 0x18 0x0 0x0 0x0 0x0 0x9 0x1 0x0 oops 0 methods 0
ciMethodData java/lang/String length ()I 2 327137 orig 80 0 0 0 0 0 0 0 0 0 0 0 0 0 0 0 0 0 0 0 0 0 0 0 0 0 0 0 0 0 0 0 0 0 0 0 0 0 0 0 0 0 0 0 0 0 0 0 0 0 0 0 0 0 0 0 0 0 0 0 0 0 0 0 0 0 0 0 0 0 0 0 0 0 0 0 0 0 0 0 0 data 16 0x60005 0x4fde2 0x0 0x0 0x0 0x0 0x0 0x0 0x0 0x0 0x0 0x0 0x0 0x9 0x1 0xffffffffffffffff oops 0 methods 0
ciMethodData java/lang/StringLatin1 canEncode (I)Z 2 30263 orig 80 0 0 0 0 0 0 0 0 0 0 0 0 0 0 0 0 0 0 0 0 0 0 0 0 0 0 0 0 0 0 0 0 0 0 0 0 0 0 0 0 0 0 0 0 0 0 0 0 0 0 0 0 0 0 0 0 0 0 0 0 0 0 0 0 0 0 0 0 0 0 0 0 0 0 0 0 0 0 0 0 data 15 0x10007 0x0 0x58 0x7638 0x80007 0x0 0x38 0x7638 0xc0003 0x7638 0x18 0x0 0x9 0x1 0x0 oops 0 methods 0
ciMethodData java/lang/String hashCode ()I 2 14049 orig 80 1 0 0 0 0 0 0 0 0 0 0 0 0 0 0 0 0 0 0 0 0 0 0 0 0 0 0 0 0 0 0 0 0 0 0 0 0 0 0 0 0 0 0 0 0 0 0 0 0 0 0 0 0 0 0 0 0 0 0 0 0 0 0 0 0 0 0 0 0 0 0 0 0 0 0 0 0 0 0 0 data 42 0x60007 0x154c 0x108 0x2196 0xd0007 0x5f 0xe8 0x2137 0x110005 0x2137 0x0 0x0 0x0 0x0 0x0 0x140007 0x8 0x48 0x2130 0x1b0002 0x2130 0x1e0003 0x2130 0x28 0x250002 0x8 0x2a0007 0x2137 0x38 0x1 0x320003 0x1 0x18 0x0 0x0 0x0 0x0 0x0 0x0 0x9 0x1 0xe oops 0 methods 0
ciMethodData java/lang/StringLatin1 hashCode ([B)I 2 5138 orig 80 0 0 0 0 0 0 0 0 0 0 0 0 0 0 0 0 0 0 0 0 0 0 0 0 0 0 0 0 0 0 0 0 0 0 0 0 0 0 0 0 0 0 0 0 0 0 0 0 0 0 0 0 0 0 0 0 0 0 0 0 0 0 0 0 0 0 0 0 0 0 0 0 0 0 0 0 0 0 0 0 data 25 0x20008 0x6 0x140d 0x70 0x1 0x40 0x4 0x58 0x1d0003 0x1 0x40 0x270003 0x4 0x28 0x300002 0x140d 0x0 0x0 0x0 0x0 0x0 0x0 0x9 0x1 0x0 oops 0 methods 0
ciMethodData java/lang/StringUTF16 hashCode ([B)I 1 139 orig 80 0 0 0 0 0 0 0 0 0 0 0 0 0 0 0 0 0 0 0 0 0 0 0 0 0 0 0 0 0 0 0 0 0 0 0 0 0 0 0 0 0 0 0 0 0 0 0 0 0 0 0 0 0 0 0 0 0 0 0 0 0 0 0 0 0 0 0 0 0 0 0 0 0 0 0 0 0 0 0 0 data 27 0x20008 0x6 0x30 0x80 0x0 0x40 0x5b 0x58 0x1d0003 0x0 0x50 0x220002 0x5b 0x250003 0x5b 0x28 0x300002 0x30 0x0 0x0 0x0 0x0 0x0 0x0 0x9 0x1 0xffffffffffffffff oops 0 methods 0
ciMethodData java/lang/String equals (Ljava/lang/Object;)Z 2 26667 orig 80 2 0 0 0 0 0 0 0 0 0 0 0 0 0 0 0 0 0 0 0 4 0 0 0 0 0 0 0 0 0 0 0 0 0 0 0 0 0 0 1 0 0 0 0 0 0 0 0 0 0 0 0 0 0 0 0 0 0 0 0 0 0 0 0 0 0 0 0 0 0 0 0 0 0 0 0 0 0 0 0 data 49 0x20007 0x641a 0x20 0x412 0x8000000400080104 0xffffffffffffffee 0x0 0x2576834a198 0x6402 0x2577ef415b0 0x12 0xb0007 0x1c 0xe0 0x6402 0xf0004 0x0 0x0 0x2576834a198 0x6402 0x0 0x0 0x160007 0x0 0x40 0x6402 0x8000000600210007 0x13 0x68 0x63f0 0x2c0002 0x63f0 0x2f0007 0x54ce 0x38 0xf22 0x330003 0xf22 0x18 0x0 0x0 0x0 0x0 0x0 0x0 0x9 0x2 0x0 0x0 oops 3 7 java/lang/String 9 [Lcom/sun/javafx/css/ParsedValueImpl; 18 java/lang/String methods 0
ciMethodData java/util/AbstractCollection <init> ()V 2 159158 orig 80 0 0 0 0 0 0 0 0 0 0 0 0 0 0 0 0 0 0 0 0 0 0 0 0 0 0 0 0 0 0 0 0 0 0 0 0 0 0 0 0 0 0 0 0 0 0 0 0 0 0 0 0 0 0 0 0 0 0 0 0 0 0 0 0 0 0 0 0 0 0 0 0 0 0 0 0 0 0 0 0 data 7 0x10002 0x26db6 0x0 0x0 0x9 0x1 0x0 oops 0 methods 0
ciMethodData java/util/Objects requireNonNull (Ljava/lang/Object;)Ljava/lang/Object; 2 118399 orig 80 0 0 0 0 0 0 0 0 0 0 0 0 0 0 0 0 0 0 0 0 0 0 0 0 0 0 0 0 0 0 0 0 0 0 0 0 0 0 0 0 0 0 0 0 0 0 0 0 0 0 0 0 0 0 0 0 0 0 0 0 0 0 0 0 0 0 0 0 0 0 0 0 0 0 0 0 0 0 0 0 data 15 0x10007 0x1ce7f 0x30 0x0 0x80002 0x0 0x0 0x0 0x0 0x0 0x0 0x0 0x9 0x1 0x0 oops 0 methods 0
ciMethodData java/lang/String isEmpty ()Z 2 117579 orig 80 0 0 0 0 0 0 0 0 0 0 0 0 0 0 0 0 0 0 0 0 0 0 0 0 0 0 0 0 0 0 0 0 0 0 0 0 0 0 0 0 0 0 0 0 0 0 0 0 0 0 0 0 0 0 0 0 0 0 0 0 0 0 0 0 0 0 0 0 0 0 0 0 0 0 0 0 0 0 0 0 data 14 0x50007 0x19665 0x38 0x34e6 0x90003 0x34e6 0x18 0x0 0x0 0x0 0x0 0x9 0x1 0x0 oops 0 methods 0
ciMethodData java/util/concurrent/ConcurrentHashMap tabAt ([Ljava/util/concurrent/ConcurrentHashMap$Node;I)Ljava/util/concurrent/ConcurrentHashMap$Node; 2 5152 orig 80 0 0 0 0 0 0 0 0 0 0 0 0 0 0 0 0 0 0 0 0 0 0 0 0 0 0 0 0 0 0 0 0 0 0 0 0 0 0 0 0 0 0 0 0 0 0 0 0 0 0 0 0 0 0 0 0 0 0 0 0 0 0 0 0 0 0 0 0 0 0 0 0 0 0 0 0 0 0 0 0 data 27 0xf000b 0x1420 0x0 0x0 0x0 0x0 0x0 0x2 0x1 0x2576e358c60 0x120104 0x0 0x0 0x2576e358bb0 0x96b 0x2577ef409c8 0x200 0x0 0x0 0x0 0x0 0x0 0x0 0x9 0x2 0x0 0x0 oops 3 9 [Ljava/util/concurrent/ConcurrentHashMap$Node; 13 java/util/concurrent/ConcurrentHashMap$Node 15 java/util/concurrent/ConcurrentHashMap$ForwardingNode methods 0
ciMethodData java/util/concurrent/ConcurrentHashMap spread (I)I 2 23397 orig 80 0 0 0 0 0 0 0 0 0 0 0 0 0 0 0 0 0 0 0 0 0 0 0 0 0 0 0 0 0 0 0 0 0 0 0 0 0 0 0 0 0 0 0 0 0 0 0 0 0 0 0 0 0 0 0 0 0 0 0 0 0 0 0 0 0 0 0 0 0 0 0 0 0 0 0 0 0 0 0 0 data 5 0x0 0x0 0x9 0x1 0x0 oops 0 methods 0
ciMethodData java/util/HashMap hash (Ljava/lang/Object;)I 2 50764 orig 80 1 0 0 0 0 0 0 0 0 0 0 0 0 0 0 0 0 0 0 0 0 0 0 0 0 0 0 0 0 0 0 0 0 0 0 0 0 0 0 3 0 0 0 0 0 0 0 0 0 0 0 0 0 0 0 0 0 0 0 0 0 0 0 0 0 0 0 0 0 0 0 0 0 0 0 0 0 0 0 0 data 23 0x8000000600010007 0xc646 0x38 0x9 0x50003 0x9 0x50 0x90005 0x6a38 0x0 0x2576834a228 0x42 0x2576834a198 0x5bcc 0x0 0x0 0x0 0x0 0x0 0x0 0x9 0x1 0xffffffffffffffff oops 2 10 java/lang/Class 12 java/lang/String methods 0
ciMethodData java/util/concurrent/ConcurrentHashMap get (Ljava/lang/Object;)Ljava/lang/Object; 2 6288 orig 80 1 0 0 0 0 0 0 0 0 0 0 0 0 0 0 0 0 0 0 0 0 0 0 4 0 0 0 0 0 0 0 0 0 0 0 0 0 0 0 0 0 0 0 0 0 0 0 0 0 0 0 0 0 0 0 0 0 0 0 0 0 0 0 0 0 0 0 0 0 0 0 0 0 0 0 0 0 0 0 0 data 101 0x10005 0x17ce 0x0 0x2576834c7e8 0xb5 0x2576e35acf8 0xd 0x40002 0x1890 0xf0007 0x5d 0x290 0x1833 0x170007 0x0 0x270 0x1832 0x220002 0x1832 0x270007 0x3d3 0x240 0x1460 0x330007 0x4d5 0xb8 0xf8b 0x3e0007 0x8a9 0x98 0x6e2 0x430007 0x0 0x108 0x6e2 0x490005 0x98 0x0 0x2576834ca28 0x2fd 0x2576834a198 0x34d 0x4c0007 0x0 0xb0 0x6e2 0x560007 0x4d5 0x90 0x0 0x5d0005 0x0 0x0 0x0 0x0 0x0 0x0 0x630007 0x0 0x38 0x0 0x6b0003 0x0 0x18 0x760007 0x1b2 0xd8 0x3f1 0x7f0007 0xce 0xffffffffffffffe0 0x323 0x8a0007 0xe7 0x98 0x23c 0x8f0007 0x0 0xffffffffffffffa0 0x23c 0x8000000700950005 0xe 0x0 0x2576834ca28 0x13c 0x2576834a198 0xf6 0x980007 0x0 0xffffffffffffff48 0x240 0x0 0x0 0x0 0x0 0x0 0x0 0x9 0x2 0x0 0x0 oops 6 3 java/lang/invoke/MemberName 5 java/lang/WeakPairMap$Pair$Lookup 38 java/lang/invoke/MethodType 40 java/lang/String 83 java/lang/invoke/MethodType 85 java/lang/String methods 0
ciMethodData java/lang/ref/ReferenceQueue headIsNull ()Z 2 10677 orig 80 0 0 0 0 0 0 0 0 0 0 0 0 0 0 0 0 0 0 0 0 0 0 0 0 0 0 0 0 0 0 0 0 0 0 0 0 0 0 0 0 0 0 0 0 0 0 0 0 0 0 0 0 0 0 0 0 0 0 0 0 0 0 0 0 0 0 0 0 0 0 0 0 0 0 0 0 0 0 0 0 data 16 0x40007 0x201 0x38 0x27b4 0x80003 0x27b4 0x18 0x0 0x0 0x0 0x0 0x0 0x0 0x9 0x1 0x0 oops 0 methods 0
ciMethodData java/lang/ref/ReferenceQueue poll0 ()Ljava/lang/ref/Reference; 2 2049 orig 80 0 0 0 0 0 0 0 0 0 0 0 0 0 0 0 0 0 0 0 0 0 0 0 0 0 0 0 0 0 0 0 0 0 0 0 0 0 0 0 0 0 0 0 0 0 0 0 0 0 0 0 0 0 0 0 0 0 0 0 0 0 0 0 0 0 0 0 0 0 0 0 0 0 0 0 0 0 0 0 0 data 33 0x60007 0xc 0xc0 0x7f5 0x180007 0x7dc 0x38 0x19 0x1c0003 0x19 0x18 0x330004 0xfffffffffffff80b 0x0 0x257684464a0 0x31 0x2577ebd3938 0x32 0x360007 0x7f5 0x30 0x0 0x3a0002 0x0 0x0 0x0 0x0 0x0 0x0 0x0 0x9 0x1 0xe oops 2 14 jdk/internal/ref/CleanerImpl$PhantomCleanableRef 16 java/util/WeakHashMap$Entry methods 0
ciMethodData java/util/Arrays copyOf ([Ljava/lang/Object;I)[Ljava/lang/Object; 2 4694 orig 80 0 0 0 0 0 0 0 0 0 0 0 0 0 0 0 0 0 0 0 0 0 0 0 0 0 0 0 0 0 0 0 0 0 0 0 0 0 0 0 0 0 0 0 0 0 0 0 0 0 0 0 0 0 0 0 0 0 0 0 0 0 0 0 0 0 0 0 0 0 0 0 0 0 0 0 0 0 0 0 0 data 19 0x30005 0x1256 0x0 0x0 0x0 0x0 0x0 0x60002 0x1256 0x0 0x0 0x0 0x0 0x0 0x0 0x9 0x2 0xffffffffffffffff 0x0 oops 0 methods 0
ciMethodData java/lang/String <init> ([BB)V 2 48203 orig 80 0 0 0 0 0 0 0 0 0 0 0 0 0 0 0 0 0 0 0 0 0 0 0 0 0 0 0 0 0 0 0 0 0 0 0 0 0 0 0 0 0 0 0 0 0 0 0 0 0 0 0 0 0 0 0 0 0 0 0 0 0 0 0 0 0 0 0 0 0 0 0 0 0 0 0 0 0 0 0 0 data 11 0x10002 0xbc4b 0x0 0x0 0x0 0x0 0x9 0x3 0xc 0x0 0x0 oops 0 methods 0
ciMethodData java/util/Arrays copyOfRange ([BII)[B 2 39339 orig 80 0 0 0 0 0 0 0 0 0 0 0 0 0 0 0 0 0 0 0 0 0 0 0 0 0 0 0 0 0 0 0 0 0 0 0 0 0 0 0 0 0 0 0 0 0 0 0 0 0 0 0 0 0 0 0 0 0 0 0 0 0 0 0 0 0 0 0 0 0 0 0 0 0 0 0 0 0 0 0 0 data 35 0x10007 0x3d0f 0x40 0x5c9c 0x70007 0x131d 0x30 0x497f 0xd0002 0x868e 0x120005 0x0 0x0 0x2576835f9b0 0x131d 0x0 0x0 0x150004 0x0 0x0 0x2576835f9b0 0x131d 0x0 0x0 0x0 0x0 0x0 0x0 0x0 0x0 0x9 0x3 0xffffffffffffffff 0x0 0x0 oops 2 13 [B 20 [B methods 0
ciMethodData java/util/Arrays copyOfRangeByte ([BII)[B 2 34446 orig 80 0 0 0 0 0 0 0 0 0 0 0 0 0 0 0 0 0 0 0 0 0 0 0 0 0 0 0 0 0 0 0 0 0 0 0 0 0 0 0 0 0 0 0 0 0 0 0 0 0 0 0 0 0 0 0 0 0 0 0 0 0 0 0 0 0 0 0 0 0 0 0 0 0 0 0 0 0 0 0 0 data 17 0x20002 0x868e 0x180002 0x868e 0x1b0002 0x868e 0x0 0x0 0x0 0x0 0x0 0x0 0x9 0x3 0xffffffffffffffff 0x0 0x0 oops 0 methods 0
ciMethodData java/util/Arrays checkLength (II)V 2 34469 orig 80 0 0 0 0 0 0 0 0 0 0 0 0 0 0 0 0 0 0 0 0 0 0 0 0 0 0 0 0 0 0 0 0 0 0 0 0 0 0 0 0 0 0 0 0 0 0 0 0 0 0 0 0 0 0 0 0 0 0 0 0 0 0 0 0 0 0 0 0 0 0 0 0 0 0 0 0 0 0 0 0 data 46 0x20007 0x86a5 0x120 0x0 0xd0002 0x0 0x110005 0x0 0x0 0x0 0x0 0x0 0x0 0x170005 0x0 0x0 0x0 0x0 0x0 0x0 0x1b0005 0x0 0x0 0x0 0x0 0x0 0x0 0x1e0005 0x0 0x0 0x0 0x0 0x0 0x0 0x210002 0x0 0x0 0x0 0x0 0x0 0x0 0x0 0x9 0x2 0x0 0x0 oops 0 methods 0
ciMethodData jdk/internal/util/Preconditions checkFromToIndex (IIILjava/util/function/BiFunction;)I 2 32405 orig 80 0 0 0 0 0 0 0 0 0 0 0 0 0 0 0 0 0 0 0 0 0 0 0 0 0 0 0 0 0 0 0 0 0 0 0 0 0 0 0 0 0 0 0 0 0 0 0 0 0 0 0 0 0 0 0 0 0 0 0 0 0 0 0 0 0 0 0 0 0 0 0 0 0 0 0 0 0 0 0 0 data 26 0x10007 0x0 0x60 0x7e95 0x60007 0x0 0x40 0x7e95 0xb0007 0x7e95 0x30 0x0 0x120002 0x0 0x0 0x0 0x0 0x0 0x0 0x0 0x9 0x4 0x0 0x0 0x0 0x0 oops 0 methods 0
ciMethodData java/util/HashMap put (Ljava/lang/Object;Ljava/lang/Object;)Ljava/lang/Object; 2 12551 orig 80 2 0 0 0 0 0 0 0 0 0 0 0 0 0 0 0 0 0 0 0 0 0 0 0 0 0 0 0 0 0 0 0 0 0 0 0 0 0 0 0 0 0 0 0 0 0 0 0 0 0 0 0 0 0 0 0 0 0 0 0 0 0 0 0 0 0 0 0 0 0 0 0 0 0 0 0 0 0 0 0 data 20 0x20002 0x3107 0x90005 0x3107 0x0 0x0 0x0 0x0 0x0 0x0 0x0 0x0 0x0 0x0 0x0 0x9 0x3 0xffffffffffffffff 0xffffffffffffffff 0xffffffffffffffff oops 0 methods 0
ciMethodData java/lang/ref/Reference <init> (Ljava/lang/Object;Ljava/lang/ref/ReferenceQueue;)V 2 35912 orig 80 0 0 0 0 0 0 0 0 0 0 0 0 0 0 0 0 0 0 0 0 0 0 0 0 0 0 0 0 0 0 0 0 0 0 0 0 0 0 0 0 0 0 0 0 0 0 0 0 0 0 0 0 0 0 0 0 0 0 0 0 0 0 0 0 0 0 0 0 0 0 0 0 0 0 0 0 0 0 0 0 data 20 0x10002 0x8c48 0xb0007 0x3740 0x38 0x5508 0x110003 0x5508 0x18 0x0 0x0 0x0 0x0 0x0 0x0 0x9 0x3 0x6 0x0 0x0 oops 0 methods 0
ciMethodData java/lang/String checkBoundsBeginEnd (III)V 2 23526 orig 80 0 0 0 0 0 0 0 0 0 0 0 0 0 0 0 0 0 0 0 0 0 0 0 0 0 0 0 0 0 0 0 0 0 0 0 0 0 0 0 0 0 0 0 0 0 0 0 0 0 0 0 0 0 0 0 0 0 0 0 0 0 0 0 0 0 0 0 0 0 0 0 0 0 0 0 0 0 0 0 0 data 13 0x60002 0x5be7 0x0 0x0 0x0 0x0 0x0 0x0 0x9 0x3 0x0 0x0 0x0 oops 0 methods 0
ciMethodData java/lang/String substring (II)Ljava/lang/String; 2 20757 orig 80 2 0 0 0 0 0 0 0 0 0 0 0 0 0 0 0 0 0 0 0 0 0 0 0 0 0 0 0 0 0 0 0 0 0 0 0 0 0 0 1 0 0 0 0 0 0 0 0 0 0 0 0 0 0 0 0 0 0 0 0 0 0 0 0 0 0 0 0 0 0 0 0 0 0 0 0 0 0 0 0 data 46 0x10005 0x5116 0x0 0x0 0x0 0x0 0x0 0x80002 0x5116 0xc0007 0x2e9d 0x40 0x2279 0x110007 0x2198 0x20 0xe1 0x1c0005 0x5035 0x0 0x0 0x0 0x0 0x0 0x80000006001f0007 0x80d 0x48 0x4828 0x290002 0x4828 0x2c0003 0x482a 0x28 0x360002 0x80d 0x0 0x0 0x0 0x0 0x0 0x0 0x9 0x3 0xffffffffffffffff 0x0 0x0 oops 0 methods 0
ciMethodData java/lang/StringLatin1 newString ([BII)Ljava/lang/String; 2 16399 orig 80 1 0 0 0 0 0 0 0 0 0 0 0 0 0 0 0 0 0 0 0 0 0 0 0 0 0 0 0 0 0 0 0 0 0 0 0 0 0 0 2 0 0 0 0 0 0 0 0 0 0 0 0 0 0 0 0 0 0 0 0 0 0 0 0 0 0 0 0 0 0 0 0 0 0 0 0 0 0 0 0 data 19 0x8000000600010007 0x3fd2 0x20 0x40 0x100002 0x3fd2 0x140002 0x3fd3 0x0 0x0 0x0 0x0 0x0 0x0 0x9 0x3 0xffffffffffffffff 0x0 0x0 oops 0 methods 0
ciMethodData java/lang/StringUTF16 newString ([BII)Ljava/lang/String; 2 2061 orig 80 0 0 0 0 0 0 0 0 0 0 0 0 0 0 0 0 0 0 0 0 0 0 0 0 0 0 0 0 0 0 0 0 0 0 0 0 0 0 0 0 0 0 0 0 0 0 0 0 0 0 0 0 0 0 0 0 0 0 0 0 0 0 0 0 0 0 0 0 0 0 0 0 0 0 0 0 0 0 0 0 data 29 0x10007 0x80d 0x20 0x0 0xb0007 0x0 0x50 0x80d 0x110002 0x80d 0x170002 0x80d 0x230002 0x80d 0x360002 0x0 0x3a0002 0x0 0x0 0x0 0x0 0x0 0x0 0x0 0x9 0x3 0xffffffffffffffff 0x0 0x0 oops 0 methods 0
ciMethodData java/lang/String substring (I)Ljava/lang/String; 2 9506 orig 80 0 0 0 0 0 0 0 0 0 0 0 0 0 0 0 0 0 0 0 0 0 0 0 0 0 0 0 0 0 0 0 0 0 0 0 0 0 0 0 0 0 0 0 0 0 0 0 0 0 0 0 0 0 0 0 0 0 0 0 0 0 0 0 0 0 0 0 0 0 0 0 0 0 0 0 0 0 0 0 0 data 24 0x30005 0x2523 0x0 0x0 0x0 0x0 0x0 0x60005 0x2523 0x0 0x0 0x0 0x0 0x0 0x0 0x0 0x0 0x0 0x0 0x0 0x9 0x2 0x0 0x0 oops 0 methods 0
ciMethodData java/lang/Class getName ()Ljava/lang/String; 2 20912 orig 80 0 0 0 0 0 0 0 0 0 0 0 0 0 0 0 0 0 0 0 0 0 0 0 0 0 0 0 0 0 0 0 0 0 0 0 0 0 0 0 0 0 0 0 0 0 0 0 0 0 0 0 0 0 0 0 0 0 0 0 0 0 0 0 0 0 0 0 0 0 0 0 0 0 0 0 0 0 0 0 0 data 23 0x60007 0xc1f 0x38 0x4591 0xa0003 0x4591 0x50 0xe0005 0xc1f 0x0 0x0 0x0 0x0 0x0 0x0 0x0 0x0 0x0 0x0 0x0 0x9 0x1 0x0 oops 0 methods 0
ciMethodData java/lang/Object equals (Ljava/lang/Object;)Z 2 21206 orig 80 0 0 0 0 0 0 0 0 0 0 0 0 0 0 0 0 0 0 0 0 0 0 0 0 0 0 0 0 0 0 0 0 0 0 0 0 0 0 0 0 0 0 0 0 0 0 0 0 0 0 0 0 0 0 0 0 0 0 0 0 0 0 0 0 0 0 0 0 0 0 0 0 0 0 0 0 0 0 0 0 data 17 0x20007 0x240f 0x38 0x2ec7 0x60003 0x2ec7 0x18 0x0 0x0 0x0 0x0 0x0 0x0 0x9 0x2 0x0 0x0 oops 0 methods 0
ciMethodData java/lang/Class getPackageName ()Ljava/lang/String; 2 5127 orig 80 0 0 0 0 0 0 0 0 0 0 0 0 0 0 0 0 0 0 0 0 0 0 0 0 0 0 0 0 0 0 0 0 0 0 0 0 0 0 0 0 0 0 0 0 0 0 0 0 0 0 0 0 0 0 0 0 0 0 0 0 0 0 0 0 0 0 0 0 0 0 0 0 0 0 0 0 0 0 0 0 data 83 0x60007 0x845 0x250 0xbc3 0xa0005 0xbc3 0x0 0x0 0x0 0x0 0x0 0xd0007 0xbc3 0x70 0x0 0x110005 0x0 0x0 0x0 0x0 0x0 0x0 0x140003 0x0 0x18 0x1a0005 0xbc3 0x0 0x0 0x0 0x0 0x0 0x1d0007 0xbc3 0x38 0x0 0x240003 0x0 0x130 0x280005 0xbc3 0x0 0x0 0x0 0x0 0x0 0x2f0005 0xbc3 0x0 0x0 0x0 0x0 0x0 0x370007 0x0 0xa8 0xbc3 0x3e0005 0xbc3 0x0 0x0 0x0 0x0 0x0 0x410005 0xbc3 0x0 0x0 0x0 0x0 0x0 0x440003 0xbc3 0x18 0x0 0x0 0x0 0x0 0x0 0x0 0x9 0x1 0xffffffffffffffff oops 0 methods 0
ciMethodData java/lang/String lastIndexOf (I)I 2 14818 orig 80 0 0 0 0 0 0 0 0 0 0 0 0 0 0 0 0 0 0 0 0 0 0 0 0 0 0 0 0 0 0 0 0 0 0 0 0 0 0 0 0 0 0 0 0 0 0 0 0 0 0 0 0 0 0 0 0 0 0 0 0 0 0 0 0 0 0 0 0 0 0 0 0 0 0 0 0 0 0 0 0 data 24 0x30005 0x39e2 0x0 0x0 0x0 0x0 0x0 0x80005 0x39e2 0x0 0x0 0x0 0x0 0x0 0x0 0x0 0x0 0x0 0x0 0x0 0x9 0x2 0x0 0x0 oops 0 methods 0
ciMethodData java/lang/String lastIndexOf (II)I 2 15265 orig 80 0 0 0 0 0 0 0 0 0 0 0 0 0 0 0 0 0 0 0 0 0 0 0 0 0 0 0 0 0 0 0 0 0 0 0 0 0 0 0 0 0 0 0 0 0 0 0 0 0 0 0 0 0 0 0 0 0 0 0 0 0 0 0 0 0 0 0 0 0 0 0 0 0 0 0 0 0 0 0 0 data 29 0x10005 0x3ba1 0x0 0x0 0x0 0x0 0x0 0x40007 0x0 0x48 0x3ba1 0xd0002 0x3ba0 0x100003 0x3ba1 0x28 0x190002 0x0 0x0 0x0 0x0 0x0 0x0 0x0 0x9 0x3 0x0 0x0 0x0 oops 0 methods 0
ciMethodData java/lang/StringLatin1 lastIndexOf ([BII)I 2 773 orig 80 0 0 0 0 0 0 0 0 0 0 0 0 0 0 0 0 0 0 0 0 0 0 0 0 0 0 0 0 0 0 0 0 0 0 0 0 0 0 0 0 0 0 0 0 0 0 0 0 0 0 0 0 0 0 0 0 0 0 0 0 0 0 0 0 0 0 0 0 0 0 0 0 0 0 0 0 0 0 0 0 data 30 0x10002 0x305 0x40007 0x305 0x20 0x0 0xe0002 0x305 0x130007 0x63 0x58 0x430c 0x1b0007 0x406a 0x20 0x2a2 0x230003 0x406a 0xffffffffffffffc0 0x0 0x0 0x0 0x0 0x0 0x0 0x9 0x3 0x0 0x0 0x0 oops 0 methods 0
ciMethodData java/util/HashMap getNode (Ljava/lang/Object;)Ljava/util/HashMap$Node; 2 16903 orig 80 1 0 0 0 0 0 0 0 0 0 0 0 0 0 0 0 0 0 0 0 0 0 0 0 0 0 0 0 0 0 0 0 0 0 0 0 0 0 0 0 0 0 0 0 0 0 0 0 0 0 0 0 0 0 0 0 0 0 0 0 0 0 0 0 0 0 0 0 0 0 0 0 0 0 0 0 0 0 0 0 data 103 0x60007 0x3e 0x2e8 0x41c9 0xe0007 0x0 0x2c8 0x41c9 0x170002 0x41c9 0x210007 0x2c9 0x298 0x3f02 0x2a0007 0x1956 0xb8 0x25ac 0x350007 0x21cc 0x98 0x3e0 0x390007 0x0 0x78 0x3e0 0x3f0005 0x5a 0x0 0x25768564078 0x2 0x2576834a198 0x384 0x420007 0x0 0x20 0x3e0 0x4e0007 0x12c 0x1c0 0x182a 0x520004 0xffffffffffffe7d6 0x0 0x25768973740 0x2e 0x0 0x0 0x550007 0x182a 0x90 0x0 0x590004 0x0 0x0 0x0 0x0 0x0 0x0 0x5f0005 0x0 0x0 0x0 0x0 0x0 0x0 0x6a0007 0x1b7 0xb8 0x17ca 0x760007 0x1705 0x98 0xc5 0x7a0007 0x0 0x78 0xc5 0x800005 0xe 0x0 0x2576834a198 0xb6 0x25768564128 0x1 0x830007 0x0 0x20 0xc5 0x910007 0x157 0xffffffffffffff48 0x60 0x0 0x0 0x0 0x0 0x0 0x0 0x9 0x2 0x0 0xffffffffffffffff oops 5 29 java/util/jar/Attributes$Name 31 java/lang/String 44 java/util/HashMap$Node 81 java/lang/String 83 java/util/zip/ZipFile$Source$Key methods 0
ciMethodData java/util/AbstractSet <init> ()V 2 79910 orig 80 0 0 0 0 0 0 0 0 0 0 0 0 0 0 0 0 0 0 0 0 0 0 0 0 0 0 0 0 0 0 0 0 0 0 0 0 0 0 0 0 0 0 0 0 0 0 0 0 0 0 0 0 0 0 0 0 0 0 0 0 0 0 0 0 0 0 0 0 0 0 0 0 0 0 0 0 0 0 0 0 data 7 0x10002 0x13826 0x0 0x0 0x9 0x1 0x0 oops 0 methods 0
ciMethodData java/util/HashMap get (Ljava/lang/Object;)Ljava/lang/Object; 2 32947 orig 80 1 0 0 0 0 0 0 0 0 0 0 0 0 0 0 0 0 0 0 0 0 0 0 0 0 0 0 0 0 0 0 0 0 0 0 0 0 0 0 0 0 0 0 0 0 0 0 0 0 0 0 0 0 0 0 0 0 0 0 0 0 0 0 0 0 0 0 0 0 0 0 0 0 0 0 0 0 0 0 0 data 24 0x20005 0x80b3 0x0 0x0 0x0 0x0 0x0 0x70007 0x7a2a 0x38 0x68a 0xb0003 0x68a 0x18 0x0 0x0 0x0 0x0 0x0 0x0 0x9 0x2 0x0 0xffffffffffffffff oops 0 methods 0
ciMethodData java/util/HashMap containsKey (Ljava/lang/Object;)Z 2 6839 orig 80 0 0 0 0 0 0 0 0 0 0 0 0 0 0 0 0 0 0 0 0 0 0 0 0 0 0 0 0 0 0 0 0 0 0 0 0 0 0 0 0 0 0 0 0 0 0 0 0 0 0 0 0 0 0 0 0 0 0 0 0 0 0 0 0 0 0 0 0 0 0 0 0 0 0 0 0 0 0 0 0 data 24 0x20005 0x1ab8 0x0 0x0 0x0 0x0 0x0 0x50007 0x939 0x38 0x117f 0x90003 0x117f 0x18 0x0 0x0 0x0 0x0 0x0 0x0 0x9 0x2 0x0 0xffffffffffffffff oops 0 methods 0
ciMethodData jdk/internal/util/ArraysSupport newLength (III)I 2 5681 orig 80 0 0 0 0 0 0 0 0 0 0 0 0 0 0 0 0 0 0 0 0 0 0 0 0 0 0 0 0 0 0 0 0 0 0 0 0 0 0 0 0 0 0 0 0 0 0 0 0 0 0 0 0 0 0 0 0 0 0 0 0 0 0 0 0 0 0 0 0 0 0 0 0 0 0 0 0 0 0 0 0 data 23 0x30002 0x1631 0xa0007 0x0 0x40 0x1631 0x100007 0x0 0x20 0x1631 0x170002 0x0 0x0 0x0 0x0 0x0 0x0 0x0 0x9 0x3 0x0 0x0 0x0 oops 0 methods 0
ciMethodData java/lang/ref/ReferenceQueue poll ()Ljava/lang/ref/Reference; 2 5260 orig 80 1 0 0 0 0 0 0 0 0 0 0 0 0 0 0 0 0 0 0 0 0 0 0 0 0 0 0 0 0 0 0 0 0 0 0 0 0 0 0 0 0 0 0 0 0 0 0 0 0 0 0 0 0 0 0 0 0 0 0 0 0 0 0 0 0 0 0 0 0 0 0 0 0 0 0 0 0 0 0 0 data 48 0x10005 0x148c 0x0 0x0 0x0 0x0 0x0 0x40007 0x32 0x20 0x145a 0xd0005 0x0 0x0 0x25784dc6138 0x32 0x0 0x0 0x110005 0x32 0x0 0x0 0x0 0x0 0x0 0x190005 0x0 0x0 0x25784dc6138 0x32 0x0 0x0 0x230005 0x0 0x0 0x0 0x0 0x0 0x0 0x0 0x0 0x0 0x0 0x0 0x0 0x9 0x1 0x0 oops 2 14 java/util/concurrent/locks/ReentrantLock 28 java/util/concurrent/locks/ReentrantLock methods 0
ciMethodData java/util/concurrent/locks/ReentrantLock lock ()V 2 68814 orig 80 1 0 0 0 0 0 0 0 0 0 0 0 0 0 0 0 0 0 0 0 0 0 0 0 0 0 0 0 0 0 0 0 0 0 0 0 0 0 0 0 0 0 0 0 0 0 0 0 0 0 0 0 0 0 0 0 0 0 0 0 0 0 0 0 0 0 0 0 0 0 0 0 0 0 0 0 0 0 0 0 data 16 0x40005 0x10cce 0x0 0x0 0x0 0x0 0x0 0x0 0x0 0x0 0x0 0x0 0x0 0x9 0x1 0x0 oops 0 methods 0
ciMethodData java/util/concurrent/locks/ReentrantLock unlock ()V 2 69948 orig 80 0 0 0 0 0 0 0 0 0 0 0 0 0 0 0 0 0 0 0 0 0 0 0 0 0 0 0 0 0 0 0 0 0 0 0 0 0 0 0 0 0 0 0 0 0 0 0 0 0 0 0 0 0 0 0 0 0 0 0 0 0 0 0 0 0 0 0 0 0 0 0 0 0 0 0 0 0 0 0 0 data 16 0x50005 0x1113b 0x0 0x0 0x0 0x0 0x0 0x0 0x0 0x0 0x0 0x0 0x0 0x9 0x1 0x0 oops 0 methods 0
ciMethodData java/util/concurrent/locks/AbstractQueuedSynchronizer release (I)Z 2 75019 orig 80 1 0 0 0 0 0 0 0 0 0 0 0 0 0 0 0 0 0 0 0 0 0 0 0 0 0 0 0 0 0 0 0 0 0 0 0 0 0 0 0 0 0 0 0 0 0 0 0 0 0 0 0 0 0 0 0 0 0 0 0 0 0 0 0 0 0 0 0 0 0 0 0 0 0 0 0 0 0 0 0 data 23 0x20005 0x982 0x0 0x2577e1781e8 0x11b77 0x2577e178298 0x12 0x50007 0x13 0x30 0x124f7 0xc0002 0x124f8 0x0 0x0 0x0 0x0 0x0 0x0 0x9 0x2 0x0 0x0 oops 2 3 java/util/concurrent/locks/ReentrantLock$NonfairSync 5 java/util/concurrent/ThreadPoolExecutor$Worker methods 0
ciMethodData java/util/concurrent/locks/ReentrantLock$Sync tryRelease (I)Z 2 10763 orig 80 1 0 0 0 0 0 0 0 0 0 0 0 0 0 0 0 0 0 0 0 0 0 0 0 0 0 0 0 0 0 0 0 0 0 0 0 0 0 0 0 0 0 0 0 0 0 0 0 0 0 0 0 0 0 0 0 0 0 0 0 0 0 0 0 0 0 0 0 0 0 0 0 0 0 0 0 0 0 0 0 data 57 0x10005 0x2a0b 0x0 0x0 0x0 0x0 0x0 0x80005 0x2a0b 0x0 0x0 0x0 0x0 0x0 0xb0002 0x2a0b 0xe0007 0x2a0b 0x30 0x0 0x150002 0x0 0x1a0007 0x3 0x38 0x2a08 0x1e0003 0x2a08 0x18 0x240007 0x3 0x58 0x2a08 0x290005 0x2a08 0x0 0x0 0x0 0x0 0x0 0x2e0005 0x2a0b 0x0 0x0 0x0 0x0 0x0 0x0 0x0 0x0 0x0 0x0 0x0 0x9 0x2 0x0 0x0 oops 0 methods 0
ciMethodData java/util/concurrent/locks/AbstractQueuedSynchronizer signalNext (Ljava/util/concurrent/locks/AbstractQueuedSynchronizer$Node;)V 2 9841 orig 80 0 0 0 0 0 0 0 0 0 0 0 0 0 0 0 0 0 0 0 0 0 0 0 0 0 0 0 0 0 0 0 0 0 0 0 0 0 0 0 0 0 0 0 0 0 0 0 0 0 0 0 0 0 0 0 0 0 0 0 0 0 0 0 0 0 0 0 0 0 0 0 0 0 0 0 0 0 0 0 0 data 30 0x10007 0x25a7 0xa8 0xca 0xa0007 0x3c 0x88 0x8e 0x110007 0x2f 0x68 0x5f 0x160005 0x5f 0x0 0x0 0x0 0x0 0x0 0x1e0002 0x5f 0x0 0x0 0x0 0x0 0x0 0x0 0x9 0x1 0x0 oops 0 methods 0
ciMethod java/lang/AssertionError <init> ()V 0 0 1 0 -1
ciMethodData java/util/WeakHashMap expungeStaleEntries ()V 2 17768 orig 80 2 0 0 0 0 0 0 0 0 0 0 0 0 0 0 0 0 0 0 0 0 0 0 0 0 0 0 0 0 0 0 0 0 0 0 0 0 0 0 1 0 0 0 0 0 0 0 0 0 0 0 0 0 0 0 0 0 0 0 0 0 0 0 0 0 0 0 0 0 0 0 0 0 0 0 0 0 0 0 0 data 64 0x40005 0x0 0x0 0x25784dc0b48 0x45e0 0x0 0x0 0x90007 0x4569 0x178 0x77 0x140004 0x0 0x0 0x2577ebd3938 0x77 0x0 0x0 0x210002 0x77 0x350007 0x0 0xe0 0x7d 0x8000000600420007 0x6 0xa8 0x78 0x480007 0x6 0x70 0x72 0x530104 0x0 0x0 0x2577ebd3938 0x18 0x0 0x0 0x540003 0x72 0x18 0x6d0003 0x78 0x30 0x780003 0x6 0xffffffffffffff38 0x7d0003 0x78 0x18 0x870003 0x78 0xfffffffffffffe68 0x0 0x0 0x0 0x0 0x0 0x0 0x0 0x9 0x1 0xc oops 3 3 java/lang/ref/ReferenceQueue 14 java/util/WeakHashMap$Entry 35 java/util/WeakHashMap$Entry methods 0
ciMethodData java/util/WeakHashMap indexFor (II)I 2 22524 orig 80 0 0 0 0 0 0 0 0 0 0 0 0 0 0 0 0 0 0 0 0 0 0 0 0 0 0 0 0 0 0 0 0 0 0 0 0 0 0 0 0 0 0 0 0 0 0 0 0 0 0 0 0 0 0 0 0 0 0 0 0 0 0 0 0 0 0 0 0 0 0 0 0 0 0 0 0 0 0 0 0 data 5 0x0 0x9 0x2 0x0 0x0 oops 0 methods 0
ciMethodData java/util/WeakHashMap maskNull (Ljava/lang/Object;)Ljava/lang/Object; 2 22285 orig 80 0 0 0 0 0 0 0 0 0 0 0 0 0 0 0 0 0 0 0 0 0 0 0 0 0 0 0 0 0 0 0 0 0 0 0 0 0 0 0 0 0 0 0 0 0 0 0 0 0 0 0 0 0 0 0 0 0 0 0 0 0 0 0 0 0 0 0 0 0 0 0 0 0 0 0 0 0 0 0 0 data 16 0x10007 0x570d 0x38 0x0 0x70003 0x0 0x18 0x0 0x0 0x0 0x0 0x0 0x0 0x9 0x1 0x0 oops 0 methods 0
ciMethodData java/util/WeakHashMap hash (Ljava/lang/Object;)I 2 5133 orig 80 0 0 0 0 0 0 0 0 0 0 0 0 0 0 0 0 0 0 0 0 0 0 0 0 0 0 0 0 0 0 0 0 0 0 0 0 0 0 0 0 0 0 0 0 0 0 0 0 0 0 0 0 0 0 0 0 0 0 0 0 0 0 0 0 0 0 0 0 0 0 0 0 0 0 0 0 0 0 0 0 data 17 0x10005 0x106 0x0 0x25784dbebe8 0xcc0 0x25784dbec98 0x647 0x0 0x0 0x0 0x0 0x0 0x0 0x9 0x2 0x0 0xffffffffffffffff oops 2 3 java/util/zip/ZipFile$ZipFileInflaterInputStream 5 java/util/zip/ZipFile$ZipFileInputStream methods 0
ciMethodData java/util/WeakHashMap getTable ()[Ljava/util/WeakHashMap$Entry; 2 22289 orig 80 0 0 0 0 0 0 0 0 0 0 0 0 0 0 0 0 0 0 0 0 0 0 0 0 0 0 0 0 0 0 0 0 0 0 0 0 0 0 0 0 0 0 0 0 0 0 0 0 0 0 0 0 0 0 0 0 0 0 0 0 0 0 0 0 0 0 0 0 0 0 0 0 0 0 0 0 0 0 0 0 data 16 0x10005 0x5711 0x0 0x0 0x0 0x0 0x0 0x0 0x0 0x0 0x0 0x0 0x0 0x9 0x1 0xc oops 0 methods 0
ciMethodData java/util/AbstractList <init> ()V 2 76348 orig 80 0 0 0 0 0 0 0 0 0 0 0 0 0 0 0 0 0 0 0 0 0 0 0 0 0 0 0 0 0 0 0 0 0 0 0 0 0 0 0 0 0 0 0 0 0 0 0 0 0 0 0 0 0 0 0 0 0 0 0 0 0 0 0 0 0 0 0 0 0 0 0 0 0 0 0 0 0 0 0 0 data 9 0x10002 0x12a3c 0x0 0x0 0x0 0x0 0x9 0x1 0x6 oops 0 methods 0
ciMethodData java/lang/ref/Reference refersTo (Ljava/lang/Object;)Z 2 21294 orig 80 0 0 0 0 0 0 0 0 0 0 0 0 0 0 0 0 0 0 0 0 0 0 0 0 0 0 0 0 0 0 0 0 0 0 0 0 0 0 0 0 0 0 0 0 0 0 0 0 0 0 0 0 0 0 0 0 0 0 0 0 0 0 0 0 0 0 0 0 0 0 0 0 0 0 0 0 0 0 0 0 data 17 0x20005 0x1480 0x0 0x2576834b208 0x1d12 0x2577ebd3938 0x219c 0x0 0x0 0x0 0x0 0x0 0x0 0x9 0x2 0xffffffffffffffff 0xffffffffffffffff oops 2 3 java/lang/ref/WeakReference 5 java/util/WeakHashMap$Entry methods 0
ciMethodData java/lang/ref/Reference refersToImpl (Ljava/lang/Object;)Z 2 16345 orig 80 0 0 0 0 0 0 0 0 0 0 0 0 0 0 0 0 0 0 0 0 0 0 0 0 0 0 0 0 0 0 0 0 0 0 0 0 0 0 0 0 0 0 0 0 0 0 0 0 0 0 0 0 0 0 0 0 0 0 0 0 0 0 0 0 0 0 0 0 0 0 0 0 0 0 0 0 0 0 0 0 data 17 0x20005 0x3fd9 0x0 0x0 0x0 0x0 0x0 0x0 0x0 0x0 0x0 0x0 0x0 0x9 0x2 0x0 0x0 oops 0 methods 0
ciMethodData java/util/ArrayList add (Ljava/lang/Object;)Z 2 23741 orig 80 1 0 0 0 0 0 0 0 0 0 0 0 0 0 0 0 0 0 0 0 0 0 0 0 0 0 0 0 0 0 0 0 0 0 0 0 0 0 0 0 0 0 0 0 0 0 0 0 0 0 0 0 0 0 0 0 0 0 0 0 0 0 0 0 0 0 0 0 0 0 0 0 0 0 0 0 0 0 0 0 data 17 0x140005 0x5cbd 0x0 0x0 0x0 0x0 0x0 0x0 0x0 0x0 0x0 0x0 0x0 0x9 0x2 0xe 0x0 oops 0 methods 0
ciMethodData java/util/ArrayList add (Ljava/lang/Object;[Ljava/lang/Object;I)V 2 23742 orig 80 0 0 0 0 0 0 0 0 0 0 0 0 0 0 0 0 0 0 0 0 0 0 0 0 0 0 0 0 0 0 0 0 0 0 0 0 0 0 0 0 0 0 0 0 0 0 0 0 0 0 0 0 0 0 0 0 0 0 0 0 0 0 0 0 0 0 0 0 0 0 0 0 0 0 0 0 0 0 0 0 data 30 0x30007 0x383f 0x58 0x247f 0x70005 0x247f 0x0 0x0 0x0 0x0 0x0 0xe0004 0x0 0x0 0x2576834a228 0xc26 0x2576835f9b0 0x68 0x0 0x0 0x0 0x0 0x0 0x0 0x9 0x4 0xc 0x0 0xffffffffffffffff 0x0 oops 2 14 java/lang/Class 16 [B methods 0
ciMethodData java/util/ArrayList grow ()[Ljava/lang/Object; 2 10993 orig 80 0 0 0 0 0 0 0 0 0 0 0 0 0 0 0 0 0 0 0 0 0 0 0 0 0 0 0 0 0 0 0 0 0 0 0 0 0 0 0 0 0 0 0 0 0 0 0 0 0 0 0 0 0 0 0 0 0 0 0 0 0 0 0 0 0 0 0 0 0 0 0 0 0 0 0 0 0 0 0 0 data 16 0x70005 0x2af1 0x0 0x0 0x0 0x0 0x0 0x0 0x0 0x0 0x0 0x0 0x0 0x9 0x1 0xc oops 0 methods 0
ciMethodData java/util/ArrayList grow (I)[Ljava/lang/Object; 2 11284 orig 80 0 0 0 0 0 0 0 0 0 0 0 0 0 0 0 0 0 0 0 0 0 0 0 0 0 0 0 0 0 0 0 0 0 0 0 0 0 0 0 1 0 0 0 0 0 0 0 0 0 0 0 0 0 0 0 0 0 0 0 0 0 0 0 0 0 0 0 0 0 0 0 0 0 0 0 0 0 0 0 0 data 24 0x70007 0x2ba 0x40 0x295a 0x8000000600110007 0x2959 0x40 0x2 0x1b0002 0x2bc 0x250002 0x2bc 0x310002 0x2959 0x0 0x0 0x0 0x0 0x0 0x0 0x9 0x2 0xc 0x0 oops 0 methods 0
ciMethodData java/util/WeakHashMap matchesKey (Ljava/util/WeakHashMap$Entry;Ljava/lang/Object;)Z 2 8240 orig 80 0 0 0 0 0 0 0 0 0 0 0 0 0 0 0 0 0 0 0 0 4 0 0 0 0 0 0 0 0 0 0 0 0 0 0 0 0 0 0 0 0 0 0 0 0 0 0 0 0 0 0 0 0 0 0 0 0 0 0 0 0 0 0 0 0 0 0 0 0 0 0 0 0 0 0 0 0 0 0 0 data 47 0x20005 0x2030 0x0 0x0 0x0 0x0 0x0 0x50007 0x2 0x20 0x202e 0xb0005 0x0 0x0 0x2577ebd3938 0x2 0x0 0x0 0x100007 0x0 0x90 0x2 0x8000000400150005 0x4 0x0 0x2577eff7ba0 0x1 0x2577eff7c50 0x1 0x180007 0x0 0x38 0x6 0x1c0003 0x6 0x18 0x0 0x0 0x0 0x0 0x0 0x0 0x9 0x3 0x0 0x0 0x0 oops 3 14 java/util/WeakHashMap$Entry 25 com/sun/javafx/css/ParsedValueImpl 27 javafx/scene/paint/LinearGradient methods 0
ciMethodData java/util/ArrayList <init> ()V 2 39031 orig 80 0 0 0 0 0 0 0 0 0 0 0 0 0 0 0 0 0 0 0 0 0 0 0 0 0 0 0 0 0 0 0 0 0 0 0 0 0 0 0 0 0 0 0 0 0 0 0 0 0 0 0 0 0 0 0 0 0 0 0 0 0 0 0 0 0 0 0 0 0 0 0 0 0 0 0 0 0 0 0 0 data 9 0x10002 0x9877 0x0 0x0 0x0 0x0 0x9 0x1 0xe oops 0 methods 0
ciMethodData java/util/ArrayList addAll (Ljava/util/Collection;)Z 2 1803 orig 80 0 0 0 0 0 0 0 0 0 0 0 0 0 0 0 0 0 0 0 0 0 0 0 0 0 0 0 0 0 0 0 0 0 0 0 0 0 0 0 0 0 0 0 0 0 0 0 0 0 0 0 0 0 0 0 0 0 0 0 0 0 0 0 0 0 0 0 0 0 0 0 0 0 0 0 0 0 0 0 0 data 34 0x10005 0x1fa 0x0 0x25768446bd8 0x1 0x2576834db68 0x510 0x150007 0x6c0 0x20 0x4b 0x2b0007 0x139 0x58 0x587 0x330005 0x587 0x0 0x0 0x0 0x0 0x0 0x3f0002 0x6c0 0x0 0x0 0x0 0x0 0x0 0x0 0x9 0x2 0xe 0xffffffffffffffff oops 2 3 java/util/ImmutableCollections$ListN 5 java/util/ArrayList methods 0
ciMethodData java/lang/invoke/DirectMethodHandle allocateInstance (Ljava/lang/Object;)Ljava/lang/Object; 2 56038 orig 80 0 0 0 0 0 0 0 0 0 0 0 0 0 0 0 0 0 0 0 0 0 0 0 0 0 0 0 0 0 0 0 0 0 0 0 0 0 0 0 0 0 0 0 0 0 0 0 0 0 0 0 0 0 0 0 0 0 0 0 0 0 0 0 0 0 0 0 0 0 0 0 0 0 0 0 0 0 0 0 0 data 23 0x10004 0x0 0x0 0x2577ef42ed8 0x1ba1 0x0 0x0 0xc0005 0xdae6 0x0 0x0 0x0 0x0 0x0 0x0 0x0 0x0 0x0 0x0 0x0 0x9 0x1 0x0 oops 1 3 java/lang/invoke/DirectMethodHandle$Constructor methods 0
ciMethodData java/lang/invoke/DirectMethodHandle constructorMethod (Ljava/lang/Object;)Ljava/lang/Object; 2 56038 orig 80 0 0 0 0 0 0 0 0 0 0 0 0 0 0 0 0 0 0 0 0 0 0 0 0 0 0 0 0 0 0 0 0 0 0 0 0 0 0 0 0 0 0 0 0 0 0 0 0 0 0 0 0 0 0 0 0 0 0 0 0 0 0 0 0 0 0 0 0 0 0 0 0 0 0 0 0 0 0 0 0 data 16 0x10004 0x0 0x0 0x2577ef42ed8 0x1ba1 0x0 0x0 0x0 0x0 0x0 0x0 0x0 0x0 0x9 0x1 0x0 oops 1 3 java/lang/invoke/DirectMethodHandle$Constructor methods 0
ciMethodData java/util/WeakHashMap put (Ljava/lang/Object;Ljava/lang/Object;)Ljava/lang/Object; 2 5123 orig 80 0 0 0 0 0 0 0 0 0 0 0 0 0 0 0 0 0 0 0 0 0 0 0 0 0 0 0 0 0 0 0 0 0 0 0 0 0 0 0 0 0 0 0 0 0 0 0 0 0 0 0 0 0 0 0 0 0 0 0 0 0 0 0 0 0 0 0 0 0 0 0 0 0 0 0 0 0 0 0 0 data 76 0x10002 0x1403 0x70005 0x1403 0x0 0x0 0x0 0x0 0x0 0xd0005 0x1403 0x0 0x0 0x0 0x0 0x0 0x170002 0x1403 0x250007 0x1403 0xd0 0xc9 0x2f0007 0xc9 0x98 0x0 0x360005 0x0 0x0 0x0 0x0 0x0 0x0 0x390007 0x0 0x40 0x0 0x460007 0x0 0x20 0x0 0x590003 0xc9 0xffffffffffffff48 0x7f0002 0x1403 0x820004 0x0 0x0 0x2577ebd3938 0x1403 0x0 0x0 0x920007 0x13ea 0x58 0x19 0x9b0005 0x0 0x0 0x2577edbf5a0 0x19 0x0 0x0 0x0 0x0 0x0 0x0 0x0 0x0 0x0 0x9 0x3 0x0 0x0 0x0 oops 2 49 java/util/WeakHashMap$Entry 60 java/util/WeakHashMap methods 0
ciMethodData java/util/concurrent/locks/AbstractQueuedSynchronizer$Node getAndUnsetStatus (I)I 2 5120 orig 80 0 0 0 0 0 0 0 0 0 0 0 0 0 0 0 0 0 0 0 0 0 0 0 0 0 0 0 0 0 0 0 0 0 0 0 0 0 0 0 0 0 0 0 0 0 0 0 0 0 0 0 0 0 0 0 0 0 0 0 0 0 0 0 0 0 0 0 0 0 0 0 0 0 0 0 0 0 0 0 0 data 20 0xa000b 0x1400 0x0 0x0 0x0 0x0 0x0 0x2 0x1 0x2 0x0 0x0 0x0 0x0 0x0 0x0 0x9 0x2 0xffffffffffffffff 0x0 oops 0 methods 0
ciMethodData java/util/concurrent/locks/LockSupport unpark (Ljava/lang/Thread;)V 2 5122 orig 80 0 0 0 0 0 0 0 0 0 0 0 0 0 0 0 0 0 0 0 0 0 0 0 0 0 0 0 0 0 0 0 0 0 0 0 0 0 0 0 0 0 0 0 0 0 0 0 0 0 0 0 0 0 0 0 0 0 0 0 0 0 0 0 0 0 0 0 0 0 0 0 0 0 0 0 0 0 0 0 0 data 36 0x10007 0x0 0xd8 0x1402 0x50005 0x1402 0x0 0x0 0x0 0x0 0x0 0x80007 0x1402 0x48 0x0 0xc0002 0x0 0xf0003 0x0 0x50 0x160005 0x1402 0x0 0x0 0x0 0x0 0x0 0x0 0x0 0x0 0x0 0x0 0x0 0x9 0x1 0xffffffffffffffff oops 0 methods 0
ciMethodData java/lang/Thread isVirtual ()Z 2 10601 orig 80 0 0 0 0 0 0 0 0 0 0 0 0 0 0 0 0 0 0 0 0 0 0 0 0 0 0 0 0 0 0 0 0 0 0 0 0 0 0 0 0 0 0 0 0 0 0 0 0 0 0 0 0 0 0 0 0 0 0 0 0 0 0 0 0 0 0 0 0 0 0 0 0 0 0 0 0 0 0 0 0 data 16 0x10004 0xffffffffffffd697 0x0 0x2576834b448 0x23 0x25785b8aed8 0x4b 0x0 0x0 0x0 0x0 0x0 0x0 0x9 0x1 0x0 oops 2 3 java/lang/Thread 5 com/sun/glass/ui/InvokeLaterDispatcher methods 0
ciMethodData java/lang/invoke/Invokers$Holder linkToTargetMethod (Ljava/lang/Object;)Ljava/lang/Object; 2 52180 orig 80 0 0 0 0 0 0 0 0 0 0 0 0 0 0 0 0 0 0 0 0 0 0 0 0 0 0 0 0 0 0 0 0 0 0 0 0 0 0 0 0 0 0 0 0 0 0 0 0 0 0 0 0 0 0 0 0 0 0 0 0 0 0 0 0 0 0 0 0 0 0 0 0 0 0 0 0 0 0 0 0 data 29 0x10004 0x0 0x0 0x25768492ad8 0x16e7 0x0 0x0 0x4000b 0xcbd4 0x0 0x0 0x0 0x0 0x0 0x1 0x2 0x0 0x0 0x0 0x0 0x0 0x0 0x9 0x1 0x0 0xc 0x2 0x0 0x25768492ad8 oops 2 3 java/lang/invoke/BoundMethodHandle$Species_L 28 java/lang/invoke/BoundMethodHandle$Species_L methods 0
ciMethodData java/util/Objects checkIndex (II)I 2 47113 orig 80 0 0 0 0 0 0 0 0 0 0 0 0 0 0 0 0 0 0 0 0 0 0 0 0 0 0 0 0 0 0 0 0 0 0 0 0 0 0 0 0 0 0 0 0 0 0 0 0 0 0 0 0 0 0 0 0 0 0 0 0 0 0 0 0 0 0 0 0 0 0 0 0 0 0 0 0 0 0 0 0 data 12 0x30002 0xb809 0x0 0x0 0x0 0x0 0x0 0x0 0x9 0x2 0x0 0x0 oops 0 methods 0
ciMethodData java/util/ArrayList get (I)Ljava/lang/Object; 2 34978 orig 80 0 0 0 0 0 0 0 0 0 0 0 0 0 0 0 0 0 0 0 0 0 0 0 0 0 0 0 0 0 0 0 0 0 0 0 0 0 0 0 0 0 0 0 0 0 0 0 0 0 0 0 0 0 0 0 0 0 0 0 0 0 0 0 0 0 0 0 0 0 0 0 0 0 0 0 0 0 0 0 0 data 19 0x50002 0x88a2 0xb0005 0x0 0x0 0x2576834db68 0x88a2 0x0 0x0 0x0 0x0 0x0 0x0 0x0 0x0 0x9 0x2 0x0 0x0 oops 1 5 java/util/ArrayList methods 0
ciMethodData java/util/ArrayList elementData (I)Ljava/lang/Object; 2 39710 orig 80 0 0 0 0 0 0 0 0 0 0 0 0 0 0 0 0 0 0 0 0 0 0 0 0 0 0 0 0 0 0 0 0 0 0 0 0 0 0 0 0 0 0 0 0 0 0 0 0 0 0 0 0 0 0 0 0 0 0 0 0 0 0 0 0 0 0 0 0 0 0 0 0 0 0 0 0 0 0 0 0 data 8 0x0 0x0 0x0 0x0 0x9 0x2 0x0 0x0 oops 0 methods 0
ciMethodData java/lang/String trim ()Ljava/lang/String; 2 13227 orig 80 0 0 0 0 0 0 0 0 0 0 0 0 0 0 0 0 0 0 0 0 0 0 0 0 0 0 0 0 0 0 0 0 0 0 0 0 0 0 0 0 0 0 0 0 0 0 0 0 0 0 0 0 0 0 0 0 0 0 0 0 0 0 0 0 0 0 0 0 0 0 0 0 0 0 0 0 0 0 0 0 data 34 0x10005 0x33ac 0x0 0x0 0x0 0x0 0x0 0x40007 0x0 0x48 0x33ac 0xb0002 0x33ac 0xe0003 0x33ac 0x28 0x150002 0x0 0x1a0007 0x8 0x38 0x33a4 0x1e0003 0x33a4 0x18 0x0 0x0 0x0 0x0 0x0 0x0 0x9 0x1 0x0 oops 0 methods 0
ciMethodData java/lang/StringLatin1 trim ([B)Ljava/lang/String; 2 11272 orig 80 1 0 0 0 0 0 0 0 0 0 0 0 0 0 0 0 0 0 0 0 0 0 0 0 0 0 0 0 0 0 0 0 0 0 0 0 0 0 0 1 0 0 0 0 0 0 0 0 0 0 0 0 0 0 0 0 0 0 0 0 0 0 0 0 0 0 0 0 0 0 0 0 0 0 0 0 0 0 0 0 data 44 0x70007 0x561 0x58 0x26a8 0x130007 0x26a8 0x38 0x0 0x190003 0x0 0xffffffffffffffc0 0x1e0007 0x561 0x58 0x28ff 0x80000006002c0007 0x26a9 0x38 0x257 0x320003 0x257 0xffffffffffffffc0 0x360007 0x0 0x40 0x2c0a 0x3c0007 0x2c02 0x48 0x8 0x440002 0x8 0x470003 0x8 0x18 0x0 0x0 0x0 0x0 0x0 0x0 0x9 0x1 0x0 oops 0 methods 0
ciMethodData java/util/ArrayList isEmpty ()Z 2 6628 orig 80 0 0 0 0 0 0 0 0 0 0 0 0 0 0 0 0 0 0 0 0 0 0 0 0 0 0 0 0 0 0 0 0 0 0 0 0 0 0 0 0 0 0 0 0 0 0 0 0 0 0 0 0 0 0 0 0 0 0 0 0 0 0 0 0 0 0 0 0 0 0 0 0 0 0 0 0 0 0 0 0 data 13 0x40007 0x18d3 0x38 0x112 0x80003 0x112 0x18 0x0 0x0 0x0 0x9 0x1 0x0 oops 0 methods 0
ciMethodData java/util/AbstractCollection isEmpty ()Z 2 7782 orig 80 0 0 0 0 0 0 0 0 0 0 0 0 0 0 0 0 0 0 0 0 0 0 0 0 0 0 0 0 0 0 0 0 0 0 0 0 0 0 0 0 0 0 0 0 0 0 0 0 0 0 0 0 0 0 0 0 0 0 0 0 0 0 0 0 0 0 0 0 0 0 0 0 0 0 0 0 0 0 0 0 data 23 0x10005 0x1a15 0x0 0x2577e9292c0 0x205 0x2577e929370 0x24d 0x40007 0xd31 0x38 0x1136 0x80003 0x1136 0x18 0x0 0x0 0x0 0x0 0x0 0x0 0x9 0x1 0x0 oops 2 3 javafx/css/Rule$Observables$1 5 java/util/Arrays$ArrayList methods 0
ciMethod  @bci java/lang/ClassLoader definePackage (Ljava/lang/String;Ljava/lang/Module;)Ljava/lang/Package; 73 <appendix> member <vmtarget> ; <init> (Ljava/lang/ClassLoader;Ljava/lang/Module;)V 16 0 11 0 0
ciMethodData java/lang/ref/Reference <init> (Ljava/lang/Object;)V 2 25555 orig 80 0 0 0 0 0 0 0 0 0 0 0 0 0 0 0 0 0 0 0 0 0 0 0 0 0 0 0 0 0 0 0 0 0 0 0 0 0 0 0 0 0 0 0 0 0 0 0 0 0 0 0 0 0 0 0 0 0 0 0 0 0 0 0 0 0 0 0 0 0 0 0 0 0 0 0 0 0 0 0 0 data 8 0x30002 0x63d3 0x0 0x0 0x9 0x2 0x6 0x0 oops 0 methods 0
ciMethodData java/util/WeakHashMap get (Ljava/lang/Object;)Ljava/lang/Object; 2 9325 orig 80 1 0 0 0 0 0 0 0 0 0 0 0 0 0 0 0 0 0 0 0 0 0 0 0 0 0 0 0 0 0 0 0 0 0 0 0 0 0 0 0 0 0 0 0 0 0 0 0 0 0 0 0 0 0 0 0 0 0 0 0 0 0 0 0 0 0 0 0 0 0 0 0 0 0 0 0 0 0 0 0 data 50 0x10002 0x246d 0x70005 0x246d 0x0 0x0 0x0 0x0 0x0 0xc0005 0x246d 0x0 0x0 0x0 0x0 0x0 0x150002 0x246d 0x230007 0x137b 0xb0 0x1106 0x2c0007 0x14 0x78 0x10f2 0x330005 0x10f2 0x0 0x0 0x0 0x0 0x0 0x360007 0x0 0x20 0x10f6 0x460003 0x14 0xffffffffffffff68 0x0 0x0 0x0 0x0 0x0 0x0 0x9 0x2 0xc 0x0 oops 0 methods 0
ciMethodData java/util/Collections emptyList ()Ljava/util/List; 2 5714 orig 80 0 0 0 0 0 0 0 0 0 0 0 0 0 0 0 0 0 0 0 0 0 0 0 0 0 0 0 0 0 0 0 0 0 0 0 0 0 0 0 0 0 0 0 0 0 0 0 0 0 0 0 0 0 0 0 0 0 0 0 0 0 0 0 0 0 0 0 0 0 0 0 0 0 0 0 0 0 0 0 0 data 4 0x0 0x0 0x9 0x0 oops 0 methods 0
ciMethodData java/util/ArrayList contains (Ljava/lang/Object;)Z 2 7597 orig 80 0 0 0 0 0 0 0 0 0 0 0 0 0 0 0 0 0 0 0 0 0 0 0 0 0 0 0 0 0 0 0 0 0 0 0 0 0 0 0 0 0 0 0 0 0 0 0 0 0 0 0 0 0 0 0 0 0 0 0 0 0 0 0 0 0 0 0 0 0 0 0 0 0 0 0 0 0 0 0 0 data 24 0x20005 0x0 0x0 0x2576834db68 0x1dad 0x0 0x0 0x50007 0x1d46 0x38 0x67 0x90003 0x67 0x18 0x0 0x0 0x0 0x0 0x0 0x0 0x9 0x2 0x0 0x0 oops 1 3 java/util/ArrayList methods 0
ciMethodData java/util/ArrayList indexOf (Ljava/lang/Object;)I 2 8275 orig 80 0 0 0 0 0 0 0 0 0 0 0 0 0 0 0 0 0 0 0 0 0 0 0 0 0 0 0 0 0 0 0 0 0 0 0 0 0 0 0 0 0 0 0 0 0 0 0 0 0 0 0 0 0 0 0 0 0 0 0 0 0 0 0 0 0 0 0 0 0 0 0 0 0 0 0 0 0 0 0 0 data 17 0x70005 0x0 0x0 0x2576834db68 0x2053 0x0 0x0 0x0 0x0 0x0 0x0 0x0 0x0 0x9 0x2 0x0 0x0 oops 1 3 java/util/ArrayList methods 0
ciMethodData java/util/ArrayList indexOfRange (Ljava/lang/Object;II)I 2 6187 orig 80 0 0 0 0 0 0 0 0 0 0 0 0 0 0 0 0 0 0 0 0 0 0 0 0 0 0 0 0 0 0 0 0 0 0 0 0 0 0 0 0 0 0 0 0 0 0 0 0 0 0 0 0 0 0 0 0 0 0 0 0 0 0 0 0 0 0 0 0 0 0 0 0 0 0 0 0 0 0 0 0 data 48 0x70007 0x1826 0x90 0x5 0x100007 0x5 0x58 0xb 0x180007 0xb 0x20 0x0 0x210003 0xb 0xffffffffffffffc0 0x240003 0x5 0xa8 0x2d0007 0x159f 0x90 0x2fd6 0x360005 0x2fbf 0x0 0x2577e5a55d8 0x11 0x2577e5a5688 0x6 0x390007 0x2d4f 0x20 0x287 0x420003 0x2d4f 0xffffffffffffff88 0x0 0x0 0x0 0x0 0x0 0x0 0x9 0x4 0x0 0x0 0x0 0x0 oops 2 25 com/sun/javafx/tk/quantum/ViewScene 27 sun/util/locale/provider/LocaleProviderAdapter$Type methods 0
ciMethodData java/lang/invoke/DirectMethodHandle$Holder newInvokeSpecial (Ljava/lang/Object;Ljava/lang/Object;Ljava/lang/Object;)Ljava/lang/Object; 2 2140 orig 80 0 0 0 0 0 0 0 0 0 0 0 0 0 0 0 0 0 0 0 0 0 0 0 0 0 0 0 0 0 0 0 0 0 0 0 0 0 0 0 0 0 0 0 0 0 0 0 0 0 0 0 0 0 0 0 0 0 0 0 0 0 0 0 0 0 0 0 0 0 0 0 0 0 0 0 0 0 0 0 0 data 43 0x1000a 0x85c 0x3 0x0 0x2577ef42ed8 0x2 0x6000a 0x85c 0x3 0x0 0x2577ef42ed8 0x2576834c7e8 0x100004 0x0 0x0 0x0 0x0 0x0 0x0 0x13000a 0x85c 0x4 0x0 0x2 0x1 0x2 0x0 0x0 0x0 0x0 0x0 0x0 0x9 0x3 0x0 0x0 0x0 0xc 0x4 0x0 0x2577ef42ed8 0x1 0x2 oops 4 4 java/lang/invoke/DirectMethodHandle$Constructor 10 java/lang/invoke/DirectMethodHandle$Constructor 11 java/lang/invoke/MemberName 40 java/lang/invoke/DirectMethodHandle$Constructor methods 0
ciMethodData java/lang/ref/WeakReference <init> (Ljava/lang/Object;)V 2 23993 orig 80 0 0 0 0 0 0 0 0 0 0 0 0 0 0 0 0 0 0 0 0 0 0 0 0 0 0 0 0 0 0 0 0 0 0 0 0 0 0 0 0 0 0 0 0 0 0 0 0 0 0 0 0 0 0 0 0 0 0 0 0 0 0 0 0 0 0 0 0 0 0 0 0 0 0 0 0 0 0 0 0 data 8 0x20002 0x5db9 0x0 0x0 0x9 0x2 0x6 0x0 oops 0 methods 0
ciMethodData java/lang/invoke/Invokers$Holder linkToTargetMethod (Ljava/lang/Object;Ljava/lang/Object;Ljava/lang/Object;)Ljava/lang/Object; 2 4461 orig 80 0 0 0 0 0 0 0 0 0 0 0 0 0 0 0 0 0 0 0 0 0 0 0 0 0 0 0 0 0 0 0 0 0 0 0 0 0 0 0 0 0 0 0 0 0 0 0 0 0 0 0 0 0 0 0 0 0 0 0 0 0 0 0 0 0 0 0 0 0 0 0 0 0 0 0 0 0 0 0 0 data 37 0x10004 0x0 0x0 0x2577ef42ed8 0x54a 0x2577ef43998 0x25 0x6000b 0x116d 0x0 0x0 0x0 0x0 0x0 0x5 0x1 0x2 0x2 0x2 0x2 0x0 0x0 0x0 0x0 0x0 0x0 0x9 0x3 0x0 0x0 0x0 0xc 0x4 0x0 0x2 0x1 0x2 oops 2 3 java/lang/invoke/DirectMethodHandle$Constructor 5 java/lang/invoke/BoundMethodHandle$Species_LLLLL methods 0
ciMethodData jdk/internal/misc/Unsafe getAndBitwiseAndInt (Ljava/lang/Object;JI)I 2 4864 orig 80 0 0 0 0 0 0 0 0 0 0 0 0 0 0 0 0 0 0 0 0 0 0 0 0 0 0 0 0 0 0 0 0 0 0 0 0 0 0 0 0 0 0 0 0 0 0 0 0 0 0 0 0 0 0 0 0 0 0 0 0 0 0 0 0 0 0 0 0 0 0 0 0 0 0 0 0 0 0 0 0 data 34 0x3000b 0x0 0x0 0x0 0x0 0x0 0x0 0x2 0x1 0x0 0x120005 0x1300 0x0 0x0 0x0 0x0 0x0 0x150007 0x0 0xffffffffffffff78 0x1300 0x0 0x0 0x0 0x0 0x0 0x0 0x9 0x5 0x0 0x0 0x0 0x0 0x0 oops 0 methods 0
ciMethodData java/lang/ClassLoader definePackage (Ljava/lang/String;Ljava/lang/Module;)Ljava/lang/Package; 2 4643 orig 80 0 0 0 0 0 0 0 0 0 0 0 0 0 0 0 0 0 0 0 0 0 0 0 0 0 0 0 0 0 0 0 0 0 0 0 0 0 0 0 0 0 0 0 0 0 0 0 0 0 0 0 0 0 0 0 0 0 0 0 0 0 0 0 0 0 0 0 0 0 0 0 0 0 0 0 0 0 0 0 0 data 112 0x10005 0x1223 0x0 0x0 0x0 0x0 0x0 0x40007 0x1223 0x140 0x0 0x80005 0x0 0x0 0x0 0x0 0x0 0x0 0xb0007 0x0 0xe8 0x0 0x160002 0x0 0x1c0005 0x0 0x0 0x0 0x0 0x0 0x0 0x200005 0x0 0x0 0x0 0x0 0x0 0x0 0x230005 0x0 0x0 0x0 0x0 0x0 0x0 0x260002 0x0 0x2f0005 0x0 0x0 0x2576834da28 0x1223 0x0 0x0 0x320004 0x0 0x0 0x2577e7cc4d0 0x1220 0x2577e970dc8 0x3 0x370004 0xfffffffffffffffd 0x0 0x2577e7cc4d0 0x1220 0x0 0x0 0x3a0007 0x3 0x58 0x1220 0x3e0004 0x0 0x0 0x2577e7cc4d0 0x1220 0x0 0x0 0x49000a 0x3 0x5 0x0 0x2576834d878 0x1 0x2576834ba08 0x2576e356d70 0x4e0005 0x0 0x0 0x2576834da28 0x3 0x0 0x0 0x510004 0x0 0x0 0x2577e7cc4d0 0x3 0x0 0x0 0x0 0x0 0x0 0x0 0x0 0x0 0x9 0x3 0x0 0x0 0x0 oops 10 50 java/util/concurrent/ConcurrentHashMap 57 java/lang/Package 59 java/lang/NamedPackage 64 java/lang/Package 75 java/lang/Package 83 jdk/internal/loader/ClassLoaders$AppClassLoader 85 java/lang/Module 86  @bci java/lang/ClassLoader definePackage (Ljava/lang/String;Ljava/lang/Module;)Ljava/lang/Package; 73 <appendix> member <vmtarget> ; 90 java/util/concurrent/ConcurrentHashMap 97 java/lang/Package methods 0
ciMethodData  @bci java/lang/ClassLoader definePackage (Ljava/lang/String;Ljava/lang/Module;)Ljava/lang/Package; 73 <appendix> member <vmtarget> ; <init> (Ljava/lang/ClassLoader;Ljava/lang/Module;)V 1 3 orig 80 0 0 0 0 0 0 0 0 0 0 0 0 0 0 0 0 0 0 0 0 0 0 0 0 0 0 0 0 0 0 0 0 0 0 0 0 0 0 0 0 0 0 0 0 0 0 0 0 0 0 0 0 0 0 0 0 0 0 0 0 0 0 0 0 0 0 0 0 0 0 0 0 0 0 0 0 0 0 0 0 data 11 0x10002 0x3 0x0 0x0 0x0 0x0 0x9 0x3 0x6 0x0 0x0 oops 0 methods 0
ciMethodData java/util/concurrent/ConcurrentHashMap compute (Ljava/lang/Object;Ljava/util/function/BiFunction;)Ljava/lang/Object; 1 4 orig 80 0 0 0 0 0 0 0 0 0 0 0 0 0 0 0 0 0 0 0 0 0 0 0 0 0 0 0 0 0 0 0 0 0 0 0 0 0 0 0 0 0 0 0 0 0 0 0 0 0 0 0 0 0 0 0 0 0 0 0 0 0 0 0 0 0 0 0 0 0 0 0 0 0 0 0 0 0 0 0 0 data 343 0x10007 0x0 0x40 0x4 0x50007 0x4 0x30 0x0 0xc0002 0x0 0x110005 0x0 0x0 0x2576834a198 0x4 0x0 0x0 0x140002 0x4 0x290007 0x0 0x40 0x4 0x320007 0x4 0x70 0x0 0x360005 0x0 0x0 0x0 0x0 0x0 0x0 0x3b0003 0x0 0x8b0 0x490002 0x4 0x4f0007 0x3 0x168 0x1 0x560002 0x1 0x680002 0x1 0x6b0007 0x0 0xc0 0x1 0x770005 0x0 0x0 0x25768444810 0x1 0x0 0x0 0x7f0007 0x0 0x30 0x1 0x8d0002 0x1 0x980002 0x1 0x9b0003 0x1 0x28 0xa60002 0x0 0xaf0003 0x1 0x18 0xbc0007 0x0 0x38 0x1 0xbf0003 0x1 0x768 0xc20003 0x0 0x738 0xce0007 0x3 0x70 0x0 0xd60005 0x0 0x0 0x0 0x0 0x0 0x0 0xdb0003 0x0 0x6c8 0xe80002 0x3 0xed0007 0x0 0x5f8 0x3 0xf20007 0x0 0x2a8 0x3 0x1050007 0x1 0x188 0x3 0x1110007 0x3 0x98 0x0 0x1160007 0x0 0x148 0x0 0x11c0005 0x0 0x0 0x0 0x0 0x0 0x0 0x11f0007 0x0 0xf0 0x0 0x1290005 0x0 0x0 0x2576e356d70 0x3 0x0 0x0 0x1320007 0x0 0x38 0x3 0x13c0003 0x3 0x160 0x14b0007 0x0 0x38 0x0 0x1550003 0x0 0x28 0x15e0002 0x0 0x1610003 0x0 0x100 0x1700007 0x1 0xd0 0x0 0x1760005 0x0 0x0 0x0 0x0 0x0 0x0 0x17f0007 0x0 0x90 0x0 0x1870007 0x0 0x30 0x0 0x1900002 0x0 0x1a10002 0x0 0x1a70003 0x0 0x30 0x1ad0003 0x1 0xfffffffffffffda8 0x1b00003 0x3 0x348 0x1b50004 0x0 0x0 0x0 0x0 0x0 0x0 0x1b80007 0x0 0x290 0x0 0x1c00004 0x0 0x0 0x0 0x0 0x0 0x0 0x1cd0007 0x0 0x70 0x0 0x1d50005 0x0 0x0 0x0 0x0 0x0 0x0 0x1da0003 0x0 0x18 0x1e20007 0x0 0x38 0x0 0x1e60003 0x0 0x18 0x1f40005 0x0 0x0 0x0 0x0 0x0 0x0 0x1fd0007 0x0 0xa8 0x0 0x2020007 0x0 0x38 0x0 0x20c0003 0x0 0x100 0x2180005 0x0 0x0 0x0 0x0 0x0 0x0 0x21c0003 0x0 0xb0 0x2210007 0x0 0x98 0x0 0x22b0005 0x0 0x0 0x0 0x0 0x0 0x0 0x22e0007 0x0 0x40 0x0 0x23a0002 0x0 0x23d0002 0x0 0x2400003 0x0 0x80 0x2450004 0x0 0x0 0x0 0x0 0x0 0x0 0x2480007 0x0 0x30 0x0 0x2510002 0x0 0x2580003 0x3 0x18 0x2650007 0x0 0x90 0x3 0x26c0007 0x3 0x88 0x0 0x2740005 0x0 0x0 0x0 0x0 0x0 0x0 0x2770003 0x0 0x30 0x27a0003 0x0 0xfffffffffffff6d8 0x27f0007 0x3 0x58 0x1 0x2880005 0x1 0x0 0x0 0x0 0x0 0x0 0x0 0x0 0x0 0x0 0x0 0x0 0x0 0x0 0x0 0x0 0x0 0x0 0x9 0x3 0x0 0x0 0x0 oops 3 13 java/lang/String 54 jdk/internal/loader/NativeLibraries$2 134  @bci java/lang/ClassLoader definePackage (Ljava/lang/String;Ljava/lang/Module;)Ljava/lang/Package; 73 <appendix> member <vmtarget> ; methods 0
ciMethod  @bci com/example/TableUtils$EnhancedTable <init> (Ljavafx/scene/control/TableView;Ljavafx/collections/ObservableList;)V 95 <appendix> form vmentry <vmtarget> ; invoke (Ljava/lang/Object;)Ljava/lang/Object; 768 0 52567 0 -1
ciMethodData  @bci com/example/TableUtils$EnhancedTable <init> (Ljavafx/scene/control/TableView;Ljavafx/collections/ObservableList;)V 95 <appendix> form vmentry <vmtarget> ; invoke (Ljava/lang/Object;)Ljava/lang/Object; 2 52187 orig 80 0 0 0 0 0 0 0 0 0 0 0 0 0 0 0 0 0 0 0 0 0 0 0 0 0 0 0 0 0 0 0 0 0 0 0 0 0 0 0 0 0 0 0 0 0 0 0 0 0 0 0 0 0 0 0 0 0 0 0 0 0 0 0 0 0 0 0 0 0 0 0 0 0 0 0 0 0 0 0 0 data 20 0x10004 0x0 0x0 0x25768492ad8 0x16e7 0x0 0x0 0x0 0x0 0x0 0x0 0x0 0x0 0x9 0x1 0x0 0xc 0x2 0x0 0x25768492ad8 oops 2 3 java/lang/invoke/BoundMethodHandle$Species_L 19 java/lang/invoke/BoundMethodHandle$Species_L methods 0
ciMethod javafx/beans/value/ObservableValue getValue ()Ljava/lang/Object; 0 0 1 0 -1
ciMethod javafx/beans/property/ObjectProperty get ()Ljava/lang/Object; 0 0 1 0 -1
ciMethod javafx/beans/property/ObjectPropertyBase get ()Ljava/lang/Object; 534 0 435832 0 144
ciMethod com/sun/javafx/collections/ObservableListWrapper get (I)Ljava/lang/Object; 1024 0 5650 0 256
ciMethod com/sun/javafx/collections/ObservableListWrapper size ()I 1024 0 12577 0 128
ciMethod javafx/scene/Node getId ()Ljava/lang/String; 708 0 3117 0 0
ciMethod javafx/scene/Node getStyleClass ()Ljavafx/collections/ObservableList; 286 0 143 0 0
ciMethod javafx/scene/Node getStyle ()Ljava/lang/String; 756 0 5422 0 0
ciMethod javafx/scene/Node getParent ()Ljavafx/scene/Parent; 528 0 271308 0 224
ciMethod javafx/scene/Node getScene ()Ljavafx/scene/Scene; 512 0 240678 0 224
ciMethod javafx/scene/Node getTypeSelector ()Ljava/lang/String; 776 0 3318 0 0
ciMethod javafx/stage/Window getScene ()Ljavafx/scene/Scene; 46 0 716 0 -1
ciMethod javafx/scene/layout/Region getUserAgentStylesheet ()Ljava/lang/String; 284 0 5408 0 0
ciMethod javafx/beans/property/StringProperty get ()Ljava/lang/Object; 0 0 1 0 -1
ciMethod javafx/beans/property/StringPropertyBase get ()Ljava/lang/String; 518 0 11518 0 176
ciMethod javafx/beans/property/StringPropertyBase get ()Ljava/lang/Object; 520 0 8710 0 176
ciMethod com/sun/javafx/scene/NodeHelper$NodeAccessor getHelper (Ljavafx/scene/Node;)Lcom/sun/javafx/scene/NodeHelper; 0 0 1 0 -1
ciMethod javafx/scene/SubScene getRoot ()Ljavafx/scene/Parent; 0 0 1 0 -1
ciMethod javafx/scene/SubScene getUserAgentStylesheet ()Ljava/lang/String; 0 0 1 0 -1
ciMethod javafx/scene/Node$1 getHelper (Ljavafx/scene/Node;)Lcom/sun/javafx/scene/NodeHelper; 768 0 5544 0 0
ciMethod com/sun/javafx/scene/NodeHelper getHelper (Ljavafx/scene/Node;)Lcom/sun/javafx/scene/NodeHelper; 768 0 5544 0 184
ciMethod com/sun/javafx/css/BitSet <init> ()V 1024 0 51451 0 0
ciMethod com/sun/javafx/css/BitSet add (Ljava/lang/Object;)Z 1024 0 5746 0 1424
ciMethod com/sun/javafx/css/BitSet clear ()V 204 39260 654 0 1072
ciMethod com/sun/javafx/css/BitSet getT (I)Ljava/lang/Object; 0 0 1 0 -1
ciMethod com/sun/javafx/css/BitSet getIndex (Ljava/lang/Object;)I 0 0 1 0 -1
ciMethod com/sun/javafx/css/BitSet notifyObservers (Ljava/lang/Object;Z)V 0 0 801 0 -1
ciMethod com/sun/javafx/scene/ParentHelper getAllParentStylesheets (Ljavafx/scene/Parent;)Ljava/util/List; 518 0 8600 0 264
ciMethod com/sun/javafx/scene/ParentHelper getAllParentStylesheetsImpl (Ljavafx/scene/Parent;)Ljava/util/List; 520 0 6701 0 -1
ciMethod javafx/scene/Scene getRoot ()Ljavafx/scene/Parent; 742 0 25838 0 288
ciMethod javafx/scene/Scene getStylesheets ()Ljavafx/collections/ObservableList; 260 0 130 0 0
ciMethod javafx/scene/Scene getUserAgentStylesheet ()Ljava/lang/String; 706 0 2713 0 0
ciMethod com/sun/javafx/css/StyleManager loadStylesheet (Ljava/lang/String;)Ljavafx/css/Stylesheet; 6 0 3 0 -1
ciMethod com/sun/javafx/css/StyleManager getCacheContainer (Ljavafx/css/Styleable;Ljavafx/scene/SubScene;)Lcom/sun/javafx/css/StyleManager$CacheContainer; 522 0 5646 0 1736
ciMethod com/sun/javafx/css/StyleManager removeStylesheetContainer (Lcom/sun/javafx/css/StyleManager$StylesheetContainer;)V 0 0 1 0 -1
ciMethod com/sun/javafx/css/StyleManager calculateCheckSum (Ljava/lang/String;)[B 8 40 4 0 -1
ciMethod com/sun/javafx/css/StyleManager processStylesheets (Ljava/util/List;Ljavafx/scene/Parent;)Ljava/util/List; 512 512 2199 0 0
ciMethod com/sun/javafx/css/StyleManager gatherParentStylesheets (Ljavafx/scene/Parent;)Ljava/util/List; 698 0 2708 0 0
ciMethod com/sun/javafx/css/StyleManager gatherSceneStylesheets (Ljavafx/scene/Scene;)Ljava/util/List; 698 0 2708 0 0
ciMethod com/sun/javafx/css/StyleManager findMatchingStyles (Ljavafx/scene/Node;Ljavafx/scene/SubScene;[Ljava/util/Set;)Lcom/sun/javafx/css/StyleMap; 528 4370 2707 0 -1
ciMethod javafx/css/Stylesheet setOrigin (Ljavafx/css/StyleOrigin;)V 156 0 78 0 -1
ciMethod javafx/css/Selector applies (Ljavafx/css/Styleable;[Ljava/util/Set;I)Z 0 0 1 0 -1
ciMethod com/sun/javafx/css/StyleClassSet <init> ()V 1024 0 11535 0 0
ciMethod com/sun/javafx/css/StyleClassSet getStyleClass (Ljava/lang/String;)Ljavafx/css/StyleClass; 1024 0 6333 0 2264
ciMethod com/sun/javafx/css/StyleClassSet clear ()V 524 0 2429 0 0
ciMethod com/sun/javafx/css/StyleClassSet add (Ljava/lang/Object;)Z 1024 0 14565 0 1152
ciMethod javafx/css/StyleClass <init> (Ljava/lang/String;I)V 440 0 401 0 -1
ciMethod com/sun/javafx/collections/SetListenerHelper hasListeners (Lcom/sun/javafx/collections/SetListenerHelper;)Z 1024 0 12506 0 -1
ciMethodData com/sun/javafx/css/BitSet <init> ()V 2 50939 orig 80 0 0 0 0 0 0 0 0 0 0 0 0 0 0 0 0 0 0 0 0 0 0 0 0 0 0 0 0 0 0 0 0 0 0 0 0 0 0 0 0 0 0 0 0 0 0 0 0 0 0 0 0 0 0 0 0 0 0 0 0 0 0 0 0 0 0 0 0 0 0 0 0 0 0 0 0 0 0 0 0 data 9 0x10002 0xc6fc 0x0 0x0 0x0 0x0 0x9 0x1 0x0 oops 0 methods 0
ciMethodData com/sun/javafx/css/BitSet add (Ljava/lang/Object;)Z 2 5234 orig 80 0 0 0 0 0 0 0 0 0 0 0 0 0 0 0 0 0 0 0 0 0 0 0 0 0 0 0 0 0 0 0 0 0 0 0 0 0 0 0 0 0 0 0 0 0 0 0 0 0 0 0 0 0 0 0 0 0 0 0 0 0 0 0 0 0 0 0 0 0 0 0 0 0 0 0 0 0 0 0 0 data 60 0x10007 0x1473 0x20 0x0 0x80005 0x0 0x0 0x257684475c8 0x243 0x2577e880f00 0x1230 0x120005 0x0 0x0 0x257684475c8 0x243 0x2577e880f00 0x1230 0x200007 0x297 0x30 0x11dc 0x370002 0x11dc 0x5b0007 0x1b6 0x38 0x12bd 0x5f0003 0x12bd 0x18 0x670007 0x1b6 0x88 0x12bd 0x6e0002 0x12bd 0x710007 0x12bd 0x58 0x0 0x770005 0x0 0x0 0x0 0x0 0x0 0x0 0x0 0x0 0x0 0x0 0x0 0x0 0x0 0x0 0x9 0x2 0xffffffffffffffff 0xffffffffffffffff oops 4 7 com/sun/javafx/css/PseudoClassState 9 com/sun/javafx/css/StyleClassSet 14 com/sun/javafx/css/PseudoClassState 16 com/sun/javafx/css/StyleClassSet methods 0
ciMethodData com/sun/javafx/css/StyleClassSet getStyleClass (Ljava/lang/String;)Ljavafx/css/StyleClass; 2 5821 orig 80 0 0 0 0 0 0 0 0 0 0 0 0 0 0 0 0 0 0 0 0 0 0 0 0 0 0 0 0 0 0 0 0 0 0 0 0 0 0 0 0 0 0 0 0 0 0 0 0 0 0 0 0 0 0 0 0 0 0 0 0 0 0 0 0 0 0 0 0 0 0 0 0 0 0 0 0 0 0 0 0 data 122 0x10007 0x0 0xb0 0x16be 0x50005 0x16be 0x0 0x0 0x0 0x0 0x0 0x80005 0x16be 0x0 0x0 0x0 0x0 0x0 0xb0007 0x16be 0x30 0x0 0x140002 0x0 0x1e0005 0x0 0x0 0x2577edbf700 0x16be 0x0 0x0 0x230104 0x0 0x0 0x2576834e538 0x1587 0x0 0x0 0x280007 0x137 0x70 0x1587 0x2c0005 0x1587 0x0 0x0 0x0 0x0 0x0 0x2f0003 0x1587 0x18 0x370005 0x0 0x0 0x2576834db68 0x16be 0x0 0x0 0x410007 0x16be 0x50 0x0 0x470007 0x0 0x30 0x0 0x4e0002 0x0 0x540007 0x137 0xb0 0x1587 0x5a0007 0x0 0x90 0x1587 0x610005 0x0 0x0 0x2576834db68 0x1587 0x0 0x0 0x660004 0x0 0x0 0x25786831418 0x1587 0x0 0x0 0x6b0007 0x1587 0xb0 0x137 0x750002 0x137 0x7d0005 0x0 0x0 0x2576834db68 0x137 0x0 0x0 0x890002 0x137 0x8c0005 0x0 0x0 0x2577edbf700 0x137 0x0 0x0 0x0 0x0 0x0 0x0 0x0 0x0 0x9 0x1 0x0 oops 7 27 java/util/HashMap 34 java/lang/Integer 55 java/util/ArrayList 80 java/util/ArrayList 87 javafx/css/StyleClass 100 java/util/ArrayList 109 java/util/HashMap methods 0
ciMethodData com/sun/javafx/css/StyleClassSet add (Ljava/lang/Object;)Z 2 14427 orig 80 0 0 0 0 0 0 0 0 0 0 0 0 0 0 0 0 0 0 0 0 0 0 0 0 0 0 0 0 0 0 0 0 0 0 0 0 0 0 0 0 0 0 0 0 0 0 0 0 0 0 0 0 0 0 0 0 0 0 0 0 0 0 0 0 0 0 0 0 0 0 0 0 0 0 0 0 0 0 0 0 data 8 0x20002 0x385c 0x0 0x0 0x9 0x2 0x0 0x0 oops 0 methods 0
ciMethodData com/sun/javafx/css/StyleClassSet <init> ()V 2 11023 orig 80 0 0 0 0 0 0 0 0 0 0 0 0 0 0 0 0 0 0 0 0 0 0 0 0 0 0 0 0 0 0 0 0 0 0 0 0 0 0 0 0 0 0 0 0 0 0 0 0 0 0 0 0 0 0 0 0 0 0 0 0 0 0 0 0 0 0 0 0 0 0 0 0 0 0 0 0 0 0 0 0 data 7 0x10002 0x2b10 0x0 0x0 0x9 0x1 0x0 oops 0 methods 0
ciMethodData com/sun/javafx/collections/ObservableListWrapper size ()I 2 12065 orig 80 0 0 0 0 0 0 0 0 0 0 0 0 0 0 0 0 0 0 0 0 0 0 0 0 0 0 0 0 0 0 0 0 0 0 0 0 0 0 0 0 0 0 0 0 0 0 0 0 0 0 0 0 0 0 0 0 0 0 0 0 0 0 0 0 0 0 0 0 0 0 0 0 0 0 0 0 0 0 0 0 data 16 0x40005 0x0 0x0 0x2576834db68 0x2f22 0x0 0x0 0x0 0x0 0x0 0x0 0x0 0x0 0x9 0x1 0x0 oops 1 3 java/util/ArrayList methods 0
ciMethodData com/sun/javafx/collections/ObservableListWrapper get (I)Ljava/lang/Object; 2 5138 orig 80 0 0 0 0 0 0 0 0 0 0 0 0 0 0 0 0 0 0 0 0 0 0 0 0 0 0 0 0 0 0 0 0 0 0 0 0 0 0 0 0 0 0 0 0 0 0 0 0 0 0 0 0 0 0 0 0 0 0 0 0 0 0 0 0 0 0 0 0 0 0 0 0 0 0 0 0 0 0 0 0 data 17 0x50005 0x0 0x0 0x2576834db68 0x1413 0x0 0x0 0x0 0x0 0x0 0x0 0x0 0x0 0x9 0x2 0x0 0x0 oops 1 3 java/util/ArrayList methods 0
ciMethod com/sun/javafx/css/StyleManager$StylesheetContainer <init> (Ljava/lang/String;Ljavafx/css/Stylesheet;)V 6 0 3 0 -1
ciMethod com/sun/javafx/css/StyleManager$StylesheetContainer <init> (Ljava/lang/String;Ljavafx/css/Stylesheet;[B)V 6 4692 3 0 -1
ciMethod com/sun/javafx/css/StyleManager$StylesheetContainer equals (Ljava/lang/Object;)Z 0 0 1 0 0
ciMethod com/sun/javafx/css/SelectorPartitioning match (Ljava/lang/String;Ljava/lang/String;Ljava/util/Set;)Ljava/util/List; 210 39174 374 0 13384
ciMethod com/sun/javafx/css/SelectorPartitioning$PartitionKey <init> (Ljava/lang/Object;)V 1024 0 3339 0 -1
ciMethod com/sun/javafx/css/SelectorPartitioning$PartitionKey equals (Ljava/lang/Object;)Z 1002 0 3450 0 -1
ciMethod com/sun/javafx/css/StyleManager$RefList add (Ljava/lang/Object;)V 520 0 2199 0 0
ciMethod com/sun/javafx/css/StyleManager$CacheContainer <init> ()V 6 0 6 0 0
ciMethod com/sun/javafx/css/StyleManager$CacheContainer getCacheMap (Ljava/util/List;Ljava/lang/String;)Ljava/util/Map; 714 0 2709 0 0
ciMethod com/sun/javafx/css/StyleManager$CacheContainer nextSmapId ()I 108 0 189 0 -1
ciMethod com/sun/javafx/css/StyleManager$CacheContainer addStyleMap (Lcom/sun/javafx/css/StyleMap;)V 108 0 189 0 -1
ciMethod com/sun/javafx/css/StyleManager$CacheContainer getStyleMap (I)Lcom/sun/javafx/css/StyleMap; 788 0 7081 0 -1
ciMethod com/sun/javafx/css/StyleManager$CacheContainer getInlineStyleSelector (Ljava/lang/String;)Ljavafx/css/Selector; 18 0 87 0 -1
ciMethod  @bci com/sun/javafx/css/StyleManager findMatchingStyles (Ljavafx/scene/Node;Ljavafx/scene/SubScene;[Ljava/util/Set;)Lcom/sun/javafx/css/StyleMap; 251 <appendix> argL0 ; apply (Ljava/lang/Object;)Ljava/lang/Object; 858 0 5703 0 144
ciMethod com/sun/javafx/css/StyleManager$Key <init> ()V 192 0 289 0 0
ciMethod com/sun/javafx/css/StyleManager$Cache <init> (Ljava/util/List;)V 190 0 427 0 0
ciMethod com/sun/javafx/css/StyleManager$Cache getStyleMap (Lcom/sun/javafx/css/StyleManager$CacheContainer;Ljavafx/scene/Node;[Ljava/util/Set;Z)Lcom/sun/javafx/css/StyleMap; 398 10338 2289 0 -1
ciMethod com/sun/javafx/css/StyleMap <init> (ILjava/util/List;)V 110 0 190 0 -1
ciMethodData javafx/beans/property/ObjectPropertyBase get ()Ljava/lang/Object; 2 435575 orig 80 0 0 0 0 0 0 0 0 0 0 0 0 0 0 0 0 0 0 0 0 0 0 0 0 0 0 0 0 0 0 0 0 0 0 0 0 0 0 0 0 0 0 0 0 0 0 0 0 0 0 0 0 0 0 0 0 0 0 0 0 0 0 0 0 0 0 0 0 0 0 0 0 0 0 0 0 0 0 0 0 data 23 0x90007 0x2ba3 0x38 0x679ce 0x100003 0x679ce 0x50 0x170005 0x352 0x0 0x2576845d550 0xc6c 0x2576845d600 0x1be5 0x0 0x0 0x0 0x0 0x0 0x0 0x9 0x1 0x6 oops 2 10 javafx/scene/control/Labeled$14 12 javafx/scene/control/Labeled$6 methods 0
ciMethod com/sun/javafx/css/StyleManager$Cache$Key <init> ([JLjava/lang/String;)V 310 0 1789 0 -1
ciMethodData javafx/scene/Node getParent ()Ljavafx/scene/Parent; 2 272002 orig 80 0 0 0 0 0 0 0 0 0 0 0 0 0 0 0 0 0 0 0 0 0 0 0 0 0 0 0 0 0 0 0 0 0 0 0 0 0 0 0 0 0 0 0 0 0 0 0 0 0 0 0 0 0 0 0 0 0 0 0 0 0 0 0 0 0 0 0 0 0 0 0 0 0 0 0 0 0 0 0 0 data 30 0x40007 0x3cea9 0x38 0x57d9 0x80003 0x57d9 0x88 0xf0005 0x0 0x0 0x25768b19660 0x3cea9 0x0 0x0 0x120104 0x0 0x0 0x25786a0e2c8 0xc22f 0x25786a11848 0x3f8e 0x0 0x0 0x0 0x0 0x0 0x0 0x9 0x1 0x0 oops 3 10 javafx/scene/Node$2 17 javafx/scene/layout/VBox 19 javafx/scene/layout/StackPane methods 0
ciMethodData javafx/scene/Node getScene ()Ljavafx/scene/Scene; 2 240470 orig 80 0 0 0 0 0 0 0 0 0 0 0 0 0 0 0 0 0 0 0 0 0 0 0 0 0 0 0 0 0 0 0 0 0 0 0 0 0 0 0 0 0 0 0 0 0 0 0 0 0 0 0 0 0 0 0 0 0 0 0 0 0 0 0 0 0 0 0 0 0 0 0 0 0 0 0 0 0 0 0 0 data 23 0x40005 0x0 0x0 0x257869eeec8 0x3ab56 0x0 0x0 0x70104 0x0 0x0 0x2576e669558 0x35fa0 0x257869ef3b0 0x54c 0x0 0x0 0x0 0x0 0x0 0x0 0x9 0x1 0x0 oops 3 3 javafx/scene/Node$ReadOnlyObjectWrapperManualFire 10 javafx/scene/Scene 12 javafx/scene/Scene$2$1 methods 0
ciMethodData com/sun/javafx/scene/NodeHelper getHelper (Ljavafx/scene/Node;)Lcom/sun/javafx/scene/NodeHelper; 2 5160 orig 80 0 0 0 0 0 0 0 0 0 0 0 0 0 0 0 0 0 0 0 0 0 0 0 0 0 0 0 0 0 0 0 0 0 0 0 0 0 0 0 0 0 0 0 0 0 0 0 0 0 0 0 0 0 0 0 0 0 0 0 0 0 0 0 0 0 0 0 0 0 0 0 0 0 0 0 0 0 0 0 0 data 56 0x40005 0x0 0x0 0x25768859d40 0x1428 0x0 0x0 0xb0007 0x1428 0x140 0x0 0xf0004 0x0 0x0 0x0 0x0 0x0 0x0 0x120007 0x0 0x38 0x0 0x180003 0x0 0x88 0x1c0004 0x0 0x0 0x0 0x0 0x0 0x0 0x1f0007 0x0 0x38 0x0 0x250003 0x0 0x18 0x30000a 0x0 0x3 0x0 0x0 0x2576834a198 0x350002 0x0 0x0 0x0 0x0 0x0 0x0 0x0 0x9 0x1 0xffffffffffffffff oops 2 3 javafx/scene/Node$1 44 java/lang/String methods 0
ciMethodData javafx/scene/Node$1 getHelper (Ljavafx/scene/Node;)Lcom/sun/javafx/scene/NodeHelper; 2 5160 orig 80 0 0 0 0 0 0 0 0 0 0 0 0 0 0 0 0 0 0 0 0 0 0 0 0 0 0 0 0 0 0 0 0 0 0 0 0 0 0 0 0 0 0 0 0 0 0 0 0 0 0 0 0 0 0 0 0 0 0 0 0 0 0 0 0 0 0 0 0 0 0 0 0 0 0 0 0 0 0 0 0 data 6 0x0 0x0 0x9 0x2 0x0 0x0 oops 0 methods 0
ciMethodData com/sun/javafx/css/StyleManager getCacheContainer (Ljavafx/css/Styleable;Ljavafx/scene/SubScene;)Lcom/sun/javafx/css/StyleManager$CacheContainer; 2 5385 orig 80 0 0 0 0 0 0 0 0 0 0 0 0 0 0 0 0 0 0 0 0 0 0 0 0 0 0 0 0 0 0 0 0 0 0 0 0 0 0 0 0 0 0 0 0 0 0 0 0 0 0 0 0 0 0 0 0 0 0 0 0 0 0 0 0 0 0 0 0 0 0 0 0 0 0 0 0 0 0 0 0 data 139 0x10007 0x1509 0x40 0x0 0x50007 0x0 0x20 0x0 0xd0007 0x1509 0x70 0x0 0x110005 0x0 0x0 0x0 0x0 0x0 0x0 0x150003 0x0 0x270 0x190004 0x0 0x0 0x25786a0e218 0x4 0x25786a0e2c8 0x2c6 0x1c0007 0x0 0x100 0x1509 0x200004 0x0 0x0 0x25786a0e218 0x4 0x25786a0e2c8 0x2c6 0x270005 0x1509 0x0 0x0 0x0 0x0 0x0 0x2e0007 0x0 0x58 0x1509 0x330005 0x1509 0x0 0x0 0x0 0x0 0x0 0x370003 0x1509 0x138 0x3b0004 0x0 0x0 0x0 0x0 0x0 0x0 0x3e0007 0x0 0xe8 0x0 0x420004 0x0 0x0 0x0 0x0 0x0 0x0 0x450005 0x0 0x0 0x0 0x0 0x0 0x0 0x4c0007 0x0 0x58 0x0 0x510005 0x0 0x0 0x0 0x0 0x0 0x0 0x560007 0x1509 0x20 0x0 0x660005 0x0 0x0 0x2577edbf5a0 0x1509 0x0 0x0 0x6b0104 0x0 0x0 0x2576e669c88 0x1506 0x0 0x0 0x720007 0x1506 0x68 0x3 0x790002 0x3 0x840005 0x0 0x0 0x2577edbf5a0 0x3 0x0 0x0 0x0 0x0 0x0 0x0 0x0 0x0 0x9 0x3 0x0 0x0 0x0 oops 7 25 javafx/scene/control/PasswordField 27 javafx/scene/layout/VBox 36 javafx/scene/control/PasswordField 38 javafx/scene/layout/VBox 104 java/util/WeakHashMap 111 com/sun/javafx/css/StyleManager$CacheContainer 124 java/util/WeakHashMap methods 0
ciMethodData javafx/scene/Scene getRoot ()Ljavafx/scene/Parent; 2 25480 orig 80 0 0 0 0 0 0 0 0 0 0 0 0 0 0 0 0 0 0 0 0 0 0 0 0 0 0 0 0 0 0 0 0 0 0 0 0 0 0 0 0 0 0 0 0 0 0 0 0 0 0 0 0 0 0 0 0 0 0 0 0 0 0 0 0 0 0 0 0 0 0 0 0 0 0 0 0 0 0 0 0 data 30 0x40007 0x6388 0x38 0x0 0x80003 0x0 0x88 0xf0005 0x0 0x0 0x25786a11798 0x6388 0x0 0x0 0x120004 0x0 0x0 0x25786a11848 0x305 0x25786a118f8 0x1d9 0x0 0x0 0x0 0x0 0x0 0x0 0x9 0x1 0x0 oops 3 10 javafx/scene/Scene$8 17 javafx/scene/layout/StackPane 19 javafx/scene/layout/Pane methods 0
ciMethodData com/sun/javafx/css/StyleManager$CacheContainer <init> ()V 1 3 orig 80 0 0 0 0 0 0 0 0 0 0 0 0 0 0 0 0 0 0 0 0 0 0 0 0 0 0 0 0 0 0 0 0 0 0 0 0 0 0 0 0 0 0 0 0 0 0 0 0 0 0 0 0 0 0 0 0 0 0 0 0 0 0 0 0 0 0 0 0 0 0 0 0 0 0 0 0 0 0 0 0 data 9 0x10002 0x3 0x0 0x0 0x0 0x0 0x9 0x1 0x0 oops 0 methods 0
ciMethodData javafx/beans/property/StringPropertyBase get ()Ljava/lang/String; 2 11259 orig 80 0 0 0 0 0 0 0 0 0 0 0 0 0 0 0 0 0 0 0 0 0 0 0 0 0 0 0 0 0 0 0 0 0 0 0 0 0 0 0 0 0 0 0 0 0 0 0 0 0 0 0 0 0 0 0 0 0 0 0 0 0 0 0 0 0 0 0 0 0 0 0 0 0 0 0 0 0 0 0 0 data 30 0x90007 0x9d 0x38 0x2b5e 0x100003 0x2b5e 0x88 0x170005 0x1a 0x0 0x25785a895d8 0x66 0x25785a89688 0x1d 0x1c0004 0x0 0x0 0x2576834a198 0x9d 0x0 0x0 0x0 0x0 0x0 0x0 0x0 0x0 0x9 0x1 0x0 oops 3 10 javafx/scene/control/skin/TextFieldSkin$2 12 javafx/scene/control/TextInputControl$3 17 java/lang/String methods 0
ciMethodData javafx/beans/property/StringPropertyBase get ()Ljava/lang/Object; 2 8450 orig 80 0 0 0 0 0 0 0 0 0 0 0 0 0 0 0 0 0 0 0 0 0 0 0 0 0 0 0 0 0 0 0 0 0 0 0 0 0 0 0 0 0 0 0 0 0 0 0 0 0 0 0 0 0 0 0 0 0 0 0 0 0 0 0 0 0 0 0 0 0 0 0 0 0 0 0 0 0 0 0 0 data 16 0x10005 0x1dee 0x0 0x25785a88298 0x14 0x25785a88348 0x300 0x0 0x0 0x0 0x0 0x0 0x0 0x9 0x1 0x0 oops 2 3 javafx/scene/chart/PieChart$Data$1 5 javafx/scene/text/Text$3 methods 0
ciMethodData java/util/Map computeIfAbsent (Ljava/lang/Object;Ljava/util/function/Function;)Ljava/lang/Object; 2 7408 orig 80 0 0 0 0 0 0 0 0 0 0 0 0 0 0 0 0 0 0 0 0 0 0 0 0 0 0 0 0 0 0 0 0 0 0 0 0 0 0 0 0 0 0 0 0 0 0 0 0 0 0 0 0 0 0 0 0 0 0 0 0 0 0 0 0 0 0 0 0 0 0 0 0 0 0 0 0 0 0 0 0 data 42 0x10002 0x1cf0 0x70005 0x0 0x0 0x2577edbf5a0 0x1cf0 0x0 0x0 0xe0007 0x0 0xb0 0x1cf0 0x130005 0x0 0x0 0x2577edbf4f0 0x1cf0 0x0 0x0 0x1b0007 0x1cf0 0x58 0x0 0x220005 0x0 0x0 0x0 0x0 0x0 0x0 0x0 0x0 0x0 0x0 0x0 0x0 0x9 0x3 0x0 0x0 0x0 oops 2 5 java/util/WeakHashMap 16  @bci com/sun/javafx/css/StyleManager findMatchingStyles (Ljavafx/scene/Node;Ljavafx/scene/SubScene;[Ljava/util/Set;)Lcom/sun/javafx/css/StyleMap; 251 <appendix> argL0 ; methods 0
ciMethodData java/lang/Class getPackage ()Ljava/lang/Package; 2 3894 orig 80 0 0 0 0 0 0 0 0 0 0 0 0 0 0 0 0 0 0 0 0 0 0 0 0 0 0 0 0 0 0 0 0 0 0 0 0 0 0 0 0 0 0 0 0 0 0 0 0 0 0 0 0 0 0 0 0 0 0 0 0 0 0 0 0 0 0 0 0 0 0 0 0 0 0 0 0 0 0 0 0 data 47 0x10005 0xf36 0x0 0x0 0x0 0x0 0x0 0x40007 0x0 0x78 0xf36 0x80005 0xf36 0x0 0x0 0x0 0x0 0x0 0xb0007 0xf36 0x20 0x0 0x160007 0x0 0x70 0xf36 0x1b0005 0x0 0x0 0x2576834d878 0xf36 0x0 0x0 0x1e0003 0xf36 0x28 0x220002 0x0 0x0 0x0 0x0 0x0 0x0 0x0 0x9 0x1 0x0 oops 1 29 jdk/internal/loader/ClassLoaders$AppClassLoader methods 0
ciMethodData java/lang/ClassLoader definePackage (Ljava/lang/Class;)Ljava/lang/Package; 2 3896 orig 80 0 0 0 0 0 0 0 0 0 0 0 0 0 0 0 0 0 0 0 0 0 0 0 0 0 0 0 0 0 0 0 0 0 0 0 0 0 0 0 0 0 0 0 0 0 0 0 0 0 0 0 0 0 0 0 0 0 0 0 0 0 0 0 0 0 0 0 0 0 0 0 0 0 0 0 0 0 0 0 0 data 53 0x10005 0xf38 0x0 0x0 0x0 0x0 0x0 0x40007 0x0 0x78 0xf38 0x80005 0xf38 0x0 0x0 0x0 0x0 0x0 0xb0007 0xf38 0x20 0x0 0x120005 0xf38 0x0 0x0 0x0 0x0 0x0 0x160005 0xf38 0x0 0x0 0x0 0x0 0x0 0x190005 0x0 0x0 0x2576834d878 0xf38 0x0 0x0 0x0 0x0 0x0 0x0 0x0 0x0 0x9 0x2 0x0 0x0 oops 1 39 jdk/internal/loader/ClassLoaders$AppClassLoader methods 0
ciMethodData java/lang/Package getName ()Ljava/lang/String; 2 3941 orig 80 0 0 0 0 0 0 0 0 0 0 0 0 0 0 0 0 0 0 0 0 0 0 0 0 0 0 0 0 0 0 0 0 0 0 0 0 0 0 0 0 0 0 0 0 0 0 0 0 0 0 0 0 0 0 0 0 0 0 0 0 0 0 0 0 0 0 0 0 0 0 0 0 0 0 0 0 0 0 0 0 data 16 0x10005 0x0 0x0 0x2577e7cc4d0 0xf65 0x0 0x0 0x0 0x0 0x0 0x0 0x0 0x0 0x9 0x1 0x0 oops 1 3 java/lang/Package methods 0
ciMethodData com/sun/javafx/scene/ParentHelper getAllParentStylesheets (Ljavafx/scene/Parent;)Ljava/util/List; 2 8341 orig 80 0 0 0 0 0 0 0 0 0 0 0 0 0 0 0 0 0 0 0 0 0 0 0 0 0 0 0 0 0 0 0 0 0 0 0 0 0 0 0 0 0 0 0 0 0 0 0 0 0 0 0 0 0 0 0 0 0 0 0 0 0 0 0 0 0 0 0 0 0 0 0 0 0 0 0 0 0 0 0 0 data 25 0x10002 0x2095 0x40004 0x0 0x0 0x25768b1e6e8 0x946 0x25768b1e798 0x1520 0x80005 0x22f 0x0 0x25768b1e6e8 0x946 0x25768b1e798 0x1520 0x0 0x0 0x0 0x0 0x0 0x0 0x9 0x1 0x0 oops 4 5 com/sun/javafx/scene/control/ControlHelper 7 com/sun/javafx/scene/layout/PaneHelper 12 com/sun/javafx/scene/control/ControlHelper 14 com/sun/javafx/scene/layout/PaneHelper methods 0
ciMethodData  @bci com/sun/javafx/css/StyleManager findMatchingStyles (Ljavafx/scene/Node;Ljavafx/scene/SubScene;[Ljava/util/Set;)Lcom/sun/javafx/css/StyleMap; 251 <appendix> argL0 ; apply (Ljava/lang/Object;)Ljava/lang/Object; 2 5274 orig 80 0 0 0 0 0 0 0 0 0 0 0 0 0 0 0 0 0 0 0 0 0 0 0 0 0 0 0 0 0 0 0 0 0 0 0 0 0 0 0 0 0 0 0 0 0 0 0 0 0 0 0 0 0 0 0 0 0 0 0 0 0 0 0 0 0 0 0 0 0 0 0 0 0 0 0 0 0 0 0 0 data 24 0x10004 0x0 0x0 0x2577edbf180 0x46 0x25786a0e2c8 0x5ed 0x40005 0xe67 0x0 0x2577edbf180 0x46 0x25786a0e2c8 0x5ed 0x0 0x0 0x0 0x0 0x0 0x0 0x9 0x2 0x0 0x0 oops 4 3 javafx/scene/layout/Region 5 javafx/scene/layout/VBox 10 javafx/scene/layout/Region 12 javafx/scene/layout/VBox methods 0
ciMethodData javafx/scene/layout/Region getUserAgentStylesheet ()Ljava/lang/String; 2 5266 orig 80 0 0 0 0 0 0 0 0 0 0 0 0 0 0 0 0 0 0 0 0 0 0 0 0 0 0 0 0 0 0 0 0 0 0 0 0 0 0 0 0 0 0 0 0 0 0 0 0 0 0 0 0 0 0 0 0 0 0 0 0 0 0 0 0 0 0 0 0 0 0 0 0 0 0 0 0 0 0 0 0 data 4 0x0 0x9 0x1 0x0 oops 0 methods 0
ciMethodData com/sun/javafx/css/SelectorPartitioning match (Ljava/lang/String;Ljava/lang/String;Ljava/util/Set;)Ljava/util/List; 2 269 orig 80 0 0 0 0 0 0 0 0 0 0 0 0 0 0 0 0 0 0 0 0 0 0 0 0 0 0 0 0 0 0 0 0 0 0 0 0 0 0 0 0 0 0 0 0 0 0 0 0 0 0 0 0 0 0 0 0 0 0 0 0 0 0 0 0 0 0 0 0 0 0 0 0 0 0 0 0 0 0 0 0 data 479 0x10007 0x105 0x90 0x8 0x50005 0x8 0x0 0x0 0x0 0x0 0x0 0x80007 0x0 0x38 0x8 0xc0003 0x8 0x18 0x140007 0x105 0x48 0x8 0x1c0002 0x8 0x1f0003 0x8 0x18 0x260007 0x0 0x90 0x10d 0x2a0005 0x10d 0x0 0x0 0x0 0x0 0x0 0x2d0007 0x0 0x38 0x10d 0x310003 0x10d 0x18 0x390007 0x0 0x48 0x10d 0x410002 0x10d 0x440003 0x10d 0x18 0x4b0007 0x0 0x90 0x10d 0x4f0005 0x0 0x0 0x2577e880f00 0x10d 0x0 0x0 0x540007 0x41 0x38 0xcc 0x580003 0xcc 0x18 0x600007 0x41 0x48 0xcc 0x680002 0xcc 0x6b0003 0xcc 0x18 0x730007 0x105 0x38 0x8 0x770003 0x8 0x18 0x7d0007 0x0 0x38 0x10d 0x810003 0x10d 0x18 0x880007 0x41 0x38 0xcc 0x8c0003 0xcc 0x18 0x9d0002 0x10d 0xa40007 0x10d 0xb18 0x1e1 0xa90008 0x10 0x0 0xac8 0xcc 0xab0 0x41 0x620 0xcc 0x620 0x0 0x608 0x0 0x608 0x0 0x90 0x8 0x90 0xda0005 0x0 0x0 0x2577edbf700 0x8 0x0 0x0 0xdf0104 0x0 0x0 0x0 0x0 0x0 0x0 0xe60007 0x8 0x4f0 0x0 0xee0007 0x0 0x58 0x0 0xf80005 0x0 0x0 0x0 0x0 0x0 0x0 0x1090005 0x0 0x0 0x0 0x0 0x0 0x0 0x10e0004 0x0 0x0 0x0 0x0 0x0 0x0 0x1150007 0x0 0x378 0x0 0x11d0007 0x0 0x58 0x0 0x1270005 0x0 0x0 0x0 0x0 0x0 0x0 0x1320007 0x0 0x300 0x0 0x13a0004 0x0 0x0 0x0 0x0 0x0 0x0 0x1440005 0x0 0x0 0x0 0x0 0x0 0x0 0x1490005 0x0 0x0 0x0 0x0 0x0 0x0 0x1520005 0x0 0x0 0x0 0x0 0x0 0x0 0x1570007 0x0 0x200 0x0 0x15c0005 0x0 0x0 0x0 0x0 0x0 0x0 0x1610004 0x0 0x0 0x0 0x0 0x0 0x0 0x16b0007 0x0 0xffffffffffffff38 0x0 0x1730005 0x0 0x0 0x0 0x0 0x0 0x0 0x1780007 0x0 0x38 0x0 0x17b0003 0x0 0xfffffffffffffec0 0x1890004 0x0 0x0 0x0 0x0 0x0 0x0 0x1920005 0x0 0x0 0x0 0x0 0x0 0x0 0x1970007 0x0 0x58 0x0 0x1a10005 0x0 0x0 0x0 0x0 0x0 0x0 0x1a70003 0x0 0xfffffffffffffde0 0x1af0005 0x0 0x0 0x0 0x0 0x0 0x0 0x1b20007 0x0 0x38 0x0 0x1b80003 0x0 0x18 0x1c00007 0x0 0xfffffffffffffba8 0x0 0x1c60003 0x8 0xfffffffffffff9f0 0x1cc0003 0x0 0xfffffffffffff9d8 0x1d90005 0x0 0x0 0x2577edbf700 0x21a 0x0 0x0 0x1de0104 0x0 0x0 0x257683ee190 0x13d 0x0 0x0 0x1e50007 0xdd 0x378 0x13d 0x1ed0007 0x5b 0x58 0xe2 0x1f70005 0x0 0x0 0x2576834db68 0xe2 0x0 0x0 0x2020007 0x44 0x300 0xf9 0x20a0004 0x0 0x0 0x2577e880f00 0xf9 0x0 0x0 0x2140005 0x0 0x0 0x2577edbf700 0xf9 0x0 0x0 0x2190005 0x0 0x0 0x25785bbebd8 0xf9 0x0 0x0 0x2220005 0x0 0x0 0x25785bbec88 0xc9eb 0x0 0x0 0x2270007 0xf9 0x200 0xc8f2 0x22c0005 0x0 0x0 0x25785bbec88 0xc8f2 0x0 0x0 0x2310004 0x0 0x0 0x257683f04d8 0xc8f2 0x0 0x0 0x23b0007 0x0 0xffffffffffffff38 0xc8f2 0x2430005 0x0 0x0 0x2576834db68 0xc8f2 0x0 0x0 0x2480007 0xc8f2 0x38 0x0 0x24b0003 0x0 0xfffffffffffffec0 0x2590004 0x0 0x0 0x25785bbed38 0xc8f2 0x0 0x0 0x2620005 0x0 0x0 0x2577e880f00 0xc8f2 0x0 0x0 0x2670007 0xc813 0x58 0xdf 0x2710005 0x0 0x0 0x2576834db68 0xdf 0x0 0x0 0x2770003 0xc8f2 0xfffffffffffffde0 0x27f0005 0x21a 0x0 0x0 0x0 0x0 0x0 0x2820007 0x10d 0x38 0x10d 0x2880003 0x10d 0x18 0x2900007 0x10d 0xfffffffffffffba8 0x10d 0x2960003 0x10d 0xfffffffffffff548 0x29c0003 0xcc 0xfffffffffffff530 0x2a20007 0x0 0xfffffffffffff518 0x0 0x2a90002 0x0 0x2b20002 0x10d 0x0 0x0 0x0 0x0 0x0 0x0 0x0 0x0 0x0 0x0 0x0 0x0 0x9 0x4 0x0 0x0 0x0 0x0 oops 15 61 com/sun/javafx/css/StyleClassSet 129 java/util/HashMap 307 java/util/HashMap 314 com/sun/javafx/css/SelectorPartitioning$Partition 329 java/util/ArrayList 340 com/sun/javafx/css/StyleClassSet 347 java/util/HashMap 354 java/util/HashMap$Values 361 java/util/HashMap$ValueIterator 372 java/util/HashMap$ValueIterator 379 com/sun/javafx/css/SelectorPartitioning$Slot 390 java/util/ArrayList 404 java/util/Collections$UnmodifiableSet 411 com/sun/javafx/css/StyleClassSet 422 java/util/ArrayList methods 0
ciMethodData com/sun/javafx/css/BitSet clear ()V 2 552 orig 80 0 0 0 0 0 0 0 0 0 0 0 0 0 0 0 0 0 0 0 0 0 0 0 0 0 0 0 0 0 0 0 0 0 0 0 0 0 0 0 0 0 0 0 0 0 0 0 0 0 0 0 0 0 0 0 0 0 0 0 0 0 0 0 0 0 0 0 0 0 0 0 0 0 0 0 0 0 0 0 0 data 41 0x80007 0x228 0x100 0x532 0x190007 0x532 0xc8 0x14c80 0x290007 0x149d6 0x90 0x2aa 0x340005 0x0 0x0 0x2577e880f00 0x2aa 0x0 0x0 0x3d0005 0x2aa 0x0 0x0 0x0 0x0 0x0 0x430003 0x14c80 0xffffffffffffff50 0x490003 0x532 0xffffffffffffff18 0x0 0x0 0x0 0x0 0x0 0x0 0x9 0x1 0xffffffffffffffff oops 1 15 com/sun/javafx/css/StyleClassSet methods 0
ciMethodData com/sun/javafx/css/StyleManager$Cache getStyleMap (Lcom/sun/javafx/css/StyleManager$CacheContainer;Ljavafx/scene/Node;[Ljava/util/Set;Z)Lcom/sun/javafx/css/StyleMap; 2 2090 orig 80 0 0 0 0 0 0 0 0 0 0 0 0 0 0 0 0 0 0 0 0 0 0 0 0 0 0 0 0 0 0 0 0 0 0 0 0 0 0 0 0 0 0 0 0 0 0 0 0 0 0 0 0 0 0 0 0 0 0 0 0 0 0 0 0 0 0 0 0 0 0 0 0 0 0 0 0 0 0 0 0 data 236 0x40007 0x0 0x78 0x82a 0xb0005 0x0 0x0 0x2576834db68 0x82a 0x0 0x0 0x100007 0x82a 0x40 0x0 0x150007 0x0 0x20 0x0 0x200005 0x0 0x0 0x2576834db68 0x82a 0x0 0x0 0x3c0007 0x82a 0x100 0x5123 0x450005 0x0 0x0 0x2576834db68 0x5123 0x0 0x0 0x4a0004 0x0 0x0 0x257684421b0 0xcd0 0x25768442260 0x4453 0x540005 0x0 0x0 0x257684421b0 0xcd0 0x25768442260 0x4453 0x570007 0x3786 0x20 0x199d 0x7a0003 0x5123 0xffffffffffffff18 0x7f0007 0x637 0x40 0x1f3 0x840007 0x2b 0x20 0x1c8 0x8c0005 0x662 0x0 0x0 0x0 0x0 0x0 0x990002 0x662 0xa40005 0x0 0x0 0x2577edbf700 0x662 0x0 0x0 0xa90007 0x87 0x138 0x5db 0xb20005 0x0 0x0 0x2577edbf700 0x5db 0x0 0x0 0xb70004 0x0 0x0 0x2576834e538 0x5db 0x0 0x0 0xbe0007 0x0 0xa8 0x5db 0xc40005 0x5db 0x0 0x0 0x0 0x0 0x0 0xc70005 0x0 0x0 0x2576e669c88 0x5db 0x0 0x0 0xca0003 0x5db 0x18 0xd90002 0x87 0xe00007 0x60 0xb0 0x27 0xe60005 0x27 0x0 0x0 0x0 0x0 0x0 0xed0007 0x0 0x58 0x27 0xf40005 0x0 0x0 0x2576834db68 0x27 0x0 0x0 0x1020007 0x87 0x188 0x87 0x10c0007 0x81 0x38 0x6 0x10f0003 0x6 0x130 0x1200007 0x81 0x118 0x2040 0x1340007 0x1c0 0x38 0x1e80 0x1370003 0x1e80 0xc0 0x1430005 0x0 0x0 0x2576834db68 0x1c0 0x0 0x0 0x1480004 0x0 0x0 0x25768442260 0x8f 0x257684421b0 0x131 0x1510005 0x0 0x0 0x2576834db68 0x1c0 0x0 0x0 0x15a0003 0x2040 0xffffffffffffff00 0x1600003 0x87 0xfffffffffffffe90 0x1640005 0x87 0x0 0x0 0x0 0x0 0x0 0x1710002 0x87 0x1740005 0x0 0x0 0x2577edbf700 0x87 0x0 0x0 0x1820002 0x87 0x18a0005 0x87 0x0 0x0 0x0 0x0 0x0 0x0 0x0 0x0 0x0 0x0 0x0 0x0 0x0 0x0 0x0 0x9 0x5 0x0 0x0 0x0 0x0 0x0 oops 17 7 java/util/ArrayList 22 java/util/ArrayList 33 java/util/ArrayList 40 javafx/css/SimpleSelector 42 javafx/css/CompoundSelector 47 javafx/css/SimpleSelector 49 javafx/css/CompoundSelector 78 java/util/HashMap 89 java/util/HashMap 96 java/lang/Integer 114 com/sun/javafx/css/StyleManager$CacheContainer 141 java/util/ArrayList 170 java/util/ArrayList 177 javafx/css/CompoundSelector 179 javafx/css/SimpleSelector 184 java/util/ArrayList 206 java/util/HashMap methods 0
ciMethodData javafx/scene/Node getStyle ()Ljava/lang/String; 2 5149 orig 80 0 0 0 0 0 0 0 0 0 0 0 0 0 0 0 0 0 0 0 0 0 0 0 0 0 0 0 0 0 0 0 0 0 0 0 0 0 0 0 0 0 0 0 0 0 0 0 0 0 0 0 0 0 0 0 0 0 0 0 0 0 0 0 0 0 0 0 0 0 0 0 0 0 0 0 0 0 0 0 0 data 30 0x40007 0x41c 0x38 0x1001 0xa0003 0x1001 0x88 0x110005 0x0 0x0 0x25785a86e58 0x41c 0x0 0x0 0x140004 0x0 0x0 0x2576834a198 0x41c 0x0 0x0 0x0 0x0 0x0 0x0 0x0 0x0 0x9 0x1 0x0 oops 2 10 javafx/scene/Node$5 17 java/lang/String methods 0
ciMethodData com/sun/javafx/css/StyleManager findMatchingStyles (Ljavafx/scene/Node;Ljavafx/scene/SubScene;[Ljava/util/Set;)Lcom/sun/javafx/css/StyleMap; 2 2443 orig 80 1 0 0 0 0 0 0 0 0 0 0 0 0 0 0 0 0 0 0 0 0 0 0 0 0 0 0 0 0 0 0 0 0 0 0 0 0 0 0 0 0 0 0 0 0 0 0 0 0 0 0 0 0 0 0 0 0 0 0 0 0 0 0 0 0 0 0 0 0 0 0 0 0 0 0 0 0 0 0 0 data 938 0x10005 0x98b 0x0 0x0 0x0 0x0 0x0 0x80007 0x98b 0x20 0x0 0x120005 0x98b 0x0 0x0 0x0 0x0 0x0 0x190007 0x98b 0x88 0x0 0x1f0007 0x0 0x68 0x0 0x270005 0x0 0x0 0x0 0x0 0x0 0x0 0x2a0002 0x0 0x3a0004 0xfffffffffffffc94 0x0 0x2577edbf0d0 0x2 0x2577edbf180 0xab 0x3d0007 0x36c 0x70 0x61f 0x410004 0x0 0x0 0x2577edbf180 0xab 0x2577edbf230 0x1dd 0x440003 0x61f 0x50 0x480005 0x36c 0x0 0x0 0x0 0x0 0x0 0x500005 0x98b 0x0 0x0 0x0 0x0 0x0 0x570005 0x0 0x0 0x2577edbf2e0 0x98b 0x0 0x0 0x5c0007 0x98b 0x38 0x0 0x600003 0x0 0x18 0x690005 0x98b 0x0 0x0 0x0 0x0 0x0 0x700005 0x0 0x0 0x2576834db68 0x7a9 0x2577edbf2e0 0x1e3 0x750007 0x1e3 0x38 0x7a9 0x790003 0x7a9 0x18 0x800005 0x98c 0x0 0x0 0x0 0x0 0x0 0x870007 0x0 0xc8 0x98c 0x8c0005 0x98c 0x0 0x0 0x0 0x0 0x0 0x8f0005 0x98c 0x0 0x0 0x0 0x0 0x0 0x920007 0x820 0x38 0x16c 0x960003 0x16c 0x18 0x9e0005 0x98c 0x0 0x0 0x0 0x0 0x0 0xa50007 0x98c 0xc8 0x0 0xaa0005 0x0 0x0 0x0 0x0 0x0 0x0 0xad0005 0x0 0x0 0x0 0x0 0x0 0x0 0xb00007 0x0 0x38 0x0 0xb40003 0x0 0x18 0xbb0007 0x98c 0x70 0x0 0xbf0005 0x0 0x0 0x0 0x0 0x0 0x0 0xc20003 0x0 0x18 0xca0007 0x98c 0xc8 0x0 0xcf0005 0x0 0x0 0x0 0x0 0x0 0x0 0xd20005 0x0 0x0 0x0 0x0 0x0 0x0 0xd50007 0x0 0x38 0x0 0xd90003 0x0 0x18 0xe70007 0x98c 0x1c8 0x7357 0xec0004 0xfffffffffffffa6c 0x0 0x2577edbf0d0 0x2 0x2577edbf390 0x2f 0xef0007 0x594 0x120 0x6dc3 0xf80004 0x0 0x0 0x2577edbf390 0x2f 0x2577edbf440 0x7f 0xfb000a 0x6dc3 0x1 0x2577edbf4f0 0x1000005 0x0 0x0 0x2577edbf5a0 0x6dc3 0x0 0x0 0x1030104 0x0 0x0 0x0 0x0 0x0 0x0 0x10a0007 0x6dc3 0x38 0x0 0x10d0003 0x0 0x68 0x1120005 0x7357 0x0 0x0 0x0 0x0 0x0 0x1170003 0x7357 0xfffffffffffffe50 0x11c0007 0x98c 0xc8 0x0 0x1210005 0x0 0x0 0x0 0x0 0x0 0x0 0x1240005 0x0 0x0 0x0 0x0 0x0 0x0 0x1270007 0x0 0x38 0x0 0x12b0003 0x0 0x18 0x1330007 0x16c 0x118 0x820 0x1380007 0x0 0xf8 0x820 0x13d0007 0x643 0xd8 0x1dd 0x1420007 0x0 0xb8 0x1dd 0x1470007 0x0 0x98 0x1dd 0x14c0007 0x0 0x78 0x1dd 0x1530005 0x0 0x0 0x2576834db68 0x1dd 0x0 0x0 0x1580007 0x1dd 0x20 0x0 0x1630005 0x8de 0x0 0x2577edbf0d0 0x3 0x2577edbf180 0xab 0x1690005 0x98c 0x0 0x0 0x0 0x0 0x0 0x16f0005 0x98c 0x0 0x0 0x0 0x0 0x0 0x1780007 0x8be 0x30 0xce 0x1800002 0xce 0x19d0005 0x0 0x0 0x2577edbf650 0x98c 0x0 0x0 0x1a80007 0x98c 0x180 0xbb7 0x1af0005 0x0 0x0 0x2577edbf650 0xbb7 0x0 0x0 0x1b40004 0x0 0x0 0x2576834a198 0xbb7 0x0 0x0 0x1bb0007 0x0 0xd8 0xbb7 0x1c00005 0xbb7 0x0 0x0 0x0 0x0 0x0 0x1c30007 0xbb7 0x38 0x0 0x1c60003 0x0 0x60 0x1d20002 0xbb7 0x1d50005 0xbb7 0x0 0x0 0x0 0x0 0x0 0x1dc0003 0xbb7 0xfffffffffffffe98 0x1e50005 0x98c 0x0 0x0 0x0 0x0 0x0 0x1f00005 0x0 0x0 0x2577edbf700 0x98c 0x0 0x0 0x1f50104 0x0 0x0 0x2577edbf7b0 0x8bf 0x0 0x0 0x1fc0007 0xcd 0x70 0x8bf 0x2060005 0x8bf 0x0 0x0 0x0 0x0 0x0 0x2090003 0x8bf 0xe48 0x2100002 0xcd 0x2170007 0x0 0x40 0xcd 0x21c0007 0xcd 0x4e0 0x0 0x2210007 0x0 0xa8 0x0 0x2250005 0x0 0x0 0x0 0x0 0x0 0x0 0x2280005 0x0 0x0 0x0 0x0 0x0 0x0 0x22b0003 0x0 0x88 0x2300005 0x0 0x0 0x0 0x0 0x0 0x0 0x2330005 0x0 0x0 0x0 0x0 0x0 0x0 0x2420005 0x0 0x0 0x0 0x0 0x0 0x0 0x24d0007 0x0 0x118 0x0 0x2560005 0x0 0x0 0x0 0x0 0x0 0x0 0x25b0004 0x0 0x0 0x0 0x0 0x0 0x0 0x2670005 0x0 0x0 0x0 0x0 0x0 0x0 0x26a0007 0x0 0x38 0x0 0x26d0003 0x0 0x30 0x2760003 0x0 0xffffffffffffff00 0x27b0007 0x0 0xd0 0x0 0x2800002 0x0 0x2870007 0x0 0x58 0x0 0x28f0005 0x0 0x0 0x0 0x0 0x0 0x0 0x29a0002 0x0 0x2a50005 0x0 0x0 0x0 0x0 0x0 0x0 0x2b00007 0x0 0x170 0x0 0x2b50007 0x0 0x70 0x0 0x2b90005 0x0 0x0 0x0 0x0 0x0 0x0 0x2bc0003 0x0 0x50 0x2c10005 0x0 0x0 0x0 0x0 0x0 0x0 0x2cd0005 0x0 0x0 0x0 0x0 0x0 0x0 0x2e00005 0x0 0x0 0x0 0x0 0x0 0x0 0x2e90005 0x0 0x0 0x0 0x0 0x0 0x0 0x2ef0003 0x0 0x200 0x2f60005 0x0 0x0 0x2576834db68 0xcd 0x0 0x0 0x2fb0007 0x0 0x1b0 0xcd 0x3050005 0x0 0x0 0x2576834db68 0xcd 0x0 0x0 0x3100007 0xcd 0x158 0xcd 0x3190005 0x0 0x0 0x2576834db68 0xcd 0x0 0x0 0x31e0004 0x0 0x0 0x2577edbf860 0xcd 0x0 0x0 0x3250007 0x0 0xb0 0xcd 0x32d0007 0x0 0x90 0xcd 0x3400005 0xcd 0x0 0x0 0x0 0x0 0x0 0x3490005 0x0 0x0 0x2576834db68 0xcd 0x0 0x0 0x3520003 0xcd 0xfffffffffffffec0 0x3570007 0xcd 0x340 0x0 0x3640005 0x0 0x0 0x0 0x0 0x0 0x0 0x36f0007 0x0 0x118 0x0 0x3780005 0x0 0x0 0x0 0x0 0x0 0x0 0x37d0004 0x0 0x0 0x0 0x0 0x0 0x0 0x3890005 0x0 0x0 0x0 0x0 0x0 0x0 0x38c0007 0x0 0x38 0x0 0x38f0003 0x0 0x30 0x3980003 0x0 0xffffffffffffff00 0x39d0007 0x0 0xd0 0x0 0x3a20002 0x0 0x3a90007 0x0 0x58 0x0 0x3b10005 0x0 0x0 0x0 0x0 0x0 0x0 0x3bc0002 0x0 0x3c70005 0x0 0x0 0x0 0x0 0x0 0x0 0x3d20007 0x0 0x100 0x0 0x3dc0004 0x0 0x0 0x0 0x0 0x0 0x0 0x3df0005 0x0 0x0 0x0 0x0 0x0 0x0 0x3f20005 0x0 0x0 0x0 0x0 0x0 0x0 0x3fb0005 0x0 0x0 0x0 0x0 0x0 0x0 0x4030005 0x0 0x0 0x2576834db68 0x49 0x2577edbf2e0 0x84 0x4080007 0x84 0x1b0 0x49 0x4100005 0x0 0x0 0x2576834db68 0x49 0x0 0x0 0x41b0007 0x49 0x158 0x49 0x4220005 0x0 0x0 0x2576834db68 0x49 0x0 0x0 0x4270004 0x0 0x0 0x2577edbf860 0x49 0x0 0x0 0x42e0007 0x0 0xb0 0x49 0x4360007 0x0 0x90 0x49 0x4490005 0x49 0x0 0x0 0x0 0x0 0x0 0x4520005 0x0 0x0 0x2576834db68 0x49 0x0 0x0 0x45b0003 0x49 0xfffffffffffffec0 0x4600007 0xcd 0x1c8 0x0 0x4650007 0x0 0x38 0x0 0x4690003 0x0 0x50 0x46e0005 0x0 0x0 0x0 0x0 0x0 0x0 0x47c0007 0x0 0x138 0x0 0x4830005 0x0 0x0 0x0 0x0 0x0 0x0 0x4880004 0x0 0x0 0x0 0x0 0x0 0x0 0x4920007 0x0 0x90 0x0 0x4a50005 0x0 0x0 0x0 0x0 0x0 0x0 0x4ae0005 0x0 0x0 0x0 0x0 0x0 0x0 0x4b70003 0x0 0xfffffffffffffee0 0x4c00002 0xcd 0x4cd0005 0x0 0x0 0x2577edbf700 0xcd 0x0 0x0 0x4e00005 0x98c 0x0 0x0 0x0 0x0 0x0 0x0 0x0 0x0 0x0 0x0 0x0 0x0 0x0 0x0 0x0 0x0 0x0 0x0 0x0 0x0 0x0 0x0 0x0 0x0 0x0 0x0 0x0 0x0 0x0 0x0 0x0 0x0 0x0 0x0 0x9 0x4 0x0 0x0 0x0 0x0 oops 33 38 javafx/scene/chart/PieChart$1 40 javafx/scene/layout/Region 49 javafx/scene/layout/Region 51 javafx/scene/control/Label 73 java/util/Collections$EmptyList 94 java/util/ArrayList 96 java/util/Collections$EmptyList 215 javafx/scene/chart/PieChart$1 217 javafx/scene/chart/Chart$1 226 javafx/scene/chart/Chart$1 228 javafx/scene/chart/PieChart 233  @bci com/sun/javafx/css/StyleManager findMatchingStyles (Ljavafx/scene/Node;Ljavafx/scene/SubScene;[Ljava/util/Set;)Lcom/sun/javafx/css/StyleMap; 251 <appendix> argL0 ; 237 java/util/WeakHashMap 317 java/util/ArrayList 328 javafx/scene/chart/PieChart$1 330 javafx/scene/layout/Region 355 javafx/scene/Node$4 366 javafx/scene/Node$4 373 java/lang/String 417 java/util/HashMap 424 com/sun/javafx/css/StyleManager$Cache 607 java/util/ArrayList 618 java/util/ArrayList 629 java/util/ArrayList 636 com/sun/javafx/css/StyleManager$StylesheetContainer 658 java/util/ArrayList 772 java/util/ArrayList 774 java/util/Collections$EmptyList 783 java/util/ArrayList 794 java/util/ArrayList 801 com/sun/javafx/css/StyleManager$StylesheetContainer 823 java/util/ArrayList 892 java/util/HashMap methods 0
ciMethodData com/sun/javafx/css/StyleManager processStylesheets (Ljava/util/List;Ljavafx/scene/Parent;)Ljava/util/List; 2 1943 orig 80 0 0 0 0 0 0 0 0 0 0 0 0 0 0 0 0 0 0 0 0 0 0 0 0 0 0 0 0 0 0 0 0 0 0 0 0 0 0 0 0 0 0 0 0 0 0 0 0 0 0 0 0 0 0 0 0 0 0 0 0 0 0 0 0 0 0 0 0 0 0 0 0 0 0 0 0 0 0 0 0 data 152 0xa0002 0x797 0x130005 0x0 0x0 0x2576885f7e0 0x797 0x0 0x0 0x1e0007 0x798 0x420 0x797 0x240005 0x0 0x0 0x2576885f7e0 0x797 0x0 0x0 0x290004 0x0 0x0 0x2576834a198 0x797 0x0 0x0 0x370005 0x0 0x0 0x2577edbf700 0x797 0x0 0x0 0x3c0007 0x0 0x278 0x797 0x450005 0x0 0x0 0x2577edbf700 0x797 0x0 0x0 0x4a0004 0x0 0x0 0x2577edbf860 0x797 0x0 0x0 0x530005 0x0 0x0 0x2576834db68 0x797 0x0 0x0 0x580007 0x0 0x160 0x797 0x600007 0x797 0x108 0x0 0x650002 0x0 0x710002 0x0 0x740007 0x0 0xc8 0x0 0x7a0005 0x0 0x0 0x0 0x0 0x0 0x0 0x7f0002 0x0 0x8e0002 0x0 0x9b0005 0x0 0x0 0x0 0x0 0x0 0x0 0xa10003 0x0 0x18 0xae0005 0x0 0x0 0x2576834db68 0x797 0x0 0x0 0xba0005 0x0 0x0 0x2577e8831f8 0x797 0x0 0x0 0xbd0003 0x798 0xe0 0xc20002 0x0 0xcf0002 0x0 0xda0005 0x0 0x0 0x0 0x0 0x0 0x0 0xe50005 0x0 0x0 0x0 0x0 0x0 0x0 0xef0005 0x0 0x0 0x0 0x0 0x0 0x0 0xf80003 0x798 0xfffffffffffffbf8 0x0 0x0 0x0 0x0 0x0 0x0 0x9 0x3 0x0 0x0 0x0 oops 9 5 javafx/scene/Scene$10 16 javafx/scene/Scene$10 23 java/lang/String 30 java/util/HashMap 41 java/util/HashMap 48 com/sun/javafx/css/StyleManager$StylesheetContainer 55 java/util/ArrayList 99 java/util/ArrayList 106 com/sun/javafx/css/StyleManager$RefList methods 0
ciMethodData com/sun/javafx/css/StyleManager$RefList add (Ljava/lang/Object;)V 2 1939 orig 80 0 0 0 0 0 0 0 0 0 0 0 0 0 0 0 0 0 0 0 0 0 0 0 0 0 0 0 0 0 0 0 0 0 0 0 0 0 0 0 1 0 0 0 0 0 0 0 0 0 0 0 0 0 0 0 0 0 0 0 0 0 0 0 0 0 0 0 0 0 0 0 0 0 0 0 0 0 0 0 0 data 72 0x40005 0x0 0x0 0x2576834db68 0x793 0x0 0x0 0xe0007 0x1 0x170 0x793 0x160005 0x0 0x0 0x2576834db68 0x793 0x0 0x0 0x1b0004 0x0 0x0 0x2576834b208 0x793 0x0 0x0 0x200005 0x0 0x0 0x2576834b208 0x793 0x0 0x0 0x270007 0x793 0x70 0x0 0x2f0005 0x0 0x0 0x0 0x0 0x0 0x0 0x350003 0x0 0x38 0x80000006003b0007 0x1 0x20 0x793 0x420003 0x1 0xfffffffffffffea8 0x4e0002 0x1 0x510005 0x0 0x0 0x2576834db68 0x1 0x0 0x0 0x0 0x0 0x0 0x0 0x0 0x0 0x9 0x2 0x0 0x0 oops 5 3 java/util/ArrayList 14 java/util/ArrayList 21 java/lang/ref/WeakReference 28 java/lang/ref/WeakReference 58 java/util/ArrayList methods 0
ciMethodData javafx/scene/Node getTypeSelector ()Ljava/lang/String; 2 3077 orig 80 0 0 0 0 0 0 0 0 0 0 0 0 0 0 0 0 0 0 0 0 0 0 0 0 0 0 0 0 0 0 0 0 0 0 0 0 0 0 0 0 0 0 0 0 0 0 0 0 0 0 0 0 0 0 0 0 0 0 0 0 0 0 0 0 0 0 0 0 0 0 0 0 0 0 0 0 0 0 0 0 data 80 0x10005 0xc05 0x0 0x0 0x0 0x0 0x0 0x60005 0xc05 0x0 0x0 0x0 0x0 0x0 0xd0007 0x0 0x90 0xc05 0x110005 0x0 0x0 0x2577e7cc4d0 0xc05 0x0 0x0 0x140005 0xc05 0x0 0x0 0x0 0x0 0x0 0x190005 0xc05 0x0 0x0 0x0 0x0 0x0 0x1c0005 0xc05 0x0 0x0 0x0 0x0 0x0 0x230007 0x0 0x58 0xc05 0x290007 0x0 0x38 0xc05 0x2f0003 0xc05 0x18 0x360005 0xc05 0x0 0x0 0x0 0x0 0x0 0x3b0005 0xc05 0x0 0x0 0x0 0x0 0x0 0x0 0x0 0x0 0x0 0x0 0x0 0x9 0x1 0x0 oops 1 21 java/lang/Package methods 0
ciMethodData com/sun/javafx/css/StyleManager gatherParentStylesheets (Ljavafx/scene/Parent;)Ljava/util/List; 2 2424 orig 80 0 0 0 0 0 0 0 0 0 0 0 0 0 0 0 0 0 0 0 0 0 0 0 0 0 0 0 0 0 0 0 0 0 0 0 0 0 0 0 0 0 0 0 0 0 0 0 0 0 0 0 0 0 0 0 0 0 0 0 0 0 0 0 0 0 0 0 0 0 0 0 0 0 0 0 0 0 0 0 0 data 42 0x10007 0x8fa 0x30 0x7e 0x40002 0x7e 0x90002 0x8fa 0xe0007 0x8fa 0x78 0x0 0x120005 0x0 0x0 0x0 0x0 0x0 0x0 0x170007 0x0 0x30 0x0 0x1a0002 0x8fa 0x270005 0x0 0x0 0x0 0x0 0x0 0x0 0x0 0x0 0x0 0x0 0x0 0x0 0x9 0x2 0x0 0x0 oops 0 methods 0
ciMethodData com/sun/javafx/css/StyleManager gatherSceneStylesheets (Ljavafx/scene/Scene;)Ljava/util/List; 2 2431 orig 80 0 0 0 0 0 0 0 0 0 0 0 0 0 0 0 0 0 0 0 0 0 0 0 0 0 0 0 0 0 0 0 0 0 0 0 0 0 0 0 0 0 0 0 0 0 0 0 0 0 0 0 0 0 0 0 0 0 0 0 0 0 0 0 0 0 0 0 0 0 0 0 0 0 0 0 0 0 0 0 0 data 54 0x10007 0x97f 0x30 0x0 0x40002 0x0 0x90005 0x97f 0x0 0x0 0x0 0x0 0x0 0xe0007 0x0 0x78 0x97f 0x120005 0x0 0x0 0x2576885f7e0 0x97f 0x0 0x0 0x170007 0x753 0x30 0x22c 0x1a0002 0x22c 0x270005 0x753 0x0 0x0 0x0 0x0 0x0 0x2a0005 0x753 0x0 0x0 0x0 0x0 0x0 0x0 0x0 0x0 0x0 0x0 0x0 0x9 0x2 0x0 0x0 oops 1 20 javafx/scene/Scene$10 methods 0
ciMethodData javafx/scene/Scene getUserAgentStylesheet ()Ljava/lang/String; 2 2466 orig 80 0 0 0 0 0 0 0 0 0 0 0 0 0 0 0 0 0 0 0 0 0 0 0 0 0 0 0 0 0 0 0 0 0 0 0 0 0 0 0 0 0 0 0 0 0 0 0 0 0 0 0 0 0 0 0 0 0 0 0 0 0 0 0 0 0 0 0 0 0 0 0 0 0 0 0 0 0 0 0 0 data 30 0x40007 0x0 0x38 0x9a2 0x80003 0x9a2 0x88 0xf0005 0x0 0x0 0x0 0x0 0x0 0x0 0x120004 0x0 0x0 0x0 0x0 0x0 0x0 0x0 0x0 0x0 0x0 0x0 0x0 0x9 0x1 0x0 oops 0 methods 0
ciMethodData javafx/scene/Node getId ()Ljava/lang/String; 2 2978 orig 80 0 0 0 0 0 0 0 0 0 0 0 0 0 0 0 0 0 0 0 0 0 0 0 0 0 0 0 0 0 0 0 0 0 0 0 0 0 0 0 0 0 0 0 0 0 0 0 0 0 0 0 0 0 0 0 0 0 0 0 0 0 0 0 0 0 0 0 0 0 0 0 0 0 0 0 0 0 0 0 0 data 30 0x40007 0x111 0x38 0xa90 0x80003 0xa90 0x88 0xf0005 0x0 0x0 0x257685110e0 0x111 0x0 0x0 0x120104 0x0 0x0 0x2576834a198 0x29 0x0 0x0 0x0 0x0 0x0 0x0 0x0 0x0 0x9 0x1 0x0 oops 2 10 javafx/scene/Node$3 17 java/lang/String methods 0
ciMethodData com/sun/javafx/css/StyleManager$Key <init> ()V 1 195 orig 80 0 0 0 0 0 0 0 0 0 0 0 0 0 0 0 0 0 0 0 0 0 0 0 0 0 0 0 0 0 0 0 0 0 0 0 0 0 0 0 0 0 0 0 0 0 0 0 0 0 0 0 0 0 0 0 0 0 0 0 0 0 0 0 0 0 0 0 0 0 0 0 0 0 0 0 0 0 0 0 0 data 11 0x10002 0xc3 0x90002 0xc3 0x0 0x0 0x0 0x0 0x9 0x1 0xc oops 0 methods 0
ciMethodData com/sun/javafx/css/StyleManager$CacheContainer getCacheMap (Ljava/util/List;Ljava/lang/String;)Ljava/util/Map; 2 2563 orig 80 0 0 0 0 0 0 0 0 0 0 0 0 0 0 0 0 0 0 0 0 0 0 0 0 0 0 0 0 0 0 0 0 0 0 0 0 0 0 0 0 0 0 0 0 0 0 0 0 0 0 0 0 0 0 0 0 0 0 0 0 0 0 0 0 0 0 0 0 0 0 0 0 0 0 0 0 0 0 0 0 data 189 0x40007 0x9ee 0x30 0x15 0xc0002 0x15 0x190007 0x0 0x78 0xa03 0x1d0005 0x0 0x0 0x2577edbf2e0 0xa03 0x0 0x0 0x220007 0x0 0x170 0xa03 0x260007 0xa03 0x78 0x0 0x2a0005 0x0 0x0 0x0 0x0 0x0 0x0 0x2d0007 0x0 0xf8 0x0 0x350005 0x0 0x0 0x2577edbf700 0xa03 0x0 0x0 0x3a0104 0x0 0x0 0x2577edbf700 0x9ed 0x0 0x0 0x410007 0x9ed 0x68 0x16 0x480002 0x16 0x540005 0x0 0x0 0x2577edbf700 0x16 0x0 0x0 0x600005 0x0 0x0 0x0 0x0 0x0 0x0 0x6a0007 0x0 0x30 0x0 0x730002 0x0 0x800007 0x0 0x190 0x0 0x860005 0x0 0x0 0x0 0x0 0x0 0x0 0x8b0004 0x0 0x0 0x0 0x0 0x0 0x0 0x920007 0x0 0xe8 0x0 0x9a0007 0x0 0xc8 0x0 0xa20005 0x0 0x0 0x0 0x0 0x0 0x0 0xa50007 0x0 0x38 0x0 0xa80003 0x0 0x50 0xb30005 0x0 0x0 0x0 0x0 0x0 0x0 0xbc0003 0x0 0xfffffffffffffe88 0xc00007 0x0 0x58 0x0 0xc70005 0x0 0x0 0x0 0x0 0x0 0x0 0xd40005 0x0 0x0 0x0 0x0 0x0 0x0 0xd90004 0x0 0x0 0x0 0x0 0x0 0x0 0xe00007 0x0 0x80 0x0 0xe70002 0x0 0xf50005 0x0 0x0 0x0 0x0 0x0 0x0 0xff0003 0x0 0x50 0x1050005 0x0 0x0 0x0 0x0 0x0 0x0 0x0 0x0 0x0 0x0 0x0 0x0 0x0 0x0 0x0 0x0 0x9 0x3 0x0 0x0 0x0 oops 4 13 java/util/Collections$EmptyList 39 java/util/HashMap 46 java/util/HashMap 59 java/util/HashMap methods 0
ciMethodData com/sun/javafx/css/StyleClassSet clear ()V 2 2370 orig 80 0 0 0 0 0 0 0 0 0 0 0 0 0 0 0 0 0 0 0 0 0 0 0 0 0 0 0 0 0 0 0 0 0 0 0 0 0 0 0 0 0 0 0 0 0 0 0 0 0 0 0 0 0 0 0 0 0 0 0 0 0 0 0 0 0 0 0 0 0 0 0 0 0 0 0 0 0 0 0 0 data 7 0x10002 0x942 0x0 0x0 0x9 0x1 0x0 oops 0 methods 0
ciMethodData com/sun/javafx/css/StyleManager$Cache <init> (Ljava/util/List;)V 1 334 orig 80 0 0 0 0 0 0 0 0 0 0 0 0 0 0 0 0 0 0 0 0 0 0 0 0 0 0 0 0 0 0 0 0 0 0 0 0 0 0 0 0 0 0 0 0 0 0 0 0 0 0 0 0 0 0 0 0 0 0 0 0 0 0 0 0 0 0 0 0 0 0 0 0 0 0 0 0 0 0 0 0 data 12 0x10002 0x14e 0xe0002 0x14e 0x0 0x0 0x0 0x0 0x9 0x2 0x6 0x0 oops 0 methods 0
compile com/sun/javafx/css/StyleManager findMatchingStyles (Ljavafx/scene/Node;Ljavafx/scene/SubScene;[Ljava/util/Set;)Lcom/sun/javafx/css/StyleMap; -1 4 inline 214 0 -1 0 com/sun/javafx/css/StyleManager findMatchingStyles (Ljavafx/scene/Node;Ljavafx/scene/SubScene;[Ljava/util/Set;)Lcom/sun/javafx/css/StyleMap; 1 1 0 javafx/scene/Node getScene ()Ljavafx/scene/Scene; 2 4 0 javafx/beans/property/ObjectPropertyBase get ()Ljava/lang/Object; 1 18 0 com/sun/javafx/css/StyleManager getCacheContainer (Ljavafx/css/Styleable;Ljavafx/scene/SubScene;)Lcom/sun/javafx/css/StyleManager$CacheContainer; 2 39 0 javafx/scene/Node getScene ()Ljavafx/scene/Scene; 3 4 0 javafx/beans/property/ObjectPropertyBase get ()Ljava/lang/Object; 2 51 0 javafx/scene/Scene getRoot ()Ljavafx/scene/Parent; 3 15 0 javafx/beans/property/ObjectPropertyBase get ()Ljava/lang/Object; 2 102 0 java/util/WeakHashMap get (Ljava/lang/Object;)Ljava/lang/Object; 3 1 0 java/util/WeakHashMap maskNull (Ljava/lang/Object;)Ljava/lang/Object; 3 7 0 java/util/WeakHashMap hash (Ljava/lang/Object;)I 3 12 0 java/util/WeakHashMap getTable ()[Ljava/util/WeakHashMap$Entry; 4 1 0 java/util/WeakHashMap expungeStaleEntries ()V 5 4 0 java/lang/ref/ReferenceQueue poll ()Ljava/lang/ref/Reference; 6 1 0 java/lang/ref/ReferenceQueue headIsNull ()Z 6 25 0 java/util/concurrent/locks/ReentrantLock unlock ()V 7 5 0 java/util/concurrent/locks/AbstractQueuedSynchronizer release (I)Z 8 2 0 java/util/concurrent/locks/ReentrantLock$Sync tryRelease (I)Z 9 1 0 java/util/concurrent/locks/AbstractQueuedSynchronizer getState ()I 9 8 0 java/util/concurrent/locks/AbstractOwnableSynchronizer getExclusiveOwnerThread ()Ljava/lang/Thread; 9 41 0 java/util/concurrent/locks/AbstractOwnableSynchronizer setExclusiveOwnerThread (Ljava/lang/Thread;)V 9 46 0 java/util/concurrent/locks/AbstractQueuedSynchronizer setState (I)V 8 12 0 java/util/concurrent/locks/AbstractQueuedSynchronizer signalNext (Ljava/util/concurrent/locks/AbstractQueuedSynchronizer$Node;)V 9 22 0 java/util/concurrent/locks/AbstractQueuedSynchronizer$Node getAndUnsetStatus (I)I 10 10 0 jdk/internal/misc/Unsafe getAndBitwiseAndInt (Ljava/lang/Object;JI)I 9 30 0 java/util/concurrent/locks/LockSupport unpark (Ljava/lang/Thread;)V 10 5 0 java/lang/Thread isVirtual ()Z 5 33 0 java/util/WeakHashMap indexFor (II)I 3 21 0 java/util/WeakHashMap indexFor (II)I 3 51 0 java/util/WeakHashMap matchesKey (Ljava/util/WeakHashMap$Entry;Ljava/lang/Object;)Z 4 2 0 java/lang/ref/Reference refersTo (Ljava/lang/Object;)Z 5 2 0 java/lang/ref/Reference refersToImpl (Ljava/lang/Object;)Z 2 121 0 com/sun/javafx/css/StyleManager$CacheContainer <init> ()V 3 1 0 java/lang/Object <init> ()V 1 72 0 javafx/scene/Node getParent ()Ljavafx/scene/Parent; 2 15 0 javafx/beans/property/ObjectPropertyBase get ()Ljava/lang/Object; 1 80 0 com/sun/javafx/css/StyleManager gatherParentStylesheets (Ljavafx/scene/Parent;)Ljava/util/List; 2 4 0 java/util/Collections emptyList ()Ljava/util/List; 2 9 0 com/sun/javafx/scene/ParentHelper getAllParentStylesheets (Ljavafx/scene/Parent;)Ljava/util/List; 3 1 0 com/sun/javafx/scene/NodeHelper getHelper (Ljavafx/scene/Node;)Lcom/sun/javafx/scene/NodeHelper; 4 4 0 javafx/scene/Node$1 getHelper (Ljavafx/scene/Node;)Lcom/sun/javafx/scene/NodeHelper; 2 26 0 java/util/Collections emptyList ()Ljava/util/List; 1 87 0 java/util/Collections$EmptyList isEmpty ()Z 1 105 0 com/sun/javafx/css/StyleManager gatherSceneStylesheets (Ljavafx/scene/Scene;)Ljava/util/List; 2 9 0 javafx/scene/Scene getStylesheets ()Ljavafx/collections/ObservableList; 2 18 0 java/util/AbstractCollection isEmpty ()Z 3 1 0 com/sun/javafx/collections/ObservableListWrapper size ()I 4 4 0 java/util/ArrayList size ()I 2 39 0 javafx/scene/Scene getRoot ()Ljavafx/scene/Parent; 3 15 0 javafx/beans/property/ObjectPropertyBase get ()Ljava/lang/Object; 2 42 0 com/sun/javafx/css/StyleManager processStylesheets (Ljava/util/List;Ljavafx/scene/Parent;)Ljava/util/List; 3 10 0 java/util/ArrayList <init> ()V 4 1 0 java/util/AbstractList <init> ()V 5 1 0 java/util/AbstractCollection <init> ()V 6 1 0 java/lang/Object <init> ()V 3 19 0 com/sun/javafx/collections/ObservableListWrapper size ()I 4 4 0 java/util/ArrayList size ()I 3 36 0 com/sun/javafx/collections/ObservableListWrapper get (I)Ljava/lang/Object; 4 5 0 java/util/ArrayList get (I)Ljava/lang/Object; 5 5 0 java/util/Objects checkIndex (II)I 5 11 0 java/util/ArrayList elementData (I)Ljava/lang/Object; 3 55 0 java/util/HashMap containsKey (Ljava/lang/Object;)Z 4 2 0 java/util/HashMap getNode (Ljava/lang/Object;)Ljava/util/HashMap$Node; 5 23 0 java/util/HashMap hash (Ljava/lang/Object;)I 6 9 0 java/lang/String hashCode ()I 7 17 0 java/lang/String isLatin1 ()Z 7 27 0 java/lang/StringLatin1 hashCode ([B)I 3 69 0 java/util/HashMap get (Ljava/lang/Object;)Ljava/lang/Object; 4 2 0 java/util/HashMap getNode (Ljava/lang/Object;)Ljava/util/HashMap$Node; 5 23 0 java/util/HashMap hash (Ljava/lang/Object;)I 6 9 0 java/lang/String hashCode ()I 7 17 0 java/lang/String isLatin1 ()Z 7 27 0 java/lang/StringLatin1 hashCode ([B)I 3 83 0 java/util/ArrayList contains (Ljava/lang/Object;)Z 4 2 0 java/util/ArrayList indexOf (Ljava/lang/Object;)I 5 7 0 java/util/ArrayList indexOfRange (Ljava/lang/Object;II)I 3 174 0 java/util/ArrayList add (Ljava/lang/Object;)Z 4 20 0 java/util/ArrayList add (Ljava/lang/Object;[Ljava/lang/Object;I)V 5 7 0 java/util/ArrayList grow ()[Ljava/lang/Object; 6 7 0 java/util/ArrayList grow (I)[Ljava/lang/Object; 7 27 0 jdk/internal/util/ArraysSupport newLength (III)I 7 37 0 java/util/Arrays copyOf ([Ljava/lang/Object;I)[Ljava/lang/Object; 3 186 0 com/sun/javafx/css/StyleManager$RefList add (Ljava/lang/Object;)V 4 4 0 java/util/ArrayList size ()I 4 22 0 java/util/ArrayList get (I)Ljava/lang/Object; 5 5 0 java/util/Objects checkIndex (II)I 5 11 0 java/util/ArrayList elementData (I)Ljava/lang/Object; 4 78 0 java/lang/ref/WeakReference <init> (Ljava/lang/Object;)V 5 2 0 java/lang/ref/Reference <init> (Ljava/lang/Object;)V 6 3 0 java/lang/ref/Reference <init> (Ljava/lang/Object;Ljava/lang/ref/ReferenceQueue;)V 7 1 0 java/lang/Object <init> ()V 2 26 0 java/util/Collections emptyList ()Ljava/util/List; 1 112 0 java/util/ArrayList isEmpty ()Z 1 112 0 java/util/Collections$EmptyList isEmpty ()Z 1 128 0 javafx/scene/Node getStyle ()Ljava/lang/String; 2 17 0 javafx/beans/property/StringPropertyBase get ()Ljava/lang/Object; 3 1 0 javafx/beans/property/StringPropertyBase get ()Ljava/lang/String; 1 140 0 java/lang/String trim ()Ljava/lang/String; 2 1 0 java/lang/String isLatin1 ()Z 2 11 0 java/lang/StringLatin1 trim ([B)Ljava/lang/String; 1 143 0 java/lang/String isEmpty ()Z 1 158 0 javafx/scene/Scene getUserAgentStylesheet ()Ljava/lang/String; 1 251 0 java/lang/invoke/Invokers$Holder linkToTargetMethod (Ljava/lang/Object;)Ljava/lang/Object; 2 4 0  @bci com/example/TableUtils$EnhancedTable <init> (Ljavafx/scene/control/TableView;Ljavafx/collections/ObservableList;)V 95 <appendix> form vmentry <vmtarget> ; invoke (Ljava/lang/Object;)Ljava/lang/Object; 1 256 0 java/util/Map computeIfAbsent (Ljava/lang/Object;Ljava/util/function/Function;)Ljava/lang/Object; 2 1 0 java/util/Objects requireNonNull (Ljava/lang/Object;)Ljava/lang/Object; 2 7 0 java/util/WeakHashMap get (Ljava/lang/Object;)Ljava/lang/Object; 3 1 0 java/util/WeakHashMap maskNull (Ljava/lang/Object;)Ljava/lang/Object; 3 7 0 java/util/WeakHashMap hash (Ljava/lang/Object;)I 3 12 0 java/util/WeakHashMap getTable ()[Ljava/util/WeakHashMap$Entry; 4 1 0 java/util/WeakHashMap expungeStaleEntries ()V 5 4 0 java/lang/ref/ReferenceQueue poll ()Ljava/lang/ref/Reference; 6 1 0 java/lang/ref/ReferenceQueue headIsNull ()Z 6 25 0 java/util/concurrent/locks/ReentrantLock unlock ()V 7 5 0 java/util/concurrent/locks/AbstractQueuedSynchronizer release (I)Z 8 2 0 java/util/concurrent/locks/ReentrantLock$Sync tryRelease (I)Z 9 1 0 java/util/concurrent/locks/AbstractQueuedSynchronizer getState ()I 9 8 0 java/util/concurrent/locks/AbstractOwnableSynchronizer getExclusiveOwnerThread ()Ljava/lang/Thread; 9 41 0 java/util/concurrent/locks/AbstractOwnableSynchronizer setExclusiveOwnerThread (Ljava/lang/Thread;)V 9 46 0 java/util/concurrent/locks/AbstractQueuedSynchronizer setState (I)V 8 12 0 java/util/concurrent/locks/AbstractQueuedSynchronizer signalNext (Ljava/util/concurrent/locks/AbstractQueuedSynchronizer$Node;)V 9 22 0 java/util/concurrent/locks/AbstractQueuedSynchronizer$Node getAndUnsetStatus (I)I 10 10 0 jdk/internal/misc/Unsafe getAndBitwiseAndInt (Ljava/lang/Object;JI)I 9 30 0 java/util/concurrent/locks/LockSupport unpark (Ljava/lang/Thread;)V 10 5 0 java/lang/Thread isVirtual ()Z 5 33 0 java/util/WeakHashMap indexFor (II)I 3 21 0 java/util/WeakHashMap indexFor (II)I 3 51 0 java/util/WeakHashMap matchesKey (Ljava/util/WeakHashMap$Entry;Ljava/lang/Object;)Z 4 2 0 java/lang/ref/Reference refersTo (Ljava/lang/Object;)Z 5 2 0 java/lang/ref/Reference refersToImpl (Ljava/lang/Object;)Z 2 19 0  @bci com/sun/javafx/css/StyleManager findMatchingStyles (Ljavafx/scene/Node;Ljavafx/scene/SubScene;[Ljava/util/Set;)Lcom/sun/javafx/css/StyleMap; 251 <appendix> argL0 ; apply (Ljava/lang/Object;)Ljava/lang/Object; 3 4 0 javafx/scene/layout/Region getUserAgentStylesheet ()Ljava/lang/String; 1 274 0 javafx/scene/Node getParent ()Ljavafx/scene/Parent; 2 15 0 javafx/beans/property/ObjectPropertyBase get ()Ljava/lang/Object; 1 339 0 java/util/ArrayList isEmpty ()Z 1 355 0 javafx/scene/Node getTypeSelector ()Ljava/lang/String; 2 6 0 java/lang/Class getPackage ()Ljava/lang/Package; 3 27 0 java/lang/ClassLoader definePackage (Ljava/lang/Class;)Ljava/lang/Package; 4 18 0 java/lang/Class getPackageName ()Ljava/lang/String; 5 40 0 java/lang/Class getName ()Ljava/lang/String; 5 47 0 java/lang/String lastIndexOf (I)I 6 3 0 java/lang/String length ()I 7 6 0 java/lang/String coder ()B 6 8 0 java/lang/String lastIndexOf (II)I 7 1 0 java/lang/String isLatin1 ()Z 7 13 0 java/lang/StringLatin1 lastIndexOf ([BII)I 8 1 0 java/lang/StringLatin1 canEncode (I)Z 5 62 0 java/lang/String substring (II)Ljava/lang/String; 6 1 0 java/lang/String length ()I 7 6 0 java/lang/String coder ()B 6 8 0 java/lang/String checkBoundsBeginEnd (III)V 7 6 0 jdk/internal/util/Preconditions checkFromToIndex (IIILjava/util/function/BiFunction;)I 6 28 0 java/lang/String isLatin1 ()Z 6 41 0 java/lang/StringLatin1 newString ([BII)Ljava/lang/String; 7 16 0 java/util/Arrays copyOfRange ([BII)[B 8 13 0 java/util/Arrays copyOfRangeByte ([BII)[B 9 2 0 java/util/Arrays checkLength (II)V 7 20 0 java/lang/String <init> ([BB)V 8 1 0 java/lang/Object <init> ()V 4 22 0 java/lang/Class getModule ()Ljava/lang/Module; 4 25 0 java/lang/ClassLoader definePackage (Ljava/lang/String;Ljava/lang/Module;)Ljava/lang/Package; 5 1 0 java/lang/String isEmpty ()Z 5 47 0 java/util/concurrent/ConcurrentHashMap get (Ljava/lang/Object;)Ljava/lang/Object; 6 1 0 java/lang/String hashCode ()I 7 17 0 java/lang/String isLatin1 ()Z 7 27 0 java/lang/StringLatin1 hashCode ([B)I 6 4 0 java/util/concurrent/ConcurrentHashMap spread (I)I 6 34 0 java/util/concurrent/ConcurrentHashMap tabAt ([Ljava/util/concurrent/ConcurrentHashMap$Node;I)Ljava/util/concurrent/ConcurrentHashMap$Node; 6 73 0 java/lang/String equals (Ljava/lang/Object;)Z 5 73 0 java/lang/invoke/Invokers$Holder linkToTargetMethod (Ljava/lang/Object;Ljava/lang/Object;Ljava/lang/Object;)Ljava/lang/Object; 6 6 0 java/lang/invoke/DirectMethodHandle$Holder newInvokeSpecial (Ljava/lang/Object;Ljava/lang/Object;Ljava/lang/Object;)Ljava/lang/Object; 7 1 0 java/lang/invoke/DirectMethodHandle allocateInstance (Ljava/lang/Object;)Ljava/lang/Object; 7 6 0 java/lang/invoke/DirectMethodHandle constructorMethod (Ljava/lang/Object;)Ljava/lang/Object; 7 19 0  @bci java/lang/ClassLoader definePackage (Ljava/lang/String;Ljava/lang/Module;)Ljava/lang/Package; 73 <appendix> member <vmtarget> ; <init> (Ljava/lang/ClassLoader;Ljava/lang/Module;)V 8 1 0 java/lang/Object <init> ()V 2 17 0 java/lang/Package getName ()Ljava/lang/String; 3 1 0 java/lang/NamedPackage packageName ()Ljava/lang/String; 2 20 0 java/lang/String length ()I 3 6 0 java/lang/String coder ()B 2 25 0 java/lang/Class getName ()Ljava/lang/String; 2 28 0 java/lang/String length ()I 3 6 0 java/lang/String coder ()B 2 54 0 java/lang/Class getName ()Ljava/lang/String; 2 59 0 java/lang/String substring (I)Ljava/lang/String; 3 3 0 java/lang/String length ()I 4 6 0 java/lang/String coder ()B 3 6 0 java/lang/String substring (II)Ljava/lang/String; 4 1 0 java/lang/String length ()I 5 6 0 java/lang/String coder ()B 4 8 0 java/lang/String checkBoundsBeginEnd (III)V 5 6 0 jdk/internal/util/Preconditions checkFromToIndex (IIILjava/util/function/BiFunction;)I 4 28 0 java/lang/String isLatin1 ()Z 4 41 0 java/lang/StringLatin1 newString ([BII)Ljava/lang/String; 5 16 0 java/util/Arrays copyOfRange ([BII)[B 6 13 0 java/util/Arrays copyOfRangeByte ([BII)[B 7 2 0 java/util/Arrays checkLength (II)V 5 20 0 java/lang/String <init> ([BB)V 6 1 0 java/lang/Object <init> ()V 1 361 0 javafx/scene/Node getId ()Ljava/lang/String; 2 15 0 javafx/beans/property/StringPropertyBase get ()Ljava/lang/Object; 3 1 0 javafx/beans/property/StringPropertyBase get ()Ljava/lang/String; 1 367 0 javafx/scene/Node getStyleClass ()Ljavafx/collections/ObservableList; 1 384 0 com/sun/javafx/css/StyleManager$Key <init> ()V 2 1 0 java/lang/Object <init> ()V 2 9 0 com/sun/javafx/css/StyleClassSet <init> ()V 3 1 0 com/sun/javafx/css/BitSet <init> ()V 4 1 0 java/util/AbstractSet <init> ()V 5 1 0 java/util/AbstractCollection <init> ()V 6 1 0 java/lang/Object <init> ()V 1 469 0 com/sun/javafx/css/StyleClassSet add (Ljava/lang/Object;)Z 1 518 0 com/sun/javafx/css/StyleClassSet clear ()V 1 773 0 java/util/ArrayList size ()I 1 1027 0 java/util/Collections$EmptyList isEmpty ()Z 1 1040 0 java/util/ArrayList size ()I
